protein_id,left_index,right_index,left_score,right_score,difficulty
DBP1,126,5333,-0.128975,0.051705,easy
DBP1,7826,260,-0.086605,0.047555,easy
DBP1,5696,7370,-0.21651,0.238605,easy
DBP1,6931,5901,0.367485,-0.207205,easy
DBP1,318,1988,-0.10319,0.11066499999999999,easy
DBP1,7245,876,-0.056235,0.22793999999999998,easy
DBP1,4181,6801,-0.007100000000000002,-0.23269,easy
DBP1,5753,1614,0.05242,-0.20266,easy
DBP1,4931,1179,-0.05661,0.08909,easy
DBP1,5384,5037,-0.14049999999999999,0.08664,easy
DBP1,889,1040,-0.037975,0.210335,easy
DBP1,1371,6740,0.031975,-0.11416,easy
DBP1,6690,6727,-0.15831,0.15814999999999999,easy
DBP1,7546,5191,0.08924499999999999,-0.062435,easy
DBP1,995,5582,0.16525499999999999,-0.051295,easy
DBP1,3408,6833,-0.11380499999999999,0.0937,easy
DBP1,1994,7212,0.0099,-0.201385,easy
DBP1,3194,7820,0.052239999999999995,-0.103325,easy
DBP1,6494,7621,0.145185,-0.046405,easy
DBP1,2253,4130,-0.10759,0.13951,easy
DBP1,3980,4077,-0.08047,0.07659,easy
DBP1,5577,5997,-0.107785,0.06834,easy
DBP1,686,6864,-0.108,0.060149999999999995,easy
DBP1,4986,8143,-0.05503,0.132,easy
DBP1,753,6910,0.100355,-0.056275000000000006,easy
DBP1,1298,1963,0.135655,-0.164445,easy
DBP1,1850,5262,-0.07623,0.10730999999999999,easy
DBP1,3997,742,0.057025,-0.12255,easy
DBP1,629,3354,0.11653000000000001,-0.043185,easy
DBP1,6122,2228,0.06636,-0.12343000000000001,easy
DBP1,3577,2276,0.04387,-0.18329,easy
DBP1,5834,1912,-0.14885500000000002,0.03416,easy
DBP1,4503,4284,0.114315,-0.13006,easy
DBP1,3532,6431,0.171965,-0.11938499999999999,easy
DBP1,4195,6500,0.07869999999999999,-0.109215,easy
DBP1,38,847,0.0912,-0.157775,easy
DBP1,1183,6116,0.237985,-0.09758,easy
DBP1,5104,2816,0.10617499999999999,-0.07555,easy
DBP1,7687,3171,0.07095499999999999,-0.090985,easy
DBP1,5529,3738,-0.10993,0.178145,easy
DBP1,6010,2835,-0.110745,0.13929999999999998,easy
DBP1,8167,295,0.10258500000000001,-0.097795,easy
DBP1,1712,6252,0.11005999999999999,-0.08859,easy
DBP1,6286,6436,0.133385,-0.15789,easy
DBP1,6028,8072,-0.074205,0.245025,easy
DBP1,2980,7702,0.024505,-0.12126499999999998,easy
DBP1,1172,4521,0.071265,-0.10622,easy
DBP1,4040,422,0.00686,-0.17089,easy
DBP1,6991,3641,-0.046955,0.11113999999999999,easy
DBP1,7606,1366,0.174295,-0.06903000000000001,easy
DBP1,3865,7299,0.06537,-0.11269,easy
DBP1,4589,8156,-0.11734,0.07517,easy
DBP1,5487,7968,0.07128999999999999,-0.082845,easy
DBP1,224,3758,0.06998,-0.09423999999999999,easy
DBP1,1007,1723,0.11602000000000001,-0.057905,easy
DBP1,3503,4272,-0.02461499999999999,0.25982,easy
DBP1,5424,1050,-0.148385,0.10045,easy
DBP1,4390,5960,0.069635,-0.118045,easy
DBP1,1210,1349,0.10005,-0.083425,easy
DBP1,5782,3309,-0.08885,0.07418,easy
DBP1,925,2753,0.373115,-0.24147,easy
DBP1,7270,7187,0.16791,-0.143845,easy
DBP1,3764,4056,-0.052575,0.099325,easy
DBP1,1893,5098,0.104365,-0.108595,easy
DBP1,6400,1267,0.082775,-0.09806999999999999,easy
DBP1,3783,2198,0.23462,-0.09706,easy
DBP1,569,5652,-0.09013499999999999,0.06985,easy
DBP1,2228,536,-0.12343000000000001,0.11316999999999999,easy
DBP1,881,974,-0.048644999999999994,0.12426499999999999,easy
DBP1,6289,5837,0.10908,-0.0654,easy
DBP1,7841,4802,0.102415,-0.094605,easy
DBP1,1925,1397,-0.070275,0.11906,easy
DBP1,7945,1628,0.06408,-0.0959,easy
DBP1,7141,6388,0.18656499999999998,-0.07407000000000001,easy
DBP1,3795,4783,0.15459,-0.06619,easy
DBP1,287,3894,-0.07183,0.108235,easy
DBP1,128,5156,-0.00689,-0.229385,easy
DBP1,1285,5265,0.06053,-0.075875,easy
DBP1,6787,3229,-0.09662499999999999,0.11569499999999999,easy
DBP1,1820,3378,-0.15279500000000001,0.09247,easy
DBP1,5540,6330,0.17513499999999999,-0.084505,easy
DBP1,4865,5801,-0.007709999999999995,-0.260055,easy
DBP1,5867,1755,-0.07153999999999999,0.15382,easy
DBP1,5754,1956,0.1182,-0.18473,easy
DBP1,2975,1520,0.186795,-0.029840000000000002,easy
DBP1,5595,1770,-0.06964,0.102675,easy
DBP1,5704,476,0.09462,-0.09143499999999999,easy
DBP1,76,7625,0.091415,-0.11832000000000001,easy
DBP1,7010,4272,-0.024525,0.25982,easy
DBP1,3588,6490,-0.11835999999999999,0.46279000000000003,easy
DBP1,275,7495,-0.04548,0.169425,easy
DBP1,2626,6719,0.05888,-0.13279,easy
DBP1,4141,7458,-0.1187,0.073075,easy
DBP1,4389,3455,0.089195,-0.086085,easy
DBP1,2304,3581,-0.06858500000000001,0.076855,easy
DBP1,2255,1296,-0.181855,0.034999999999999996,easy
DBP1,7026,3882,-0.140015,0.037610000000000005,easy
DBP1,7888,7382,0.13052999999999998,-0.05759,easy
DBP1,692,7816,0.04716,-0.097265,easy
DBP1,7633,2580,0.215605,-0.0655,easy
DBP1,3924,5338,0.09671500000000001,-0.110185,easy
DBP1,5878,2467,0.063375,-0.10060500000000001,easy
DBP1,136,7170,0.08480499999999999,-0.083665,easy
DBP1,203,6657,0.18024,-0.085715,easy
DBP1,1697,4098,0.06318,-0.13226500000000002,easy
DBP1,2511,2246,0.079175,-0.121845,easy
DBP1,3202,3644,0.122545,-0.08671,easy
DBP1,5855,5930,0.040355,-0.099935,easy
DBP1,4902,6312,-0.1386,0.105525,easy
DBP1,69,5859,0.03534,-0.135955,easy
DBP1,4186,4501,0.180395,-0.14101,easy
DBP1,2905,2488,0.03925,-0.09486,easy
DBP1,2782,5687,0.023450000000000002,-0.230375,easy
DBP1,7083,7514,-0.03814,0.119,easy
DBP1,1793,1733,0.18034,-0.030824999999999998,easy
DBP1,7231,3110,0.18047,-0.15188000000000001,easy
DBP1,7102,7864,-0.118385,0.200325,easy
DBP1,4023,1202,-0.149785,0.21567,easy
DBP1,5366,1176,-0.21449000000000001,0.092135,easy
DBP1,3656,268,-0.06842,0.163375,easy
DBP1,2032,1907,-0.08754,0.11385,easy
DBP1,7840,5551,0.20781,-0.066085,easy
DBP1,3375,2530,0.203155,-0.02525,easy
DBP1,248,3159,-0.07237,0.08236500000000001,easy
DBP1,4617,2964,-0.189945,0.044685,easy
DBP1,7133,7220,0.06445500000000001,-0.081645,easy
DBP1,6967,2900,-0.13683499999999998,0.157055,easy
DBP1,232,3530,-0.09153,0.289595,easy
DBP1,651,5721,-0.159655,0.081805,easy
DBP1,7003,3795,-0.11982,0.15459,easy
DBP1,469,6279,-0.04054,0.21592499999999998,easy
DBP1,6280,296,0.331465,-0.14332499999999998,easy
DBP1,3723,7756,-0.044884999999999994,0.141535,easy
DBP1,5107,3638,0.23485499999999998,-0.094245,easy
DBP1,4676,3723,0.18271500000000002,-0.044884999999999994,easy
DBP1,4479,5091,0.06531,-0.11638500000000002,easy
DBP1,2464,5653,-0.24889999999999998,-0.010255,easy
DBP1,655,7783,-0.206395,0.055425,easy
DBP1,788,4089,-0.14761,0.033845,easy
DBP1,1975,183,-0.104645,0.06083,easy
DBP1,7666,4759,0.09675,-0.075085,easy
DBP1,723,2918,0.04357,-0.092195,easy
DBP1,5583,6227,0.11041000000000001,-0.221415,easy
DBP1,1365,2879,-0.15759,0.036565,easy
DBP1,1039,1503,0.08652,-0.167145,easy
DBP1,2486,4740,-0.006865000000000003,-0.19572499999999998,easy
DBP1,5780,1945,0.042075,-0.092245,easy
DBP1,2832,558,0.124895,-0.153825,easy
DBP1,2537,2974,-0.05961,0.13211,easy
DBP1,4939,1450,-0.135085,0.018825,easy
DBP1,2056,733,-0.07522999999999999,0.29223,easy
DBP1,6188,1591,-0.186395,0.072375,easy
DBP1,4048,3389,-0.12196,0.0374,easy
DBP1,1736,2538,0.212735,-0.0277,easy
DBP1,3705,4055,-0.113675,0.13766,easy
DBP1,5238,4166,-0.195845,-0.0002500000000000002,easy
DBP1,7225,796,-0.09893,0.09103,easy
DBP1,2159,7198,0.10646,-0.046565,easy
DBP1,1200,4059,0.09523999999999999,-0.20294,easy
DBP1,7109,4138,0.18513000000000002,-0.10351,easy
DBP1,3967,7773,-0.12968,0.033735,easy
DBP1,7777,2358,0.04925,-0.19733,easy
DBP1,5769,7150,0.08088000000000001,-0.13967000000000002,easy
DBP1,1177,3164,0.069495,-0.098335,easy
DBP1,7893,320,0.18548,-0.06838,easy
DBP1,5366,15,-0.21449000000000001,0.061335,easy
DBP1,7460,6743,-0.048034999999999994,0.11008,easy
DBP1,826,934,0.041275,-0.114735,easy
DBP1,2643,3785,-0.04392,0.216175,easy
DBP1,1364,2474,-0.163105,0.018564999999999998,easy
DBP1,5486,1729,0.075165,-0.09428,easy
DBP1,3930,6859,0.048055,-0.15747,easy
DBP1,1859,2676,0.03444,-0.198785,easy
DBP1,5461,3752,-0.107905,0.140745,easy
DBP1,4809,978,-0.170025,0.005944999999999999,easy
DBP1,2140,1094,-0.18368,0.178215,easy
DBP1,7999,7112,-0.09863499999999999,0.046845,easy
DBP1,7633,989,0.215605,-0.05832,easy
DBP1,1553,5357,0.07615,-0.13431,easy
DBP1,2761,5366,0.08599,-0.21449000000000001,easy
DBP1,6039,3684,0.052395,-0.19474,easy
DBP1,7468,89,0.0373,-0.17082999999999998,easy
DBP1,8143,4824,0.132,-0.0722,easy
DBP1,6258,2720,-0.103915,0.05722,easy
DBP1,6630,1045,-0.030909999999999997,0.23884,easy
DBP1,1232,5034,-0.06656999999999999,0.186685,easy
DBP1,2860,2676,0.011770000000000001,-0.198785,easy
DBP1,1470,7312,-0.070345,0.092135,easy
DBP1,3792,6806,0.15125,-0.228145,easy
DBP1,548,145,0.032064999999999996,-0.13563,easy
DBP1,457,412,0.085615,-0.08874499999999999,easy
DBP1,1974,1036,-0.14227499999999998,0.18013,easy
DBP1,6553,814,0.016255000000000006,-0.131185,easy
DBP1,7694,628,0.043304999999999996,-0.184205,easy
DBP1,6108,2342,0.231545,-0.126745,easy
DBP1,2953,2468,0.08966500000000001,-0.064105,easy
DBP1,5704,4851,0.09462,-0.08982499999999999,easy
DBP1,5907,1634,0.106985,-0.04426,easy
DBP1,1402,4004,-0.119865,0.055349999999999996,easy
DBP1,7918,960,0.242015,-0.081735,easy
DBP1,6406,517,0.022955,-0.124885,easy
DBP1,6486,7949,-0.05927,0.08707,easy
DBP1,3299,7964,0.02828,-0.125295,easy
DBP1,6535,959,0.067635,-0.06927,easy
DBP1,907,5113,-0.1523,0.02107,easy
DBP1,4153,6079,0.120655,0.035785,medium
DBP1,2421,4534,0.092975,0.015085000000000001,medium
DBP1,3116,3971,-0.11105499999999999,0.01597,medium
DBP1,7068,2357,0.031009999999999996,-0.08963499999999999,medium
DBP1,5839,6280,-0.012114999999999999,0.331465,medium
DBP1,7704,780,-0.13838,-0.034155,medium
DBP1,4655,2877,-0.04285,0.08572,medium
DBP1,5169,7827,-0.030279999999999998,-0.11275,medium
DBP1,1906,2826,0.03204,0.142135,medium
DBP1,4968,3766,-0.020015000000000005,0.055195,medium
DBP1,1748,7689,0.070405,-0.047625,medium
DBP1,2518,1973,-0.082495,0.009915,medium
DBP1,6618,4284,0.014875,-0.13006,medium
DBP1,1376,3757,-0.10691,-0.027705,medium
DBP1,3800,6865,0.059765000000000006,-0.059800000000000006,medium
DBP1,4996,651,-0.02454,-0.159655,medium
DBP1,3669,3209,-0.024055,0.029295,medium
DBP1,3664,8157,-0.10205499999999999,-0.000619999999999999,medium
DBP1,1916,8129,-0.06032,-0.17074499999999998,medium
DBP1,7488,2132,0.117885,0.0017950000000000015,medium
DBP1,6771,7326,-0.051254999999999995,0.02163,medium
DBP1,3511,5400,-0.05144,0.075185,medium
DBP1,7621,2173,-0.046405,-0.10459,medium
DBP1,3652,1132,-0.074845,0.022415,medium
DBP1,3280,3774,0.04089,-0.017025,medium
DBP1,5176,3066,-0.059705,-0.004400000000000001,medium
DBP1,3540,4174,-0.06275499999999999,0.05187,medium
DBP1,5688,6028,-0.16213,-0.074205,medium
DBP1,6305,3633,-0.049835,0.037265,medium
DBP1,7903,6060,0.0069650000000000024,-0.055569999999999994,medium
DBP1,4385,7374,-0.07802,-0.023640000000000008,medium
DBP1,2877,6901,0.08572,-0.054365,medium
DBP1,1522,7854,-0.075895,0.019895,medium
DBP1,8047,4321,0.11484,0.001794999999999998,medium
DBP1,5952,2592,-0.29932000000000003,-0.080155,medium
DBP1,2628,1821,0.08711,0.021275,medium
DBP1,3196,751,0.017255,-0.04505,medium
DBP1,1349,3564,-0.083425,-0.0006549999999999993,medium
DBP1,2121,166,-0.007640000000000001,-0.07531,medium
DBP1,4589,2583,-0.11734,-0.023895,medium
DBP1,753,315,0.100355,-0.004095,medium
DBP1,5304,3914,-0.12522,-0.027870000000000002,medium
DBP1,6624,269,-0.064685,0.013840000000000002,medium
DBP1,5777,3572,-0.11556,-0.047354999999999994,medium
DBP1,4551,6079,-0.0756,0.035785,medium
DBP1,5359,5136,-0.18351,-0.07241,medium
DBP1,580,1312,-0.0463,0.013965,medium
DBP1,1968,4009,-0.095505,0.013419999999999994,medium
DBP1,2682,7549,-0.00045000000000000075,0.473255,medium
DBP1,2491,5692,-0.013045,-0.10085,medium
DBP1,3791,986,0.006865000000000001,-0.138675,medium
DBP1,6773,2400,-0.103025,-0.0023949999999999996,medium
DBP1,7869,3488,0.060435,-0.016015,medium
DBP1,3573,2373,0.004675,0.09059500000000001,medium
DBP1,5318,3792,-0.0058,0.15125,medium
DBP1,5864,7837,-0.09716,0.015434999999999999,medium
DBP1,4798,6371,-0.020485000000000003,0.06699999999999999,medium
DBP1,2595,3259,-0.019025,-0.098805,medium
DBP1,7522,7702,-0.0485,-0.12126499999999998,medium
DBP1,3516,579,-0.06603,0.05315,medium
DBP1,1455,3264,0.029380000000000003,-0.02551,medium
DBP1,584,3196,-0.12201999999999999,0.017255,medium
DBP1,6159,5335,-0.14282,-0.038145,medium
DBP1,6123,8111,-0.160065,-0.014759999999999999,medium
DBP1,1342,148,0.017675,-0.09354000000000001,medium
DBP1,3961,6304,-0.081535,0.011725000000000006,medium
DBP1,5201,1791,-0.17006,-0.026485000000000005,medium
DBP1,3846,5150,0.014905,-0.10531499999999999,medium
DBP1,2755,2126,0.01894,0.124495,medium
DBP1,219,858,-0.052065,0.0354,medium
DBP1,5591,1527,0.017939999999999998,-0.052515,medium
DBP1,7898,1943,0.024345,-0.038445,medium
DBP1,484,6399,0.05002,-0.06489,medium
DBP1,8061,2444,-0.03314,-0.18136000000000002,medium
DBP1,5282,1167,-0.1032,0.027975,medium
DBP1,924,7932,0.03493,-0.02721,medium
DBP1,3226,2711,0.00546,-0.128915,medium
DBP1,1637,8139,0.076595,-0.031125,medium
DBP1,2851,8124,0.05081,-0.06626,medium
DBP1,5363,2082,0.06495,-0.025465,medium
DBP1,6828,3180,-0.18174,-0.057055,medium
DBP1,3682,7912,-0.08484,0.03160500000000001,medium
DBP1,3338,2817,0.089105,-0.050555,medium
DBP1,5698,1584,-0.016365,0.08612,medium
DBP1,5419,5969,-0.143025,-0.03887,medium
DBP1,1597,1695,0.0038350000000000003,0.07172,medium
DBP1,1542,2199,0.06382,-0.01863,medium
DBP1,1546,7437,-0.175085,-0.044475,medium
DBP1,2691,5724,-0.046195,0.039055,medium
DBP1,3198,6714,0.098245,-0.02128,medium
DBP1,5116,3769,-0.064195,0.057365,medium
DBP1,3658,1324,-0.003519999999999999,-0.07864499999999999,medium
DBP1,3231,5768,0.13037,0.025835,medium
DBP1,272,2196,0.11321500000000001,-0.032965,medium
DBP1,1450,3660,0.018825,-0.074345,medium
DBP1,460,3804,-0.02793,0.10541500000000001,medium
DBP1,2825,5939,0.11585999999999999,-0.0071400000000000005,medium
DBP1,3019,5784,0.01506,-0.068355,medium
DBP1,4707,673,-0.109985,0.004675,medium
DBP1,7854,287,0.019895,-0.07183,medium
DBP1,7093,3364,0.04001,0.20848499999999998,medium
DBP1,1840,7143,0.108225,0.00476,medium
DBP1,911,333,-0.08093,0.020309999999999998,medium
DBP1,7926,7059,0.33664499999999997,0.0643,medium
DBP1,3271,1419,0.00023499999999999997,0.08506999999999999,medium
DBP1,4361,6100,0.012139999999999998,-0.11372499999999999,medium
DBP1,5068,7393,-0.042005,0.04846,medium
DBP1,5272,1317,-0.062205,0.04252,medium
DBP1,3344,1724,0.12131000000000002,-0.035620000000000006,medium
DBP1,4124,5662,0.1104,0.010239999999999999,medium
DBP1,4232,5116,0.004055,-0.064195,medium
DBP1,2907,1681,-0.121835,-0.01662,medium
DBP1,4697,2915,-0.066745,0.017285000000000002,medium
DBP1,1197,5257,0.056859999999999994,-0.053059999999999996,medium
DBP1,2138,2743,-0.038489999999999996,0.05051,medium
DBP1,3388,660,0.0218,0.16991,medium
DBP1,7308,7027,0.096695,-0.04253,medium
DBP1,2806,5678,0.023225000000000003,-0.075475,medium
DBP1,3298,1162,-0.004359999999999999,0.101245,medium
DBP1,7563,1645,0.016805,0.116225,medium
DBP1,6120,822,-0.164715,-0.05327,medium
DBP1,7759,2071,-0.091755,0.008050000000000002,medium
DBP1,7229,3177,-0.010735000000000001,0.094175,medium
DBP1,164,6406,-0.03862,0.022955,medium
DBP1,6676,3024,-0.085795,-0.012565,medium
DBP1,1591,7471,0.072375,0.010794999999999999,medium
DBP1,5347,6951,-0.0042250000000000065,-0.08324999999999999,medium
DBP1,4858,4221,-0.053309999999999996,0.05850999999999999,medium
DBP1,4407,7000,0.051304999999999996,-0.071375,medium
DBP1,3925,5621,0.097695,0.01258,medium
DBP1,5695,3614,0.03384,-0.043629999999999995,medium
DBP1,4285,8185,0.161505,-0.01207,medium
DBP1,2675,3440,-0.029255,0.042445,medium
DBP1,1378,3426,-0.02336,0.0945,medium
DBP1,4011,4641,-0.101665,0.019155000000000005,medium
DBP1,6179,1379,0.0010750000000000013,0.13472499999999998,medium
DBP1,7446,2071,0.07355,0.008050000000000002,medium
DBP1,3286,4331,-0.048405000000000004,0.07900499999999999,medium
DBP1,4931,1290,-0.05661,0.028520000000000004,medium
DBP1,2853,6274,0.039005,0.12753,medium
DBP1,1907,4018,0.11385,-0.0015450000000000012,medium
DBP1,6821,911,-0.0249,-0.08093,medium
DBP1,6028,3769,-0.074205,0.057365,medium
DBP1,2391,1995,-0.046535,0.014464999999999999,medium
DBP1,7612,3764,0.049710000000000004,-0.052575,medium
DBP1,399,5823,0.042025,-0.047205,medium
DBP1,1784,2752,-0.101165,-0.0049700000000000005,medium
DBP1,5133,1761,-0.005205000000000001,-0.08199000000000001,medium
DBP1,1822,4678,0.02782,-0.037469999999999996,medium
DBP1,7851,57,0.10652500000000001,-0.004990000000000001,medium
DBP1,3716,3794,-0.015805,0.064645,medium
DBP1,983,2624,-0.060450000000000004,0.058899999999999994,medium
DBP1,5412,626,-0.02994,-0.21983,medium
DBP1,2113,5432,-0.08129,-0.220995,medium
DBP1,200,5438,-0.150425,-0.05763,medium
DBP1,3098,1904,-0.016555,0.194405,medium
DBP1,3401,2120,-0.004369999999999999,-0.086595,medium
DBP1,4922,3563,-0.173095,-0.059789999999999996,medium
DBP1,3005,4830,0.08024,-0.02451,medium
DBP1,8049,994,0.12394,-0.02265,medium
DBP1,5998,1346,0.01622,-0.06351,medium
DBP1,3106,4390,-0.006375000000000002,0.069635,medium
DBP1,8096,8171,-0.013225,0.13731500000000002,medium
DBP1,754,7932,0.07846,-0.02721,medium
DBP1,7627,6487,0.140765,0.01415,medium
DBP1,1532,915,0.015795,-0.072015,medium
DBP1,7909,8010,-0.065265,0.04393999999999999,medium
DBP1,6965,5165,-0.0126,-0.123165,medium
DBP1,7835,4121,0.019370000000000002,0.32550999999999997,medium
DBP1,6253,7672,-0.056665,-0.0019899999999999987,medium
DBP1,7350,4416,-0.01969,-0.11325,medium
DBP1,3650,1642,-0.035754999999999995,0.09281500000000001,medium
DBP1,6838,3363,-0.07757,0.04127,medium
DBP1,7481,4111,0.098365,-0.028645,medium
DBP1,7080,304,-0.039655,0.042385000000000006,medium
DBP1,5396,2099,-0.14061,-0.052255,medium
DBP1,1743,2204,0.022189999999999998,-0.05574,medium
DBP1,6723,4166,-0.10463,-0.0002500000000000002,medium
DBP1,924,4428,0.03493,-0.067515,medium
DBP1,2130,3427,0.142595,0.050715,hard
DBP1,1968,825,-0.095505,-0.11072,hard
DBP1,8016,3963,-0.010995000000000001,-0.029164999999999996,hard
DBP1,343,7132,-0.0051649999999999995,-0.013985,hard
DBP1,4515,689,-0.04804,-0.040655,hard
DBP1,7324,3258,-0.07828,-0.026215,hard
DBP1,754,3924,0.07846,0.09671500000000001,hard
DBP1,7300,7875,0.058685,0.0379,hard
DBP1,4500,7139,-0.06563,-0.08913,hard
DBP1,4367,850,0.10955999999999999,0.058925000000000005,hard
DBP1,4697,3238,-0.066745,-0.04167,hard
DBP1,269,7867,0.013840000000000002,0.017984999999999994,hard
DBP1,7983,1177,0.021955000000000002,0.069495,hard
DBP1,2419,4009,0.040205,0.013419999999999994,hard
DBP1,4903,7444,-0.0017250000000000008,-0.035755,hard
DBP1,5365,463,-0.028700000000000003,-0.03964,hard
DBP1,7330,7,-0.008035,-0.05452,hard
DBP1,5341,663,-0.08598499999999999,-0.03851,hard
DBP1,7151,2086,-0.006929999999999999,-0.018099999999999998,hard
DBP1,3090,749,-0.023594999999999998,-0.0018450000000000029,hard
DBP1,2879,3266,0.036565,0.0056850000000000026,hard
DBP1,4730,5384,-0.08898,-0.14049999999999999,hard
DBP1,7028,4059,-0.18562499999999998,-0.20294,hard
DBP1,3248,614,-0.08424,-0.13170500000000002,hard
DBP1,7936,5698,-0.03243,-0.016365,hard
DBP1,2622,3299,0.085175,0.02828,hard
DBP1,969,4284,-0.07907,-0.13006,hard
DBP1,6735,7214,-0.08207500000000001,-0.16752,hard
DBP1,2934,2485,0.04159,-0.002545,hard
DBP1,2644,5865,0.018744999999999998,0.020775,hard
DBP1,317,695,-0.039935,-0.014605,hard
DBP1,2869,1725,0.026265,0.022574999999999998,hard
DBP1,5327,2380,-0.203615,-0.10235999999999999,hard
DBP1,1442,7814,-0.04197,-0.05749,hard
DBP1,6652,7845,-0.0036699999999999997,-0.019049999999999997,hard
DBP1,4766,6618,0.0009499999999999995,0.014875,hard
DBP1,531,7303,-0.02213,-0.05863,hard
DBP1,5503,7556,0.04474,0.07278499999999999,hard
DBP1,2825,1672,0.11585999999999999,0.04515,hard
DBP1,8075,440,0.15650999999999998,0.0804,hard
DBP1,7888,913,0.13052999999999998,0.055425,hard
DBP1,5948,4965,-0.105655,-0.17177,hard
DBP1,3660,2499,-0.074345,-0.10051,hard
DBP1,3943,954,-0.10615,-0.05899,hard
DBP1,1665,4165,0.10317000000000001,0.08315,hard
DBP1,8041,4328,-0.016225,-0.039695,hard
DBP1,2331,39,-0.087875,-0.18581999999999999,hard
DBP1,1143,4535,0.15537,0.05778,hard
DBP1,3998,1206,0.060450000000000004,0.068865,hard
DBP1,5649,8087,0.12736,0.088495,hard
DBP1,6459,149,-0.09297,-0.190365,hard
DBP1,1452,3154,-0.059625,-0.041235,hard
DBP1,397,4837,-0.067285,-0.025295,hard
DBP1,5807,5271,-0.06951,-0.130425,hard
DBP1,6757,462,-0.0018599999999999988,-0.018319999999999996,hard
DBP1,7180,5959,0.02412,-0.012685,hard
DBP1,3880,3523,0.07622,0.129305,hard
DBP1,7809,5359,-0.10019499999999999,-0.18351,hard
DBP1,256,7562,0.021115000000000002,-6.0000000000001025e-05,hard
DBP1,5642,5294,-0.084145,-0.04961,hard
DBP1,1801,6451,-0.12761,-0.11576,hard
DBP1,7989,6369,0.01809,0.062585,hard
DBP1,1405,3233,-0.010454999999999999,-0.007730000000000001,hard
DBP1,2570,5068,-0.035405,-0.042005,hard
DBP1,4796,6932,-0.08637,-0.089715,hard
DBP1,4478,2573,0.033545,0.026025,hard
DBP1,7884,1545,0.065065,0.10386,hard
DBP1,676,954,-0.015519999999999999,-0.05899,hard
DBP1,5521,5175,-0.10890999999999999,-0.131685,hard
DBP1,3413,3168,-0.05534,-0.069995,hard
DBP1,5784,2582,-0.068355,-0.023559999999999998,hard
DBP1,7880,2448,-5.500000000000123e-05,0.00544,hard
DBP1,7670,4089,0.008355,0.033845,hard
DBP1,4923,2867,0.030195000000000003,0.07559,hard
DBP1,2146,2871,0.027534999999999997,0.03812,hard
DBP1,4762,3444,-0.045645000000000005,-0.0019850000000000007,hard
DBP1,1139,2281,0.03312,-0.008039999999999999,hard
DBP1,6380,4095,0.07859000000000001,0.04075,hard
DBP1,1363,5244,-0.17278,-0.13052,hard
DBP1,8058,2422,-0.132525,-0.106655,hard
DBP1,3345,2936,0.08369499999999999,0.135965,hard
DBP1,4701,4597,-0.09184,-0.12623499999999999,hard
DBP1,7286,4255,0.16074,0.07365000000000001,hard
DBP1,4122,7225,-0.05964,-0.09893,hard
DBP1,1927,7271,-0.18340499999999998,-0.18564999999999998,hard
DBP1,5363,3545,0.06495,0.120395,hard
DBP1,3624,3344,0.05209,0.12131000000000002,hard
DBP1,4763,4984,-0.120915,-0.11568500000000001,hard
DBP1,7293,1753,0.039279999999999995,0.09504,hard
DBP1,1735,1078,0.16777,0.089845,hard
DBP1,3538,6327,0.03648,0.013075,hard
DBP1,7321,4622,-0.058335,-0.0851,hard
DBP1,2304,6578,-0.06858500000000001,-0.05906,hard
DBP1,5928,6851,-0.134795,-0.11927,hard
DBP1,4084,1823,0.103165,0.04163,hard
DBP1,2112,7963,-0.027665000000000002,-0.056805,hard
DBP1,456,1635,0.034530000000000005,0.09753500000000001,hard
DBP1,3729,183,0.127555,0.06083,hard
DBP1,7079,6367,-0.11285,-0.10387,hard
DBP1,7716,7619,-0.030254999999999997,-0.010455000000000002,hard
DBP1,2338,7853,-0.00862,-0.013000000000000001,hard
DBP1,988,6525,-0.062965,-0.013370000000000002,hard
DBP1,5839,1330,-0.012114999999999999,-0.028995,hard
DBP1,4990,3093,-0.03353,-0.016184999999999998,hard
DBP1,1112,3047,-0.056244999999999996,-0.00979,hard
DBP1,4702,6822,-0.057495000000000004,-0.04845,hard
DBP1,1315,7336,0.045195,0.08546,hard
DBP1,279,1664,0.06137000000000001,0.04676,hard
DBP1,124,6813,-0.056580000000000005,-0.027855,hard
DBP1,4820,4560,-0.003715000000000003,-0.009349999999999999,hard
DBP1,467,5083,-0.082495,-0.07881,hard
DBP1,3694,3692,-0.089465,-0.06117,hard
DBP1,263,2657,-0.09823,-0.05134,hard
DBP1,4968,2321,-0.020015000000000005,-0.06347,hard
DBP1,6135,4288,0.113295,0.08284,hard
DBP1,3046,2696,-0.007154999999999998,-0.017615,hard
DBP1,6110,1734,0.038185,0.011055,hard
DBP1,3038,1371,0.02393,0.031975,hard
DBP1,3143,5265,-0.036425,-0.075875,hard
DBP1,6525,7876,-0.013370000000000002,-0.013999999999999999,hard
DBP1,5559,7748,0.11266000000000001,0.13484,hard
DBP1,5140,5842,0.12023500000000001,0.12562,hard
DBP1,2295,3301,-0.038724999999999996,-0.01184,hard
DBP1,3544,7300,0.004035,0.058685,hard
DBP1,2226,2109,-0.05233,-0.073615,hard
DBP1,3568,190,-0.1953,-0.097975,hard
DBP1,4224,4871,0.012215,0.047255,hard
DBP1,6942,2716,-0.05766,-0.08041000000000001,hard
DBP3,7678,4268,-0.116475,0.34238,easy
DBP3,1024,257,0.0030150000000000003,-0.161785,easy
DBP3,4337,195,0.020685,-0.13803500000000002,easy
DBP3,2939,6867,-0.169535,0.080935,easy
DBP3,2834,8077,-0.06743,0.25073,easy
DBP3,5437,7439,0.435775,-0.079665,easy
DBP3,3269,1467,0.384555,-0.155935,easy
DBP3,7219,933,-0.12260499999999999,0.023545,easy
DBP3,1103,6845,0.147125,-0.12532000000000001,easy
DBP3,6468,2514,0.21457500000000002,-0.045495,easy
DBP3,2426,4941,-0.07227,0.136305,easy
DBP3,3930,3089,0.113645,-0.10791999999999999,easy
DBP3,1627,3641,0.202565,-0.0816,easy
DBP3,4227,2542,0.03503,-0.10944000000000001,easy
DBP3,3766,2512,-0.036855,0.239215,easy
DBP3,7065,4178,0.19573000000000002,-0.0562,easy
DBP3,3316,2651,0.0028399999999999996,-0.23972,easy
DBP3,1658,6248,-0.07739499999999999,0.090445,easy
DBP3,7552,1389,0.43994,-0.034215,easy
DBP3,5889,7236,0.08493500000000001,-0.0786,easy
DBP3,1548,3105,0.07124,-0.08725,easy
DBP3,4685,7012,-0.12038499999999999,0.31927,easy
DBP3,143,1067,-0.11812999999999999,0.195165,easy
DBP3,5747,2297,-0.09812,0.31916,easy
DBP3,6402,242,0.08986,-0.20026,easy
DBP3,1086,2151,0.03133,-0.119175,easy
DBP3,2807,3767,-0.115535,0.041925000000000004,easy
DBP3,3966,7309,-0.1752,0.013775,easy
DBP3,5516,2349,0.0046599999999999975,-0.210955,easy
DBP3,460,6250,0.02744,-0.158695,easy
DBP3,3140,4485,-0.05889,0.15287499999999998,easy
DBP3,6445,3133,-0.06376,0.28288,easy
DBP3,4271,233,0.35936,-0.143155,easy
DBP3,3920,767,0.019969999999999998,-0.115975,easy
DBP3,2927,7185,0.09925,-0.24616,easy
DBP3,6580,5574,-0.055735,0.179325,easy
DBP3,3423,3795,-0.10807,0.21330500000000002,easy
DBP3,6159,739,-0.09756000000000001,0.052745,easy
DBP3,7759,840,-0.15303499999999998,0.03467,easy
DBP3,5897,4785,-0.045105000000000006,0.23770000000000002,easy
DBP3,7129,521,-0.263035,0.24136999999999997,easy
DBP3,3626,7143,-0.06962,0.27096,easy
DBP3,5074,5632,-0.10368,0.1794,easy
DBP3,1528,5654,0.10584500000000001,-0.08582,easy
DBP3,4370,4542,0.037755,-0.15979,easy
DBP3,2187,7546,-0.10479,0.131725,easy
DBP3,1564,5340,-0.01815,-0.2008,easy
DBP3,3772,6586,-0.06311,0.123425,easy
DBP3,2634,5566,0.47992500000000005,-0.032619999999999996,easy
DBP3,4672,4136,-0.14654499999999998,0.075045,easy
DBP3,190,1988,-0.18119000000000002,0.01835,easy
DBP3,6236,5392,0.258475,-0.212095,easy
DBP3,5373,1084,-0.14668,0.134845,easy
DBP3,3945,3506,0.05935,-0.082535,easy
DBP3,6105,4225,-0.11458499999999999,0.15982000000000002,easy
DBP3,4487,5999,-0.08815999999999999,0.44706999999999997,easy
DBP3,3174,2610,0.053515,-0.08485999999999999,easy
DBP3,4099,3371,-0.11493,0.06781,easy
DBP3,6248,3275,0.090445,-0.094315,easy
DBP3,4535,6845,0.038315,-0.12532000000000001,easy
DBP3,5446,7570,-0.132705,0.19971499999999998,easy
DBP3,4081,1141,-0.11209,0.035050000000000005,easy
DBP3,1316,6707,0.0729,-0.09347,easy
DBP3,8141,673,-0.191275,0.065135,easy
DBP3,3427,3905,-0.104625,0.088835,easy
DBP3,860,1764,-0.135615,0.034225000000000005,easy
DBP3,76,8055,-0.090835,0.25605500000000003,easy
DBP3,5579,8040,-0.16408499999999998,0.070845,easy
DBP3,6841,1800,-0.11721000000000001,0.018404999999999998,easy
DBP3,2490,3957,-0.08524000000000001,0.14606,easy
DBP3,7924,641,0.20956999999999998,-0.07614,easy
DBP3,4225,5587,0.15982000000000002,-0.08945499999999999,easy
DBP3,5414,6021,0.013090000000000001,-0.14528,easy
DBP3,6247,2681,-0.16620000000000001,0.20895,easy
DBP3,594,1743,-0.136155,0.005684999999999999,easy
DBP3,4884,6746,-0.170475,0.03119,easy
DBP3,2073,553,0.15148,-0.088305,easy
DBP3,4157,2449,-0.0010800000000000002,-0.16383999999999999,easy
DBP3,442,4819,-0.12401,0.23713499999999998,easy
DBP3,5519,3112,-0.12118500000000001,0.03856,easy
DBP3,3980,5970,0.04648000000000001,-0.09633,easy
DBP3,6383,6854,0.04456,-0.13562000000000002,easy
DBP3,7626,8085,-0.15392,0.069075,easy
DBP3,7210,1914,-0.187425,0.09072,easy
DBP3,6408,7922,-0.09981999999999999,0.208785,easy
DBP3,7083,2265,-0.01002,-0.17394500000000002,easy
DBP3,5022,2085,-0.08961,0.08617,easy
DBP3,44,55,0.024235,-0.15132,easy
DBP3,6066,1890,-0.167535,0.121765,easy
DBP3,6575,7109,-0.1296,0.2544,easy
DBP3,7284,6479,-0.045149999999999996,0.22747,easy
DBP3,1030,563,0.119465,-0.18016,easy
DBP3,5630,3172,-0.15648499999999999,-0.005124999999999999,easy
DBP3,8006,6780,0.107105,-0.12696,easy
DBP3,1736,7185,0.307205,-0.24616,easy
DBP3,1065,3044,0.22033999999999998,-0.11265,easy
DBP3,3553,5391,-0.097055,0.05326,easy
DBP3,2506,5612,0.09626,-0.188285,easy
DBP3,4148,6487,0.004110000000000001,-0.17167,easy
DBP3,48,4377,-0.08976999999999999,0.0699,easy
DBP3,7662,6349,0.18517,-0.06847500000000001,easy
DBP3,2941,354,-0.022175,-0.25487,easy
DBP3,7618,3847,-0.07804,0.121525,easy
DBP3,4359,2286,0.11757000000000001,-0.093,easy
DBP3,2088,7414,-0.121485,0.097325,easy
DBP3,1077,409,0.13213,-0.08168500000000001,easy
DBP3,6688,7633,-0.055805,0.336055,easy
DBP3,248,4615,-0.203155,0.151625,easy
DBP3,6304,2209,0.09385500000000001,-0.191185,easy
DBP3,8055,7032,0.25605500000000003,-0.095155,easy
DBP3,1904,5930,0.281065,-0.094975,easy
DBP3,5660,1036,-0.054615,0.248425,easy
DBP3,3872,2241,0.185965,-0.08033,easy
DBP3,6809,1150,-0.0867,0.15494000000000002,easy
DBP3,4740,5048,-0.18689,0.023184999999999997,easy
DBP3,6823,5329,-0.25782,0.054625,easy
DBP3,141,1196,-0.092875,0.06575,easy
DBP3,1451,7894,0.055095000000000005,-0.10491500000000001,easy
DBP3,3137,7227,0.04311,-0.09132,easy
DBP3,4260,2762,-0.117385,0.121225,easy
DBP3,7427,3076,-0.188015,-0.011515000000000001,easy
DBP3,5827,6129,-0.10586999999999999,0.09547,easy
DBP3,2433,2885,-0.216105,-0.005214999999999997,easy
DBP3,4221,5663,0.05976,-0.08144499999999999,easy
DBP3,4631,5237,0.108655,-0.08671999999999999,easy
DBP3,715,1214,-0.163115,0.327425,easy
DBP3,3103,1914,-0.061649999999999996,0.09072,easy
DBP3,7796,5653,-0.17032,-0.00614,easy
DBP3,4376,6010,0.12613,-0.08069,easy
DBP3,2881,5099,-0.140825,0.016535,easy
DBP3,1605,7184,-0.01029,-0.221335,easy
DBP3,6694,516,-0.012955000000000001,-0.17605500000000002,easy
DBP3,4313,5405,-0.11196,0.033745,easy
DBP3,237,7258,0.293255,-0.077985,easy
DBP3,4285,5097,0.014735000000000002,-0.17960500000000001,easy
DBP3,1684,5820,0.06509,-0.09179999999999999,easy
DBP3,4740,1251,-0.18689,0.022555000000000002,easy
DBP3,156,1903,-0.148285,0.17942,easy
DBP3,1966,1343,-0.125835,0.143795,easy
DBP3,4592,5455,0.015755,-0.16558,easy
DBP3,7646,1069,-0.060384999999999994,0.190315,easy
DBP3,450,5525,-0.01542,-0.1759,easy
DBP3,2733,2217,0.020184999999999998,-0.16843999999999998,easy
DBP3,259,6490,-0.080315,0.471505,easy
DBP3,1277,3485,0.09604499999999999,-0.093105,easy
DBP3,5404,502,0.109405,-0.136025,easy
DBP3,7531,5246,0.20722000000000002,-0.18121,easy
DBP3,5426,1023,-0.155955,0.069155,easy
DBP3,7976,4440,-0.123895,0.071645,easy
DBP3,4440,7878,0.071645,-0.07654,easy
DBP3,5881,7520,-0.23934,-0.007100000000000002,easy
DBP3,7919,5227,0.29301499999999997,-0.059419999999999994,easy
DBP3,932,6490,-0.0645,0.471505,easy
DBP3,2,3309,-0.11623,0.035425,easy
DBP3,3393,3021,-0.14645999999999998,0.06351,easy
DBP3,6867,4980,0.080935,-0.065685,easy
DBP3,5200,1497,0.08916,-0.09609,easy
DBP3,3564,1891,-0.10543,0.28829,easy
DBP3,3539,4816,0.07063,-0.14887499999999998,easy
DBP3,5122,4708,0.08413000000000001,-0.23397,easy
DBP3,1665,6124,0.0758,-0.09669,easy
DBP3,2888,5822,0.04004,-0.192525,easy
DBP3,1854,4598,0.327005,-0.17278,easy
DBP3,3377,5018,0.164515,-0.127505,easy
DBP3,1421,2143,0.124695,-0.04995,easy
DBP3,1265,1021,-0.100175,0.05645,easy
DBP3,8078,4610,0.28056000000000003,-0.04421,easy
DBP3,4965,7887,-0.08198,0.12716,easy
DBP3,3095,6704,-0.15738,0.019985000000000003,easy
DBP3,5380,3842,-0.19266,0.164575,easy
DBP3,3215,2980,0.05667,-0.13409,easy
DBP3,2646,193,0.18379,-0.05416,easy
DBP3,2686,424,0.457415,-0.168975,easy
DBP3,1822,7695,0.03734,-0.150825,easy
DBP3,7250,1792,-0.130145,0.02594,easy
DBP3,3098,7981,-0.14557,0.24585,easy
DBP3,1966,3927,-0.125835,0.090575,easy
DBP3,5311,6398,-0.113205,0.02039,easy
DBP3,1031,2786,0.120415,-0.12047,easy
DBP3,7998,2345,-0.11529,0.099055,easy
DBP3,7257,5063,-0.20852,0.11016000000000001,easy
DBP3,7009,1162,-0.21384,0.106305,easy
DBP3,3193,4100,-0.119295,0.08097,easy
DBP3,2447,2043,0.0348,-0.098435,easy
DBP3,6089,7381,0.11499499999999999,-0.07980000000000001,easy
DBP3,4373,7176,-0.010074999999999999,-0.184895,easy
DBP3,3743,3034,0.10105499999999999,-0.18849500000000002,easy
DBP3,4806,3136,-0.133505,0.172855,easy
DBP3,4322,5500,-0.050095,0.13213,easy
DBP3,441,5947,0.078655,-0.068465,easy
DBP3,4583,2288,0.021525000000000002,-0.11306,easy
DBP3,50,7578,0.10305,-0.06462,easy
DBP3,5971,49,0.071205,-0.09638,easy
DBP3,303,6763,-0.104455,0.062855,easy
DBP3,5498,3377,-0.10449,0.164515,easy
DBP3,4860,6713,0.08308499999999999,-0.06847,easy
DBP3,3551,1675,-0.08592999999999999,0.15504,easy
DBP3,1841,5404,-0.12178,0.109405,easy
DBP3,4989,3821,-0.09131,0.18257,easy
DBP3,1660,7750,-0.01194,-0.172335,easy
DBP3,3988,3762,-0.034595,0.26782,easy
DBP3,3290,3732,-0.20651,0.0010500000000000023,easy
DBP3,4272,3765,0.30996,-0.06167,easy
DBP3,5330,6121,-0.056709999999999997,0.20489000000000002,easy
DBP3,998,795,-0.065745,0.1417,easy
DBP3,7105,4294,-0.069905,-0.18422,medium
DBP3,3631,4957,-0.04891,0.05975,medium
DBP3,1136,6692,-0.00598,-0.147175,medium
DBP3,2385,5516,-0.111765,0.0046599999999999975,medium
DBP3,6186,6791,-0.0057799999999999995,-0.101275,medium
DBP3,1238,3983,-0.101025,-0.006445000000000003,medium
DBP3,2709,5157,-0.16372,-0.04564,medium
DBP3,215,6954,-0.06216000000000001,0.0031899999999999997,medium
DBP3,1609,4345,0.075265,-0.040955000000000005,medium
DBP3,2548,5199,0.19838,-0.003745,medium
DBP3,3386,4596,0.001405,0.10384499999999999,medium
DBP3,4064,3363,-0.119685,-0.044535000000000005,medium
DBP3,5778,3076,-0.08893999999999999,-0.011515000000000001,medium
DBP3,7044,1272,-0.10969000000000001,-0.00434,medium
DBP3,5842,137,0.26153000000000004,-0.024515,medium
DBP3,7915,5270,0.043109999999999996,-0.017225,medium
DBP3,7473,4769,-0.008570000000000001,-0.11932000000000001,medium
DBP3,5351,6338,-0.06128,0.024825,medium
DBP3,6399,2800,-0.161185,-0.051680000000000004,medium
DBP3,734,5800,0.203235,0.04121,medium
DBP3,4972,2343,-0.037955,-0.09875999999999999,medium
DBP3,4457,2667,-0.049215,0.004979999999999998,medium
DBP3,7619,7373,0.012920000000000001,-0.093385,medium
DBP3,7228,6031,0.005650000000000002,0.08387,medium
DBP3,5346,2114,0.11638499999999999,-0.02979,medium
DBP3,4725,7442,-0.047630000000000006,0.022035,medium
DBP3,7114,3433,-0.02408,0.07837,medium
DBP3,1243,7888,-0.04807,0.118365,medium
DBP3,5545,7788,-0.09332,-0.036295,medium
DBP3,5659,7629,-0.002775000000000003,0.08364,medium
DBP3,1274,286,0.096755,-0.051255,medium
DBP3,7082,1806,-0.07146,0.025845,medium
DBP3,6503,1473,-0.15273,-0.062450000000000006,medium
DBP3,7560,2141,0.007234999999999998,-0.097195,medium
DBP3,7526,413,-0.086615,0.0007949999999999997,medium
DBP3,6088,518,-0.094235,0.020975,medium
DBP3,3641,4593,-0.0816,-0.00488,medium
DBP3,3925,1363,0.073975,-0.03567,medium
DBP3,807,99,-0.00862,-0.114585,medium
DBP3,488,5259,0.140545,0.019715,medium
DBP3,3042,6990,0.021695000000000002,-0.08631,medium
DBP3,3472,6919,-0.04504,0.0411,medium
DBP3,1433,370,-0.01472,-0.07805000000000001,medium
DBP3,3133,3455,0.28288,0.0005850000000000005,medium
DBP3,7484,4435,0.020915,-0.09774,medium
DBP3,2642,7451,0.02595,-0.06949,medium
DBP3,4545,7203,0.078535,-0.06292,medium
DBP3,5566,4258,-0.032619999999999996,0.021095,medium
DBP3,5039,2789,-0.024919999999999998,0.037989999999999996,medium
DBP3,3236,1296,-0.07270499999999999,-0.01621,medium
DBP3,1445,3304,0.030850000000000002,-0.026320000000000003,medium
DBP3,4874,2931,0.09035499999999999,-0.009229999999999999,medium
DBP3,407,3820,0.026715,0.239895,medium
DBP3,3664,4797,-0.04933,0.04016,medium
DBP3,7364,2635,0.212065,-0.030039999999999997,medium
DBP3,3927,6161,0.090575,-0.034975,medium
DBP3,1926,4524,-0.030690000000000002,0.07432,medium
DBP3,4166,7197,-0.04217,-0.11216999999999999,medium
DBP3,7410,5188,0.058735,-0.073615,medium
DBP3,4577,275,-0.040255,-0.094835,medium
DBP3,3290,8137,-0.20651,-0.074465,medium
DBP3,6507,2342,-0.049190000000000005,-0.102925,medium
DBP3,2988,1287,-0.04711,0.004285,medium
DBP3,3602,192,-0.0020599999999999993,-0.062515,medium
DBP3,5660,5285,-0.054615,-0.22096,medium
DBP3,1807,107,0.052155,-0.056955,medium
DBP3,1566,8065,-0.0572,0.03974,medium
DBP3,6809,7970,-0.0867,0.04406,medium
DBP3,8190,5180,-0.028245,-0.114175,medium
DBP3,1534,6835,-0.095575,-0.24019,medium
DBP3,7857,911,-0.04614,-0.10354000000000001,medium
DBP3,1317,5224,-0.025785,-0.120425,medium
DBP3,8179,7284,-0.168205,-0.045149999999999996,medium
DBP3,3058,1324,-0.102405,-0.034885000000000006,medium
DBP3,5198,3322,0.10317499999999999,-0.01415,medium
DBP3,3176,2074,-0.042545,0.015205,medium
DBP3,6526,5143,-0.1382,-0.0576,medium
DBP3,6607,7231,-0.012275000000000001,0.33914,medium
DBP3,5681,2891,-0.042185,-0.151505,medium
DBP3,5304,6149,-0.13352,-0.040625,medium
DBP3,6112,7642,-0.040400000000000005,-0.221845,medium
DBP3,870,2790,-0.081775,-0.031310000000000004,medium
DBP3,3787,4664,0.236255,0.021245,medium
DBP3,298,7952,-0.05633,-0.004570000000000001,medium
DBP3,548,8,-0.07242,-0.011514999999999997,medium
DBP3,356,6017,-0.09994,0.025025,medium
DBP3,2982,2383,-0.01924,-0.145535,medium
DBP3,1592,1492,0.07177,-0.06256,medium
DBP3,6025,5914,-0.14405,-0.021740000000000002,medium
DBP3,6609,3235,-0.29374,-0.08071,medium
DBP3,3445,2846,0.052765000000000006,-0.046939999999999996,medium
DBP3,3217,6182,0.07186500000000001,-0.045184999999999996,medium
DBP3,6300,7896,0.13952,0.01751,medium
DBP3,8076,2967,0.21689999999999998,0.029954999999999996,medium
DBP3,6067,7197,-0.030585,-0.11216999999999999,medium
DBP3,4098,3005,-0.016325000000000003,0.15219,medium
DBP3,985,2777,-0.020274999999999998,-0.111885,medium
DBP3,3990,4120,-0.06041,0.008890000000000002,medium
DBP3,7977,2398,-0.087145,-0.0009849999999999998,medium
DBP3,4691,831,0.0018849999999999978,-0.10729,medium
DBP3,6272,3120,0.22879500000000003,0.022495,medium
DBP3,1022,7434,0.01063,0.179445,medium
DBP3,3587,2348,-0.079295,-0.018070000000000003,medium
DBP3,1781,8037,0.09072000000000001,-0.032635000000000004,medium
DBP3,5466,375,0.01526,-0.06321,medium
DBP3,5905,6583,-0.054675,0.081425,medium
DBP3,2086,6791,-0.048600000000000004,-0.101275,medium
DBP3,4077,5245,0.07594500000000001,-0.06694,medium
DBP3,1236,1213,-0.02396,0.211535,medium
DBP3,495,5008,-0.06234,-0.18717499999999998,medium
DBP3,6694,6693,-0.012955000000000001,-0.10455,medium
DBP3,5436,5039,-0.08438000000000001,-0.024919999999999998,medium
DBP3,4986,3708,0.07406,-0.011045,medium
DBP3,2202,5111,-0.04253,-0.14481,medium
DBP3,7565,6356,-0.02348,-0.12483999999999999,medium
DBP3,6222,3194,-0.041545,0.07058500000000001,medium
DBP3,6100,4079,-0.006335,-0.143255,medium
DBP3,5720,7180,-0.008390000000000002,-0.117565,medium
DBP3,2817,7698,-0.10751,-0.03426,medium
DBP3,7798,6967,-0.07171999999999999,-0.139125,medium
DBP3,4503,5823,0.045774999999999996,-0.054345,medium
DBP3,1885,4021,-0.042435,0.04526,medium
DBP3,1773,6767,0.085375,-0.053565,medium
DBP3,4570,8008,0.012484999999999998,-0.07259,medium
DBP3,1415,2033,-0.04838,0.0019699999999999995,medium
DBP3,414,2572,-0.023855,-0.088005,medium
DBP3,6599,2345,-0.053695,0.099055,medium
DBP3,4210,6580,0.016305,-0.055735,medium
DBP3,3601,4057,0.0031850000000000003,-0.08924,medium
DBP3,2996,676,-0.124905,-0.00913,medium
DBP3,1597,4620,-0.042120000000000005,0.141575,medium
DBP3,2679,1172,-0.06161,0.051885,medium
DBP3,6841,943,-0.11721000000000001,-0.0068049999999999986,medium
DBP3,1815,1096,0.029625000000000002,0.240095,medium
DBP3,3895,3487,0.01797,-0.08195,medium
DBP3,2646,3188,0.18379,-0.016104999999999998,medium
DBP3,8128,2532,-0.08907499999999999,-0.0011549999999999998,medium
DBP3,5509,4773,-0.05445,-0.17084,medium
DBP3,4449,6511,-0.111175,-0.01533,medium
DBP3,7172,4175,-0.042395,0.047445,medium
DBP3,7372,2242,-0.15415,-0.068875,medium
DBP3,2337,1155,0.0008150000000000001,0.157835,medium
DBP3,4681,1692,-0.05657,-0.13056,medium
DBP3,4681,4987,-0.05657,-0.0002249999999999995,medium
DBP3,5869,4584,-0.04328,0.065755,medium
DBP3,8025,6373,-0.016524999999999998,0.159165,medium
DBP3,2292,1269,0.05467,-0.007785,medium
DBP3,6641,3886,-0.049835,0.09951499999999999,medium
DBP3,2788,2785,-0.05173,0.02393,medium
DBP3,7884,4648,0.01098,-0.104525,medium
DBP3,5502,1157,-0.100705,-0.023784999999999997,medium
DBP3,439,7826,-0.007364999999999999,-0.06942000000000001,medium
DBP3,5075,4142,0.151945,0.008785,medium
DBP3,4737,6471,-0.07003,0.05898,medium
DBP3,5026,7607,-0.039830000000000004,0.063495,medium
DBP3,7179,5610,-0.05068,0.033115,medium
DBP3,7981,4947,0.24585,0.04537,medium
DBP3,3989,5775,-0.03336,0.128025,medium
DBP3,5644,5239,-0.15950999999999999,-0.076655,medium
DBP3,6199,5552,-0.041125,-0.123395,medium
DBP3,3895,6915,0.01797,0.18558,medium
DBP3,2201,7747,0.16113,0.019249999999999996,medium
DBP3,1482,1056,0.048725,0.260235,medium
DBP3,2208,259,-0.028250000000000004,-0.080315,medium
DBP3,3747,6140,0.012364999999999998,-0.03847,medium
DBP3,2454,3897,-0.038849999999999996,0.056749999999999995,medium
DBP3,669,6048,-0.054075,-0.130745,medium
DBP3,268,2774,0.01816,-0.041695,medium
DBP3,932,7056,-0.0645,-0.15465,medium
DBP3,7616,4223,-0.0022499999999999985,0.085095,medium
DBP3,2044,7702,-0.0010599999999999997,-0.12075,medium
DBP3,6998,3087,-0.033370000000000004,-0.10461000000000001,medium
DBP3,7457,106,0.16654000000000002,0.00498,medium
DBP3,3812,7970,0.21284,0.04406,medium
DBP3,6097,1104,0.019865,0.215505,medium
DBP3,117,6845,-0.035275,-0.12532000000000001,medium
DBP3,5875,4350,-0.0012450000000000004,-0.07664,medium
DBP3,128,3177,-0.05412,0.039830000000000004,medium
DBP3,6991,7241,-0.002530000000000001,-0.13530999999999999,medium
DBP3,84,2565,-0.017225,-0.03843,hard
DBP3,6738,6713,-0.0606,-0.06847,hard
DBP3,6887,3209,-0.112205,-0.08724499999999999,hard
DBP3,5265,404,-0.013630000000000003,-0.032885,hard
DBP3,5194,4264,0.032995,0.04006,hard
DBP3,7063,5330,-0.03492,-0.056709999999999997,hard
DBP3,5351,5930,-0.06128,-0.094975,hard
DBP3,6149,5025,-0.040625,-0.056055,hard
DBP3,6321,939,0.12376999999999999,0.079045,hard
DBP3,5039,6655,-0.024919999999999998,-0.01824,hard
DBP3,83,2829,-0.142745,-0.19984000000000002,hard
DBP3,1898,6327,0.081645,0.08644,hard
DBP3,5108,924,0.03279,0.12845499999999999,hard
DBP3,7046,3877,0.145395,0.16497499999999998,hard
DBP3,2165,8130,-0.0923,-0.15115,hard
DBP3,1456,544,0.04976,-0.007455000000000003,hard
DBP3,2089,2988,-0.059565,-0.04711,hard
DBP3,6387,5347,0.11288,0.056675,hard
DBP3,375,486,-0.06321,-0.06466,hard
DBP3,5109,5351,-0.10406,-0.06128,hard
DBP3,6645,1498,-0.03406000000000001,-0.05269,hard
DBP3,5502,2594,-0.100705,-0.07506,hard
DBP3,1889,2468,0.06881,0.008230000000000001,hard
DBP3,1026,7505,0.03204,0.08269499999999999,hard
DBP3,4229,2941,-0.006845000000000004,-0.022175,hard
DBP3,5023,3044,-0.1598,-0.11265,hard
DBP3,2572,5385,-0.088005,-0.12332499999999999,hard
DBP3,684,3875,0.034145,0.090425,hard
DBP3,5321,5356,-0.15332500000000002,-0.090925,hard
DBP3,7395,533,-0.130135,-0.07733,hard
DBP3,2579,2494,0.004174999999999998,-0.004620000000000001,hard
DBP3,3910,1011,0.20553,0.10108,hard
DBP3,2863,7948,-0.09018499999999999,-0.057175,hard
DBP3,7298,2960,-0.052675,-0.055435,hard
DBP3,6083,3,0.01592,-0.020425,hard
DBP3,7738,7348,-0.127565,-0.17615,hard
DBP3,5867,4678,-0.07778499999999999,-0.097555,hard
DBP3,4449,4912,-0.111175,-0.115405,hard
DBP3,1292,647,-0.066375,-0.101965,hard
DBP3,4752,7110,-0.086955,-0.12156499999999999,hard
DBP3,7428,2565,-0.014245,-0.03843,hard
DBP3,3666,5113,0.13872,0.048105,hard
DBP3,7180,5547,-0.117565,-0.15395,hard
DBP3,4129,5409,-0.138105,-0.09615,hard
DBP3,808,2601,-0.11257999999999999,-0.09886500000000001,hard
DBP3,1526,2632,0.12741,0.47274499999999997,hard
DBP3,6062,2506,0.06588,0.09626,hard
DBP3,3386,7048,0.001405,0.055635000000000004,hard
DBP3,1864,5981,0.021419999999999998,-0.01014,hard
DBP3,1216,815,0.05898,0.16032000000000002,hard
DBP3,4757,902,-0.010205000000000002,0.01976,hard
DBP3,7200,3847,0.216325,0.121525,hard
DBP3,2922,2878,-0.04012,-0.025585000000000004,hard
DBP3,4699,2965,-0.06600500000000001,-0.08848500000000001,hard
DBP3,6935,6672,-0.038135,-0.04514,hard
DBP3,7066,7292,0.26466,0.08082500000000001,hard
DBP3,3872,5113,0.185965,0.048105,hard
DBP3,3957,1111,0.14606,0.23699,hard
DBP3,6514,1365,-0.025055,-0.034375,hard
DBP3,106,1026,0.00498,0.03204,hard
DBP3,2804,5188,-0.059335,-0.073615,hard
DBP3,7506,5410,0.0005,-0.005505000000000003,hard
DBP3,3279,562,0.12726500000000002,0.19203,hard
DBP3,2491,2581,-0.02045,-0.01667,hard
DBP3,7036,7589,0.01227,0.007495000000000002,hard
DBP3,7361,6474,0.020395,0.015715,hard
DBP3,4616,2979,-0.03506,-0.062665,hard
DBP3,2511,2141,-0.066625,-0.097195,hard
DBP3,35,4042,-0.06427,-0.020995,hard
DBP3,4279,3571,0.10910500000000001,0.10608,hard
DBP3,7215,2273,-0.03533,-0.056345,hard
DBP3,5433,5528,0.084665,0.16584,hard
DBP3,71,2928,0.03018,-0.022475000000000002,hard
DBP3,2557,2363,0.01132,0.02977,hard
DBP3,2999,4154,-0.07929,-0.08792,hard
DBP3,1695,4514,-0.005290000000000003,0.0002199999999999997,hard
DBP3,393,2158,-0.03281,0.007699999999999999,hard
DBP3,6096,2144,-0.02926,0.017275,hard
DBP3,4204,7458,0.04732,-0.0047750000000000015,hard
DBP3,6311,2050,0.0007800000000000029,0.050885,hard
DBP3,2916,5737,-0.015245,-0.05412,hard
DBP3,1280,4421,0.09683,0.031865,hard
DBP3,5782,3147,-0.055505,-0.07984,hard
DBP3,2636,885,-0.095615,-0.12112500000000001,hard
DBP3,4625,1954,0.06745000000000001,0.09604,hard
DBP3,3870,6469,0.08814,0.07535499999999999,hard
DBP3,2556,2930,0.161985,0.113085,hard
DBP3,1223,3926,0.16532,0.20883000000000002,hard
DBP3,4412,3525,-0.061825,-0.10903499999999999,hard
DBP3,4659,5649,0.05411,0.14948,hard
DBP3,2263,1438,0.01148,0.08351,hard
DBP3,119,2935,0.012495,-0.011190000000000002,hard
DBP3,5436,6486,-0.08438000000000001,-0.10827,hard
DBP3,43,7826,-0.04059,-0.06942000000000001,hard
DBP3,2656,4856,0.017985,0.0064649999999999985,hard
DBP3,3696,3240,-0.086985,-0.15266,hard
DBP3,3367,6572,0.481395,0.103965,hard
DBP3,4768,7647,-0.09582,-0.13659,hard
DBP3,3691,3518,0.02561,0.069395,hard
DBP3,2982,5414,-0.01924,0.013090000000000001,hard
DBP3,1699,2667,0.007414999999999998,0.004979999999999998,hard
DBP3,856,5598,-0.063245,-0.04696499999999999,hard
DBP3,708,7477,0.06536,0.460425,hard
DBP3,5886,809,-0.18055500000000002,-0.14457,hard
DBP3,6645,1713,-0.03406000000000001,-0.0042699999999999995,hard
DBP3,5618,1178,-0.028545,-0.01971,hard
DBP3,6831,7159,-0.028609999999999997,-0.03616,hard
DBP3,6435,5749,-0.088815,-0.04635499999999999,hard
DBP3,3747,1089,0.012364999999999998,0.08598,hard
DBP3,2744,3156,0.02922,0.10344,hard
DBP3,1325,5180,-0.11599999999999999,-0.114175,hard
DBP3,949,2174,-0.023145,-0.03321,hard
DBP3,797,6808,-0.060675,-0.034074999999999994,hard
DBP3,4784,4162,-0.11016000000000001,-0.05697,hard
DBP3,4932,1379,0.096555,0.113465,hard
DBP3,3493,289,-0.06987,-0.069855,hard
DBP3,5328,5556,0.049075,0.062675,hard
DBP3,1748,5018,-0.085585,-0.127505,hard
DBP3,504,6226,0.06955,0.02652,hard
DBP3,7591,3847,0.063175,0.121525,hard
DBP3,8177,6020,0.024749999999999998,-0.0089,hard
DBP3,6578,5301,-0.1175,-0.12943,hard
DBP3,1509,4352,0.09548999999999999,0.137015,hard
DBP3,4176,3791,0.0042699999999999995,0.03401,hard
DBP3,5524,794,-0.046035,-0.022715,hard
DBP3,3073,89,-0.147585,-0.13612,hard
DBP3,6543,2247,-0.13572,-0.14321,hard
DBP3,5350,5720,0.01935,-0.008390000000000002,hard
DBP48,4423,5555,0.18929,-0.12281,easy
DBP48,5095,2141,0.13456,-0.20332,easy
DBP48,7936,5994,-0.08496,0.27171,easy
DBP48,4706,5629,0.15986,-0.20869,easy
DBP48,4860,7780,0.06904,-0.19646,easy
DBP48,3437,7490,-0.27306,0.17522,easy
DBP48,15,5242,-0.2754,0.30688,easy
DBP48,6851,2370,0.35476,-0.06758,easy
DBP48,8003,7227,0.16274,-0.16061,easy
DBP48,464,629,0.07488,-0.30666,easy
DBP48,4046,5629,0.09077,-0.20869,easy
DBP48,3065,5193,-0.1111,0.29381,easy
DBP48,4938,1357,-0.09527,0.17696,easy
DBP48,2882,7591,-0.21903,0.09415,easy
DBP48,2452,476,0.07331,-0.16088,easy
DBP48,5890,6581,0.17972,-0.09639,easy
DBP48,5315,3182,0.21027,-0.21665,easy
DBP48,462,1986,-0.1689,0.08383,easy
DBP48,3961,7617,0.05048,-0.22114,easy
DBP48,5786,5917,-0.22948,0.14924,easy
DBP48,5462,1088,-0.19358,0.12211,easy
DBP48,1780,3457,-0.16452,0.06958,easy
DBP48,2069,2835,0.14972,-0.2941,easy
DBP48,7169,2329,0.25187,-0.16847,easy
DBP48,172,4035,-0.22402,0.28046,easy
DBP48,6438,5995,-0.1139,0.2615,easy
DBP48,4494,7345,-0.18591,0.18386,easy
DBP48,7427,7507,-0.31353,0.02957,easy
DBP48,1542,4043,0.1585,-0.12743,easy
DBP48,1309,3701,0.08358,-0.20872,easy
DBP48,5352,7869,0.25314,-0.09665,easy
DBP48,7407,5910,-0.24112,0.06812,easy
DBP48,8156,5503,-0.27779,0.25422,easy
DBP48,790,4968,-0.18285,0.0823,easy
DBP48,4188,2908,0.14369,-0.14762,easy
DBP48,4075,1368,-0.11144,0.19014,easy
DBP48,6677,60,0.06345,-0.27592,easy
DBP48,3164,4743,-0.12669,0.25018,easy
DBP48,5066,3438,0.11172,-0.15716,easy
DBP48,6360,3038,0.36339,-0.0803,easy
DBP48,6268,4026,-0.26053,0.21471,easy
DBP48,5217,6521,0.23972,-0.18043,easy
DBP48,5033,5312,0.2342,-0.08677,easy
DBP48,4112,6085,0.04597,-0.17988,easy
DBP48,1990,1359,0.11267,-0.21812,easy
DBP48,6805,55,0.38387,-0.16217,easy
DBP48,7381,2124,-0.19378,0.17924,easy
DBP48,7857,5510,-0.28502,0.34656,easy
DBP48,1406,5658,-0.17538,0.07069,easy
DBP48,1140,6319,-0.06313,0.27636,easy
DBP48,5517,4589,0.36832,-0.08215,easy
DBP48,2743,4478,-0.29519,0.01036,easy
DBP48,6468,7904,0.0617,-0.23332,easy
DBP48,3409,4606,-0.14668,0.22343,easy
DBP48,5804,4732,-0.19966,0.2554,easy
DBP48,1740,5892,-0.12421,0.12801,easy
DBP48,4975,2324,0.0308,-0.21789,easy
DBP48,6651,2210,-0.29804,-0.02222,easy
DBP48,4283,4817,-0.20424,0.0525,easy
DBP48,7945,986,0.1871,-0.08751,easy
DBP48,4711,600,0.31742,-0.05158,easy
DBP48,5436,4460,0.0369,-0.32107,easy
DBP48,5607,155,-0.34763,0.05853,easy
DBP48,4720,6104,0.14342,-0.28709,easy
DBP48,1398,2150,0.42679,-0.06714,easy
DBP48,7873,3743,-0.2865,0.01199,easy
DBP48,543,6282,-0.35398,0.22433,easy
DBP48,5347,1926,0.39784,-0.06363,easy
DBP48,2404,4420,-0.20955,0.19394,easy
DBP48,4956,984,0.0924,-0.19593,easy
DBP48,494,7781,-0.18449,0.09834,easy
DBP48,3392,1529,-0.23921,0.24692,easy
DBP48,8162,5949,-0.28604,0.03488,easy
DBP48,8070,8111,-0.18359,0.21289,easy
DBP48,5933,2905,0.25252,-0.06508,easy
DBP48,730,7343,-0.15101,0.39976,easy
DBP48,6103,2044,0.12317,-0.29076,easy
DBP48,4369,5002,0.25656,-0.06827,easy
DBP48,7589,71,0.09448,-0.22742,easy
DBP48,4544,3375,0.18893,-0.12453,easy
DBP48,2490,3584,0.10857,-0.22077,easy
DBP48,5364,7596,0.21311,-0.20393,easy
DBP48,2957,1303,-0.20038,0.04569,easy
DBP48,3100,5051,-0.10507,0.18812,easy
DBP48,1232,2293,-0.01053,-0.31383,easy
DBP48,7518,1637,0.15999,-0.21646,easy
DBP48,6183,7436,0.14099,-0.12048,easy
DBP48,529,2358,0.1898,-0.23872,easy
DBP48,2453,2576,0.30568,-0.23082,easy
DBP48,3051,3360,-0.12889,0.16053,easy
DBP48,974,4745,-0.14238,0.25351,easy
DBP48,4542,3940,0.14125,-0.13237,easy
DBP48,2083,2549,-0.11003,0.23094,easy
DBP48,6086,6106,-0.37374,0.01968,easy
DBP48,3352,3878,-0.13782,0.12222,easy
DBP48,6333,3026,0.23506,-0.13652,easy
DBP48,5751,4755,-0.18081,0.06025,easy
DBP48,1583,3173,-0.12019,0.24414,easy
DBP48,3205,2233,-0.10812,0.20975,easy
DBP48,5251,5284,0.29951,-0.11248,easy
DBP48,128,6704,-0.19224,0.22664,easy
DBP48,7147,1494,0.22507,-0.16742,easy
DBP48,545,4789,0.05038,-0.1862,easy
DBP48,2139,4897,-0.21773,0.08289,easy
DBP48,5266,1189,-0.12844,0.11627,easy
DBP48,769,1572,-0.22723,0.18563,easy
DBP48,1902,6790,-0.10777,0.32614,easy
DBP48,3214,804,0.3839,-0.2937,easy
DBP48,7737,5320,-0.14208,0.29611,easy
DBP48,6992,4476,-0.19734,0.22935,easy
DBP48,2011,904,0.12868,-0.15006,easy
DBP48,3604,7685,0.1109,-0.17787,easy
DBP48,5014,2579,-0.0036,-0.2461,easy
DBP48,3864,1744,0.23968,-0.17079,easy
DBP48,6441,1139,0.2521,-0.08256,easy
DBP48,6165,3478,0.12928,-0.17046,easy
DBP48,6242,5523,-0.18085,0.26189,easy
DBP48,3687,5495,-0.08317,0.35982,easy
DBP48,5530,6581,0.23284,-0.09639,easy
DBP48,6704,7783,0.22664,-0.27795,easy
DBP48,6972,5857,0.11121,-0.16339,easy
DBP48,7709,6098,-0.26795,-0.00408,easy
DBP48,2229,2049,0.20982,-0.2313,easy
DBP48,3430,1060,-0.34991,0.10855,easy
DBP48,5930,4148,0.01192,-0.24933,easy
DBP48,7321,1135,-0.15332,0.0845,easy
DBP48,4132,2430,-0.15755,0.14306,easy
DBP48,6391,4125,-0.19036,0.1619,easy
DBP48,1948,6382,-0.24782,0.08957,easy
DBP48,803,5233,-0.14217,0.43026,easy
DBP48,7637,4605,-0.09935,0.24937,easy
DBP48,5937,3587,0.24228,-0.18333,easy
DBP48,7133,4507,-0.19409,0.12115,easy
DBP48,2419,6118,0.17902,-0.40257,easy
DBP48,6190,3211,-0.27444,0.14608,easy
DBP48,1977,814,0.12786,-0.3372,easy
DBP48,6397,4512,-0.19436,0.15999,easy
DBP48,3071,2859,-0.02343,-0.30839,easy
DBP48,7848,4377,-0.21875,0.18755,easy
DBP48,6736,637,0.16512,-0.21307,easy
DBP48,1075,3631,0.2205,-0.09286,easy
DBP48,5564,5036,-0.08908,0.26456,easy
DBP48,2957,5017,-0.20038,0.11496,easy
DBP48,1707,5694,-0.20119,0.05897,easy
DBP48,8120,6356,-0.15681,0.32264,easy
DBP48,7976,6040,0.07044,-0.25411,easy
DBP48,4186,6133,-0.27236,0.12399,easy
DBP48,2380,5846,0.11453,-0.26393,easy
DBP48,7872,6744,-0.22442,0.27996,easy
DBP48,4303,7958,0.15175,-0.15586,easy
DBP48,4952,5252,-0.05747,0.36715,easy
DBP48,490,2206,-0.25237,0.0329,easy
DBP48,7919,8163,0.07118,-0.19526,easy
DBP48,5656,5243,-0.13219,0.37891,easy
DBP48,2213,2914,0.03774,-0.20876,easy
DBP48,2604,7487,-0.12471,0.3014,easy
DBP48,3289,6928,-0.26553,0.42868,easy
DBP48,5349,8036,0.35327,-0.14527,easy
DBP48,188,4364,-0.30612,0.00472,easy
DBP48,2682,5821,-0.18838,0.09395,easy
DBP48,7018,3849,-0.19463,0.23132,easy
DBP48,5351,1224,0.37449,-0.10926,easy
DBP48,6994,46,0.0929,-0.16254,easy
DBP48,225,878,-0.25913,0.3577,easy
DBP48,7273,1269,-0.273,0.07521,easy
DBP48,4648,6410,0.18569,-0.25202,easy
DBP48,1960,6324,-0.14277,0.4331,easy
DBP48,2762,4374,-0.13182,0.12414,easy
DBP48,6550,7269,-0.23419,0.02895,easy
DBP48,2859,3647,-0.30839,0.14296,easy
DBP48,860,4732,-0.26045,0.2554,easy
DBP48,6615,942,0.11079,-0.15703,easy
DBP48,370,3289,-0.01414,-0.26553,easy
DBP48,1781,7561,0.28707,-0.09763,easy
DBP48,1575,1606,0.25217,-0.10448,easy
DBP48,243,3373,-0.19391,0.09889,easy
DBP48,1965,4450,-0.33116,0.03682,easy
DBP48,7601,5173,-0.19949,0.21145,easy
DBP48,3382,1549,-0.08587,0.24436,easy
DBP48,6133,4789,0.12399,-0.1862,easy
DBP48,3462,4998,-0.28002,-0.00605,easy
DBP48,3304,6444,0.01203,-0.23157,easy
DBP48,808,4640,-0.40466,-0.00368,easy
DBP48,5299,4870,0.06314,-0.22843,easy
DBP48,5290,6037,0.34421,-0.26531,easy
DBP48,3858,2978,0.10801,-0.3193,easy
DBP48,4354,2093,0.11039,-0.12764,easy
DBP48,1365,1905,0.20988,-0.08531,easy
DBP48,6526,7100,0.0762,-0.16891,easy
DBP48,3021,6351,-0.08745,0.37353,easy
DBP48,5316,71,0.13975,-0.22742,easy
DBP48,6324,4197,0.4331,-0.04037,easy
DBP48,4297,5761,-0.14958,0.12394,easy
DBP48,7330,1776,-0.25233,0.07032,easy
DBP48,3606,1075,-0.15171,0.2205,easy
DBP48,1304,3002,0.02362,-0.26868,easy
DBP48,4563,7896,0.26187,-0.20343,easy
DBP48,4595,2865,0.08632,-0.27688,easy
DBP48,4512,76,0.15999,-0.27381,easy
DBP48,6903,3152,0.27768,-0.29131,easy
DBP48,2190,543,0.04058,-0.35398,easy
DBP48,8163,3806,-0.19526,0.04509,easy
DBP48,3341,5035,-0.22297,0.27672,easy
DBP48,2599,7440,-0.22319,0.11475,easy
DBP48,955,7007,-0.15369,0.17937,easy
DBP48,3532,6406,0.00778,-0.17006,medium
DBP48,1281,604,0.0762,-0.04977,medium
DBP48,1684,4410,0.03595,-0.12374,medium
DBP48,7468,1670,-0.07024,0.12992,medium
DBP48,7147,5105,0.22507,0.04332,medium
DBP48,5204,3285,0.22795,-0.01271,medium
DBP48,5463,5629,-0.02829,-0.20869,medium
DBP48,7455,7992,-0.27096,-0.04025,medium
DBP48,2287,3942,-0.03845,0.12412,medium
DBP48,419,4726,-0.04234,0.06386,medium
DBP48,3495,7304,-0.17728,0.04309,medium
DBP48,6344,1309,0.29884,0.08358,medium
DBP48,467,7427,-0.12661,-0.31353,medium
DBP48,3139,1657,0.09564,0.33156,medium
DBP48,682,3423,-0.10201,-0.22348,medium
DBP48,3235,649,0.11131,-0.07226,medium
DBP48,441,6210,-0.10902,-0.24249,medium
DBP48,415,7532,-0.05104,0.07284,medium
DBP48,6483,4183,-0.16864,-0.00656,medium
DBP48,4714,6594,0.17677,0.01487,medium
DBP48,3867,2402,0.0698,-0.11586,medium
DBP48,434,4556,0.21854,0.0481,medium
DBP48,8067,6000,-0.1012,0.12968,medium
DBP48,6772,5360,0.01699,0.2014,medium
DBP48,5710,4298,-0.20565,-0.10392,medium
DBP48,6530,2777,0.13764,-0.05695,medium
DBP48,1882,3477,-0.0042,-0.19049,medium
DBP48,4057,6689,0.34782,0.09377,medium
DBP48,2370,7605,-0.06758,-0.23505,medium
DBP48,440,31,-0.10403,-0.23554,medium
DBP48,7375,93,-0.00845,-0.09931,medium
DBP48,4081,279,-0.09209,0.05588,medium
DBP48,2858,1982,-0.00493,0.16293,medium
DBP48,6231,4367,0.12765,-0.01051,medium
DBP48,4447,3168,-0.10349,-0.22349,medium
DBP48,632,6951,-0.13026,-0.02442,medium
DBP48,914,930,-0.2699,-0.12477,medium
DBP48,2261,2823,-0.09886,-0.19558,medium
DBP48,3888,4386,0.18461,0.01347,medium
DBP48,5148,4536,-0.29439,-0.06184,medium
DBP48,6641,2935,0.09814,-0.12351,medium
DBP48,7165,4747,0.13653,0.01336,medium
DBP48,6473,2285,-0.00303,0.18073,medium
DBP48,248,2375,-0.256,-0.09337,medium
DBP48,1150,3039,-0.0163,-0.20107,medium
DBP48,8127,3477,-0.01354,-0.19049,medium
DBP48,5332,4830,0.10665,-0.08957,medium
DBP48,6481,2097,-0.29314,-0.11475,medium
DBP48,3646,2427,-0.08914,0.00737,medium
DBP48,1800,2480,0.04726,-0.1602,medium
DBP48,2412,5182,-0.07917,0.03854,medium
DBP48,3525,1913,-0.07217,-0.16266,medium
DBP48,4781,1620,0.1117,-0.04704,medium
DBP48,5159,4909,-0.01683,0.15325,medium
DBP48,7926,7902,-0.10096,-0.25425,medium
DBP48,8092,5401,-0.05868,0.04742,medium
DBP48,4570,5705,-0.09654,-0.21718,medium
DBP48,1289,2056,-0.07228,0.09449,medium
DBP48,66,4445,-0.10154,0.07837,medium
DBP48,2729,2352,-0.2737,-0.09243,medium
DBP48,4543,6447,0.02313,-0.15811,medium
DBP48,7660,5148,-0.13634,-0.29439,medium
DBP48,3869,320,-0.01555,-0.21366,medium
DBP48,3697,705,0.19788,-0.03369,medium
DBP48,6022,2762,-0.27805,-0.13182,medium
DBP48,3381,4397,-0.09966,-0.21945,medium
DBP48,396,7576,-0.00563,-0.20594,medium
DBP48,3255,7733,-0.01849,-0.20066,medium
DBP48,6278,3869,0.11327,-0.01555,medium
DBP48,2322,991,0.00206,-0.21757,medium
DBP48,323,6698,-0.08483,0.04185,medium
DBP48,6280,2519,0.16956,-0.07047,medium
DBP48,2254,7244,-0.03621,0.07536,medium
DBP48,4143,1683,-0.13823,-0.02162,medium
DBP48,224,6233,-0.03832,-0.1533,medium
DBP48,4345,4390,-0.00976,0.26809,medium
DBP48,819,4831,-0.19082,-0.04455,medium
DBP48,6496,7323,-0.09561,0.01768,medium
DBP48,1068,1394,0.10845,-0.1017,medium
DBP48,4810,7545,0.01077,-0.09846,medium
DBP48,3812,3868,-0.07981,0.00737,medium
DBP48,4131,1511,-0.12381,0.08845,medium
DBP48,4179,4175,-0.1907,-0.06889,medium
DBP48,7540,6217,-0.02157,-0.11565,medium
DBP48,5491,6494,0.2602,0.06642,medium
DBP48,1854,7656,0.04543,-0.08047,medium
DBP48,1016,6180,0.1957,-0.05863,medium
DBP48,6901,227,0.28492,-0.05259,medium
DBP48,7494,4389,-0.02627,-0.11825,medium
DBP48,1152,7896,-0.06097,-0.20343,medium
DBP48,843,1974,0.07472,-0.1053,medium
DBP48,6690,3188,0.09852,-0.11792,medium
DBP48,1165,346,-0.19851,-0.0134,medium
DBP48,4500,4030,-0.12283,-0.01351,medium
DBP48,7076,7907,0.22699,-0.06444,medium
DBP48,83,3639,-0.11507,0.08104,medium
DBP48,7462,5394,-0.01747,0.22879,medium
DBP48,7677,4353,-0.02313,-0.16728,medium
DBP48,4010,1687,0.07298,-0.0549,medium
DBP48,7781,152,0.09834,-0.05369,medium
DBP48,7369,1810,0.16839,-0.04023,medium
DBP48,5565,875,0.05717,-0.08252,medium
DBP48,1630,4561,0.10565,-0.10197,medium
DBP48,24,4072,-0.02716,0.29362,medium
DBP48,4652,2814,-0.02166,-0.2462,medium
DBP48,752,2976,-0.21075,-0.05482,medium
DBP48,8055,2806,0.12539,-0.054,medium
DBP48,6006,4027,-0.08315,0.09552,medium
DBP48,8118,995,0.00233,-0.18389,medium
DBP48,5972,1251,0.06587,0.23859,medium
DBP48,5226,677,-0.03612,-0.16264,medium
DBP48,318,3044,-0.00684,-0.18317,medium
DBP48,3002,5813,-0.26868,-0.074,medium
DBP48,5372,6360,0.07264,0.36339,medium
DBP48,4523,8061,0.03851,-0.14287,medium
DBP48,5188,3925,0.01328,-0.17471,medium
DBP48,3795,6473,-0.15571,-0.00303,medium
DBP48,7459,1794,-0.06624,-0.16264,medium
DBP48,7747,6890,0.05245,0.30832,medium
DBP48,3377,2918,-0.03507,0.12095,medium
DBP48,3045,2167,-0.09175,-0.00192,medium
DBP48,3023,3628,-0.06112,-0.17158,medium
DBP48,6564,3932,-0.11047,0.09524,medium
DBP48,7770,236,-0.07147,0.03754,medium
DBP48,294,3040,-0.18151,-0.03758,medium
DBP48,5548,1195,0.05166,0.20627,medium
DBP48,3377,5370,-0.03507,0.44085,medium
DBP48,7572,4698,0.13235,0.01285,medium
DBP48,6706,3962,-0.12539,-0.02585,medium
DBP48,1907,7046,-0.15855,-0.03981,medium
DBP48,4753,3271,0.28041,-0.01043,medium
DBP48,6859,7528,-0.10259,-0.00159,medium
DBP48,1024,8164,-0.01201,-0.16639,medium
DBP48,1839,7391,0.03752,-0.1763,medium
DBP48,1496,7854,-0.0117,-0.21836,medium
DBP48,4863,3075,-0.05894,0.23995,medium
DBP48,2939,2503,-0.18348,-0.00759,medium
DBP48,593,541,0.086,-0.09855,medium
DBP48,342,4798,0.05113,-0.10926,medium
DBP48,4697,7043,0.06144,-0.08974,medium
DBP48,326,6025,0.002,-0.11659,medium
DBP48,4465,6669,-0.04303,0.22753,medium
DBP48,5545,4519,0.07496,-0.03831,medium
DBP48,6594,1509,0.01487,-0.08414,medium
DBP48,2897,7806,0.01739,0.17007,medium
DBP48,6431,7844,-0.14834,-0.31539,medium
DBP48,936,1891,-0.29059,-0.14918,medium
DBP48,8058,1333,-0.17701,-0.02853,medium
DBP48,8153,458,-0.0038,-0.19043,medium
DBP48,1910,6170,-0.20489,-0.06133,medium
DBP48,4336,1106,0.14412,-0.06086,medium
DBP48,1099,6145,-0.16612,-0.05661,medium
DBP48,465,2854,-0.28246,-0.0483,medium
DBP48,8158,651,-0.13485,0.00053,medium
DBP48,178,6551,-0.13337,0.01512,medium
DBP48,7556,6158,-0.00598,-0.2419,medium
DBP48,2773,612,-0.25321,-0.08767,medium
DBP48,5514,1495,0.45135,0.0573,medium
DBP48,6543,6265,0.08398,-0.13192,medium
DBP48,3525,5468,-0.07217,0.02411,medium
DBP48,7035,3759,-0.10367,0.06032,medium
DBP48,4987,3212,0.09204,0.4186,medium
DBP48,6216,4475,-0.14331,-0.02064,medium
DBP48,3232,1904,-0.26974,-0.02259,medium
DBP48,5980,776,-0.13144,-0.03123,medium
DBP48,6168,2257,-0.11456,0.11772,medium
DBP48,3961,7726,0.05048,-0.05493,medium
DBP48,5057,4526,0.41736,0.02993,medium
DBP48,854,7480,-0.09622,0.13432,medium
DBP48,2420,185,0.18053,-0.05071,medium
DBP48,2506,7879,0.11801,-0.07151,medium
DBP48,2667,1111,-0.26199,-0.09618,medium
DBP48,4575,4961,0.02595,-0.12674,medium
DBP48,1935,3085,-0.05565,0.10962,medium
DBP48,1012,3658,-0.08092,0.12021,medium
DBP48,690,150,-0.19324,-0.01719,medium
DBP48,8058,1164,-0.17701,0.00868,medium
DBP48,5598,1886,-0.23601,-0.12062,medium
DBP48,507,1213,-0.30721,-0.10833,medium
DBP48,4471,2722,-0.05011,-0.12083,hard
DBP48,1921,7227,-0.18442,-0.16061,hard
DBP48,726,5371,-0.02875,-0.05967,hard
DBP48,4112,4539,0.04597,0.00223,hard
DBP48,1695,717,-0.19719,-0.2028,hard
DBP48,4882,7571,0.02133,-0.04893,hard
DBP48,2718,6817,0.09948,0.22994,hard
DBP48,5912,7398,-0.1842,-0.0979,hard
DBP48,3983,4331,0.0502,0.10357,hard
DBP48,7213,7120,-0.16662,-0.38668,hard
DBP48,7206,8083,-0.07319,-0.10072,hard
DBP48,5183,7996,0.18477,0.26473,hard
DBP48,7014,6375,-0.03163,0.00253,hard
DBP48,7358,2126,-0.01476,-0.05482,hard
DBP48,6985,4416,-0.15735,-0.07897,hard
DBP48,6819,1683,-0.04039,-0.02162,hard
DBP48,631,4489,-0.12914,-0.1334,hard
DBP48,6957,7789,-0.16772,-0.12355,hard
DBP48,3366,8174,-0.17524,-0.22182,hard
DBP48,7620,985,-0.08218,-0.15812,hard
DBP48,7493,4926,0.13324,0.16709,hard
DBP48,3341,5779,-0.22297,-0.15773,hard
DBP48,5960,7993,-0.04286,-0.12081,hard
DBP48,7206,7975,-0.07319,-0.0829,hard
DBP48,5941,7387,-0.15112,-0.18244,hard
DBP48,1566,3822,0.02098,0.08266,hard
DBP48,2340,4497,0.07334,0.08913,hard
DBP48,1336,1735,-0.13614,-0.11255,hard
DBP48,7251,7875,-0.02846,-0.0731,hard
DBP48,5689,135,-0.09985,-0.06759,hard
DBP48,4971,5445,-0.02876,-0.02107,hard
DBP48,4538,1943,0.05146,0.03931,hard
DBP48,2613,4824,-0.01992,0.04449,hard
DBP48,638,4858,0.05423,0.14552,hard
DBP48,6711,5084,-0.10661,-0.02652,hard
DBP48,2656,5694,0.17632,0.05897,hard
DBP48,2743,160,-0.29519,-0.33161,hard
DBP48,4849,7484,0.04387,0.16794,hard
DBP48,1364,6897,0.13793,0.04298,hard
DBP48,395,3223,0.00575,0.03521,hard
DBP48,4574,2238,-0.04292,0.03297,hard
DBP48,7622,885,-0.2244,-0.13057,hard
DBP48,4152,5718,-0.01034,0.03755,hard
DBP48,701,755,-0.2592,-0.20935,hard
DBP48,8041,1471,-0.26202,-0.19269,hard
DBP48,7430,7833,-0.03948,-0.00221,hard
DBP48,2322,2215,0.00206,-0.04864,hard
DBP48,4185,3554,-0.13817,-0.15863,hard
DBP48,6911,5131,0.02057,0.01578,hard
DBP48,2249,543,-0.22283,-0.35398,hard
DBP48,3258,7488,-0.03584,-0.00936,hard
DBP48,3908,6330,0.40006,0.16952,hard
DBP48,2225,3727,-0.13621,-0.0894,hard
DBP48,3136,3642,0.15162,0.03856,hard
DBP48,6591,3551,0.03015,0.09002,hard
DBP48,6908,431,0.23105,0.30296,hard
DBP48,3966,1462,-0.12222,-0.16186,hard
DBP48,5833,5277,0.13838,0.18241,hard
DBP48,7999,1356,-0.0632,-0.04167,hard
DBP48,1464,472,-0.04275,0.00559,hard
DBP48,1599,5185,0.15932,0.19881,hard
DBP48,6614,874,-0.15411,-0.09865,hard
DBP48,3932,4455,0.09524,0.03721,hard
DBP48,3800,6180,-0.11704,-0.05863,hard
DBP48,7785,5626,-0.00951,-0.02564,hard
DBP48,2863,6412,0.11715,0.07421,hard
DBP48,6192,7608,-0.06353,0.00424,hard
DBP48,5768,5892,0.18573,0.12801,hard
DBP48,3701,2951,-0.20872,-0.24272,hard
DBP48,7295,396,-0.02464,-0.00563,hard
DBP48,3378,788,-0.28444,-0.26501,hard
DBP48,5760,1171,-0.21017,-0.25669,hard
DBP48,3978,4423,0.32571,0.18929,hard
DBP48,2457,1443,-0.10351,-0.03449,hard
DBP48,7364,5156,0.15164,0.10393,hard
DBP48,1463,607,0.05592,0.16268,hard
DBP48,1231,3305,-0.04428,0.04309,hard
DBP48,7193,660,0.22804,0.10761,hard
DBP48,5646,1368,0.10611,0.19014,hard
DBP48,5077,4721,0.2241,0.14855,hard
DBP48,6693,2162,0.04968,0.07235,hard
DBP48,7027,7838,-0.32537,-0.28736,hard
DBP48,8003,4584,0.16274,0.25571,hard
DBP48,6554,1050,-0.03825,-0.11082,hard
DBP48,4275,7810,0.05208,-0.00626,hard
DBP48,7275,3532,0.04298,0.00778,hard
DBP48,4296,3780,-0.12271,-0.09906,hard
DBP48,6083,4475,-0.04847,-0.02064,hard
DBP48,8064,5684,-0.07052,-0.05014,hard
DBP48,1466,4417,0.05553,-0.03423,hard
DBP48,4422,4022,0.16422,0.07903,hard
DBP48,3347,5467,0.04108,0.02832,hard
DBP48,4935,1315,-0.01971,0.06209,hard
DBP48,5831,1532,0.18885,0.23296,hard
DBP48,4977,4175,-0.03488,-0.06889,hard
DBP48,33,2485,0.15585,0.11433,hard
DBP48,5854,5617,-0.19256,-0.2305,hard
DBP48,3498,7380,-0.11409,-0.04881,hard
DBP48,6644,8161,-0.19452,-0.27377,hard
DBP48,4246,642,0.02679,-0.0061,hard
DBP48,104,2385,-0.11378,-0.15371,hard
DBP48,2110,3949,-0.03611,-0.02935,hard
DBP48,7149,5093,0.22591,0.19976,hard
DBP48,5244,6065,0.22009,0.17458,hard
DBP48,6044,1964,-0.13648,-0.19883,hard
DBP48,3110,3902,0.04867,0.17552,hard
DBP48,2728,4696,-0.11453,-0.11242,hard
DBP48,4025,1486,0.21756,0.13673,hard
DBP48,2311,364,-0.05936,-0.13407,hard
DBP48,551,6123,-0.26634,-0.1611,hard
DBP48,3802,3789,0.0262,0.04705,hard
DBP48,5083,3340,0.05093,-0.01034,hard
DBP48,7802,2797,-0.21928,-0.29266,hard
DBP48,3960,3038,-0.063,-0.0803,hard
DBP48,975,6767,-0.02485,-0.03099,hard
DBP48,5365,1636,0.27555,0.10664,hard
DBP48,8019,5180,-0.12695,-0.08474,hard
DBP48,1996,5323,-0.02719,0.05701,hard
DBP48,7485,3353,-0.04846,-0.1265,hard
DBP48,4465,5258,-0.04303,0.04512,hard
DBP48,458,3748,-0.19043,-0.2122,hard
DBP48,5210,6776,0.4535,0.34055,hard
DBP48,381,7758,-0.07999,-0.03906,hard
DBP48,6489,6967,0.01937,0.01998,hard
DBP48,3129,4649,0.08445,0.09476,hard
DBP48,3600,5475,0.01159,-0.05738,hard
DBP48,4358,2164,0.09164,0.17575,hard
DBP48,5021,1166,0.05013,0.04085,hard
DBP6,727,7368,-0.11594499999999999,0.064345,easy
DBP6,2815,1099,-0.123445,0.102155,easy
DBP6,6514,6812,-0.18642999999999998,0.120045,easy
DBP6,3312,4553,0.107375,-0.06304,easy
DBP6,1321,7822,0.07012,-0.09013,easy
DBP6,3372,3813,-0.13844,0.17417,easy
DBP6,1700,725,-0.12606,0.031625,easy
DBP6,4590,4003,0.08692,-0.10777500000000001,easy
DBP6,4332,5561,-0.03723,0.254765,easy
DBP6,1483,6788,0.14669,-0.1542,easy
DBP6,354,1394,-0.149335,0.0032900000000000013,easy
DBP6,4434,322,-0.24337,0.16569499999999998,easy
DBP6,6617,890,-0.164245,0.074465,easy
DBP6,7229,5696,-0.007585,-0.1757,easy
DBP6,4183,6446,0.046185000000000004,-0.121115,easy
DBP6,1252,1411,0.11349999999999999,-0.120415,easy
DBP6,6792,7530,0.05195,-0.11016999999999999,easy
DBP6,7562,7188,0.221695,-0.08757,easy
DBP6,4097,7843,0.08112,-0.21438000000000001,easy
DBP6,1016,4350,0.09805,-0.09881000000000001,easy
DBP6,961,4390,-0.11932000000000001,0.08547,easy
DBP6,773,1904,-0.13077,0.078405,easy
DBP6,1635,8107,0.164895,-0.137435,easy
DBP6,1823,1317,0.21554500000000001,-0.06996,easy
DBP6,7227,6230,-0.127185,0.04013,easy
DBP6,3872,2330,0.28010999999999997,-0.09548999999999999,easy
DBP6,601,3546,-0.007179999999999999,-0.219545,easy
DBP6,3495,5273,0.08186500000000001,-0.17497000000000001,easy
DBP6,1202,2844,0.09492,-0.08141,easy
DBP6,4231,3960,0.09611,-0.100935,easy
DBP6,3475,2023,0.07885,-0.139175,easy
DBP6,6757,5200,-0.110705,0.18562,easy
DBP6,3552,3785,-0.06019,0.1737,easy
DBP6,4824,2896,0.06363,-0.180235,easy
DBP6,8109,7283,0.264635,-0.093685,easy
DBP6,1585,511,0.046625,-0.265015,easy
DBP6,7012,6629,0.22613499999999997,-0.046715,easy
DBP6,1033,4920,0.101125,-0.064605,easy
DBP6,2624,3146,-0.20241499999999998,0.03919,easy
DBP6,1582,4270,-0.09462999999999999,0.14698,easy
DBP6,3724,6603,0.0010949999999999988,-0.13723,easy
DBP6,7448,3033,0.126755,-0.081265,easy
DBP6,6740,6285,-0.06294,0.240575,easy
DBP6,5634,5444,-0.20079999999999998,0.22817500000000002,easy
DBP6,184,4095,0.29884499999999997,-0.1276,easy
DBP6,5688,494,-0.124065,0.013589999999999998,easy
DBP6,6971,1348,0.03298,-0.11482,easy
DBP6,3326,7003,0.04611,-0.130605,easy
DBP6,7707,6027,-0.11563999999999999,0.05301,easy
DBP6,1155,275,0.19501000000000002,-0.05128,easy
DBP6,1247,3045,0.136915,-0.07825,easy
DBP6,5748,531,-0.06057,0.107085,easy
DBP6,2795,5890,-0.109485,0.212085,easy
DBP6,2795,2253,-0.109485,0.08219,easy
DBP6,6847,600,0.085715,-0.08338999999999999,easy
DBP6,7798,1545,-0.074305,0.059054999999999996,easy
DBP6,7557,8182,0.017544999999999998,-0.18077,easy
DBP6,6497,183,0.47836999999999996,-0.042595,easy
DBP6,5377,5194,-0.17454,0.048625,easy
DBP6,6863,5936,0.012514999999999998,-0.159525,easy
DBP6,2619,5539,-0.056190000000000004,0.315805,easy
DBP6,1928,4196,-0.174865,0.11669,easy
DBP6,1739,43,0.009175,-0.12289,easy
DBP6,6557,4893,0.053630000000000004,-0.119785,easy
DBP6,7333,6435,0.453125,-0.133735,easy
DBP6,3757,1057,-0.09845000000000001,0.14096999999999998,easy
DBP6,2922,5238,-0.06742000000000001,0.07768,easy
DBP6,2975,3684,0.025925,-0.24116500000000002,easy
DBP6,430,1615,-0.19206499999999999,0.108525,easy
DBP6,2068,431,-0.095775,0.12275,easy
DBP6,1720,7618,0.024165,-0.12518,easy
DBP6,3143,4923,-0.04543,0.26498,easy
DBP6,4794,2002,0.03604500000000001,-0.157995,easy
DBP6,4529,2554,-0.115975,0.0562,easy
DBP6,4867,4217,-0.08764,0.07899,easy
DBP6,606,5199,-0.086025,0.097315,easy
DBP6,7120,2354,-0.30401,-0.004990000000000001,easy
DBP6,2953,1834,-0.106935,0.02484,easy
DBP6,7131,7378,-0.10443,0.103945,easy
DBP6,1134,4805,-0.087175,0.12538,easy
DBP6,6536,5539,-0.08806,0.315805,easy
DBP6,2957,2646,-0.13018,0.025044999999999998,easy
DBP6,2875,363,-0.21484,0.13736500000000001,easy
DBP6,6678,4493,0.191975,-0.032035,easy
DBP6,7785,1152,0.21108,-0.049324999999999994,easy
DBP6,5795,1671,-0.167055,0.12976500000000002,easy
DBP6,4483,2900,-0.09079999999999999,0.05099,easy
DBP6,4916,2877,-0.00693,-0.170415,easy
DBP6,7830,4737,-0.197545,0.043215,easy
DBP6,6913,3348,0.26196,-0.182275,easy
DBP6,7926,7015,0.32032,-0.112225,easy
DBP6,1168,264,-0.049875,0.11979000000000001,easy
DBP6,28,5235,-0.142025,0.084845,easy
DBP6,3983,7719,0.04194,-0.13221,easy
DBP6,1411,390,-0.120415,0.052895,easy
DBP6,2403,6261,-0.106055,0.034665,easy
DBP6,4250,2883,0.20515499999999998,-0.13001,easy
DBP6,3107,7520,-0.08843500000000001,0.089005,easy
DBP6,2084,5597,-0.187335,0.0039050000000000005,easy
DBP6,3454,4480,-0.10766999999999999,0.08916,easy
DBP6,5358,7099,0.009635000000000001,-0.18504500000000002,easy
DBP6,2567,4479,-0.17476999999999998,-0.006995000000000001,easy
DBP6,5288,2026,0.061325,-0.09374,easy
DBP6,7718,1991,-0.07221,0.07092999999999999,easy
DBP6,910,2250,-0.014789999999999998,-0.25611,easy
DBP6,6038,1553,-0.103675,0.038845,easy
DBP6,823,5167,-0.206045,0.24360500000000002,easy
DBP6,6484,5154,-0.08552,0.049574999999999994,easy
DBP6,1228,728,0.131515,-0.070365,easy
DBP6,4790,7449,-0.10239999999999999,0.124445,easy
DBP6,3165,3676,-0.14735499999999999,0.066925,easy
DBP6,7796,1741,-0.257065,0.02775,easy
DBP6,1458,2018,0.021574999999999997,-0.11352999999999999,easy
DBP6,1035,5803,0.154315,-0.05784,easy
DBP6,6324,5250,0.148495,-0.08627,easy
DBP6,7067,738,0.10708,-0.065085,easy
DBP6,3521,2744,-0.09939500000000001,0.07608000000000001,easy
DBP6,7106,7989,-0.16316,0.0020550000000000013,easy
DBP6,3411,4815,-0.12301000000000001,0.24950999999999998,easy
DBP6,5428,5112,0.39285499999999995,-0.094975,easy
DBP6,6795,344,-0.06055,0.142105,easy
DBP6,4354,5498,-0.00368,-0.1824,easy
DBP6,7996,3307,0.1138,-0.088755,easy
DBP6,2468,620,0.014220000000000002,-0.209325,easy
DBP6,3906,5484,0.205025,-0.09528500000000001,easy
DBP6,3945,5636,0.049365,-0.1588,easy
DBP6,388,3876,-0.045450000000000004,0.132025,easy
DBP6,6851,7725,-0.08518,0.18312499999999998,easy
DBP6,6836,3651,-0.11481000000000001,0.136935,easy
DBP6,3862,5227,0.14227499999999998,-0.09109500000000001,easy
DBP6,974,4817,0.09873499999999999,-0.064665,easy
DBP6,516,3243,-0.16504999999999997,0.077345,easy
DBP6,7829,3779,-0.07577,0.183245,easy
DBP6,87,8003,-0.082485,0.26638,easy
DBP6,3810,5484,0.150455,-0.09528500000000001,easy
DBP6,460,2269,-0.14067,0.11166,easy
DBP6,7657,993,0.07110999999999999,-0.116645,easy
DBP6,4989,3805,-0.06301,0.167935,easy
DBP6,6720,1644,-0.05588,0.096,easy
DBP6,3158,2075,0.022240000000000003,-0.14068999999999998,easy
DBP6,1067,6974,0.06418499999999999,-0.185945,easy
DBP6,5896,3914,-0.171015,0.02486,easy
DBP6,4923,7412,0.26498,-0.1429,easy
DBP6,3231,2517,-0.070565,0.150775,easy
DBP6,7135,4252,0.03948,-0.10184499999999999,easy
DBP6,7681,7457,-0.05621,0.11907999999999999,easy
DBP6,2929,7830,0.00553,-0.197545,easy
DBP6,1659,8123,0.04391,-0.15733,easy
DBP6,3615,1907,-0.077545,0.064855,easy
DBP6,4459,2017,-0.05462500000000001,0.16802,easy
DBP6,1743,1667,-0.09567500000000001,0.46752000000000005,easy
DBP6,2392,630,-0.010145000000000001,-0.18585,easy
DBP6,2983,727,0.02478,-0.11594499999999999,easy
DBP6,7273,7532,-0.09573999999999999,0.05402,easy
DBP6,498,3898,-0.06750500000000001,0.22714499999999999,easy
DBP6,6638,7813,-0.14666,0.025155,easy
DBP6,5589,5641,0.019149999999999997,-0.11265499999999999,easy
DBP6,8080,8116,-0.135685,0.08939,easy
DBP6,4170,3869,-0.04553,0.201565,easy
DBP6,2777,3600,-0.09858,0.13779,easy
DBP6,6462,4237,-0.134135,0.07149,easy
DBP6,6973,1973,0.054215,-0.160505,easy
DBP6,6079,2635,0.021095000000000003,-0.14649500000000001,easy
DBP6,6086,4741,-0.091035,0.14368499999999998,easy
DBP6,3929,1795,0.07801,-0.14028000000000002,easy
DBP6,3248,869,0.36489499999999997,-0.21998,easy
DBP6,5995,7808,0.18191000000000002,-0.060765,easy
DBP6,6500,921,-0.14155,0.20939999999999998,easy
DBP6,8176,7796,0.06288500000000001,-0.257065,easy
DBP6,5114,7351,-0.10445000000000002,0.039975,easy
DBP6,1315,4154,0.07014,-0.105595,easy
DBP6,7967,5561,-0.073765,0.254765,easy
DBP6,4699,8120,0.19228499999999998,-0.165515,easy
DBP6,8086,5454,0.005525000000000002,-0.14741500000000002,easy
DBP6,1343,165,0.12701,-0.126745,easy
DBP6,1676,6623,0.08062000000000001,-0.155145,easy
DBP6,7590,2954,0.128925,-0.06986,easy
DBP6,4380,5828,0.07461999999999999,-0.080995,easy
DBP6,3879,4827,0.12837500000000002,-0.046985,easy
DBP6,3616,7919,-0.103225,0.18883499999999998,easy
DBP6,4315,6550,0.046295,-0.09883,easy
DBP6,5036,1600,0.19154500000000002,-0.03398,easy
DBP6,7369,6228,0.372725,-0.03537,easy
DBP6,3684,5880,-0.24116500000000002,-0.012809999999999998,easy
DBP6,324,2580,-0.107815,0.04561,easy
DBP6,8141,1833,-0.218195,0.0018649999999999986,easy
DBP6,2327,7785,-0.101895,0.21108,easy
DBP6,4609,4210,0.08763,-0.062095,easy
DBP6,3209,7994,0.17465,-0.10281,easy
DBP6,2233,3209,-0.150215,0.17465,easy
DBP6,3841,5312,0.12489499999999999,-0.19036999999999998,easy
DBP6,5134,292,0.114475,-0.06139,easy
DBP6,2388,288,-0.10898,0.07234,easy
DBP6,7404,5083,-0.07035000000000001,0.15196500000000002,easy
DBP6,954,2525,-0.148345,0.0455,easy
DBP6,6521,1515,0.13534000000000002,-0.046405,easy
DBP6,7707,1333,-0.11563999999999999,0.259205,easy
DBP6,4289,3519,-0.06272,0.104555,easy
DBP6,1855,4740,0.08361,-0.187135,easy
DBP6,2641,1682,-0.220945,0.07489,easy
DBP6,5793,1541,-0.097845,0.209235,easy
DBP6,3497,3326,-0.08948,0.04611,easy
DBP6,5198,8005,0.022554999999999995,-0.12133,easy
DBP6,5505,6923,0.09003,-0.094355,easy
DBP6,5458,1093,-0.06582500000000001,0.18172500000000003,easy
DBP6,6415,2122,-0.074935,0.019315,medium
DBP6,5257,4676,-0.020095000000000002,0.16268,medium
DBP6,4232,7266,0.06439,-0.04614,medium
DBP6,6008,3947,0.17211500000000002,0.010454999999999999,medium
DBP6,7789,795,0.010854999999999997,0.18908,medium
DBP6,1420,2211,0.084955,-0.048315,medium
DBP6,3623,5015,-0.051125000000000004,-0.11193,medium
DBP6,3614,1547,-0.033675000000000004,0.017294999999999998,medium
DBP6,2826,4157,-0.06065,0.06890500000000001,medium
DBP6,2745,7194,0.012409999999999997,-0.048165,medium
DBP6,5361,1440,-0.084925,0.035965,medium
DBP6,7231,6791,0.14970499999999998,0.03914999999999999,medium
DBP6,5751,3267,-0.035055,0.030314999999999998,medium
DBP6,2881,2833,-0.14376,-0.038765,medium
DBP6,7058,692,-0.22674,-0.06955,medium
DBP6,5334,6668,0.036915,0.26126499999999997,medium
DBP6,7427,7165,-0.116515,-0.038615,medium
DBP6,2405,7030,0.04514,-0.032619999999999996,medium
DBP6,6608,669,-0.05394,-0.17513,medium
DBP6,2832,6233,-0.002265000000000003,-0.09025,medium
DBP6,7189,5368,0.10032500000000001,-0.019745000000000002,medium
DBP6,5086,2652,0.012444999999999998,-0.107405,medium
DBP6,4243,3593,-0.01264,0.05507,medium
DBP6,2834,4916,-0.10792500000000001,-0.00693,medium
DBP6,7751,3422,-0.03251,-0.14972999999999997,medium
DBP6,5712,1436,-0.049925,0.01625,medium
DBP6,6280,2832,0.22195,-0.002265000000000003,medium
DBP6,2946,5201,-0.021805,0.18675999999999998,medium
DBP6,7974,3358,-0.007379999999999999,0.051555000000000004,medium
DBP6,7345,824,0.02987,-0.027245,medium
DBP6,6099,6696,0.021990000000000003,0.11443,medium
DBP6,6985,7756,-0.20814,-0.03655,medium
DBP6,2501,5224,-0.05042,0.016149999999999998,medium
DBP6,1427,3981,-0.022465,-0.14246999999999999,medium
DBP6,4942,5063,-0.0411,0.050355,medium
DBP6,281,782,0.03903,-0.052004999999999996,medium
DBP6,6744,6786,0.0075950000000000045,-0.04479,medium
DBP6,7696,3636,-0.005465000000000005,0.090315,medium
DBP6,6707,4925,0.02351,-0.05703,medium
DBP6,7647,1190,-0.107935,-0.036324999999999996,medium
DBP6,1083,6943,0.17421,0.009255,medium
DBP6,3821,6707,0.130525,0.02351,medium
DBP6,3577,6999,0.014549999999999997,0.19093,medium
DBP6,7588,3988,-0.005710000000000003,-0.06364,medium
DBP6,6487,5642,-0.17806,-0.086035,medium
DBP6,4188,559,-0.08770499999999999,-0.027659999999999997,medium
DBP6,4612,443,-0.08001,-0.17579,medium
DBP6,1569,6031,-0.09542,-0.014495000000000001,medium
DBP6,3303,7844,-0.023280000000000002,-0.16676,medium
DBP6,5083,1731,0.15196500000000002,0.0022099999999999967,medium
DBP6,6047,317,-0.234755,-0.061939999999999995,medium
DBP6,4020,5329,-0.070455,-0.008320000000000001,medium
DBP6,1410,3621,-0.049475,0.045125,medium
DBP6,1867,3518,-0.059955,0.04377,medium
DBP6,6109,3481,0.21019,0.04368,medium
DBP6,2070,1623,-0.093625,0.023170000000000003,medium
DBP6,3430,50,-0.14248,-0.012380000000000002,medium
DBP6,4824,6732,0.06363,-0.06069,medium
DBP6,595,7679,-0.157095,-0.04939,medium
DBP6,791,2352,-0.004075000000000002,-0.07198500000000001,medium
DBP6,6743,4568,0.041370000000000004,-0.062225,medium
DBP6,7611,5208,0.10708000000000001,0.0004650000000000071,medium
DBP6,8140,1200,-0.08988499999999999,-0.017735,medium
DBP6,6300,5479,0.01465,-0.044039999999999996,medium
DBP6,3922,814,0.22366,0.05142,medium
DBP6,1714,1276,0.186415,-0.029435,medium
DBP6,6840,166,-0.059415,-0.0008800000000000006,medium
DBP6,3810,6975,0.150455,0.008799999999999999,medium
DBP6,2920,714,-0.005185,0.05775,medium
DBP6,728,5023,-0.070365,0.0026699999999999988,medium
DBP6,526,7598,0.004210000000000002,-0.06941,medium
DBP6,7174,6576,-0.019265,0.26938,medium
DBP6,3589,5904,-0.055900000000000005,-0.142605,medium
DBP6,4206,7904,-0.021695000000000002,-0.11245,medium
DBP6,3976,1022,-0.013759999999999998,-0.161985,medium
DBP6,3024,99,-0.059815,-0.12232499999999999,medium
DBP6,7263,384,-0.012589999999999997,0.071585,medium
DBP6,3107,2537,-0.08843500000000001,0.0024750000000000015,medium
DBP6,2055,3731,-0.014485000000000001,-0.09393,medium
DBP6,7262,6937,0.048635,-0.05091,medium
DBP6,2214,4992,-0.039,0.067435,medium
DBP6,6809,5227,0.005170000000000001,-0.09109500000000001,medium
DBP6,5617,4006,-0.193555,-0.017665,medium
DBP6,7128,2217,0.013580000000000002,-0.106605,medium
DBP6,1498,1037,0.11066500000000001,-0.0029549999999999993,medium
DBP6,83,2659,-0.0577,0.038915,medium
DBP6,4386,5886,0.058429999999999996,-0.05051,medium
DBP6,5563,1220,0.098015,-0.010005,medium
DBP6,6809,3355,0.005170000000000001,0.47385,medium
DBP6,3346,2570,0.09847500000000001,-0.025150000000000002,medium
DBP6,422,4827,0.0040000000000000036,-0.046985,medium
DBP6,4017,857,0.022170000000000002,-0.08869500000000001,medium
DBP6,1166,2468,0.17779,0.014220000000000002,medium
DBP6,7484,1437,-0.0314,0.018475,medium
DBP6,857,6889,-0.08869500000000001,-0.03383,medium
DBP6,5242,4972,0.11438,-0.00477,medium
DBP6,3570,5137,0.054955,-0.02954,medium
DBP6,7604,892,0.002899999999999998,0.092895,medium
DBP6,1391,7351,0.20817000000000002,0.039975,medium
DBP6,2942,5364,0.11410999999999999,-0.046275,medium
DBP6,3450,7610,-0.059755,0.0219,medium
DBP6,4877,7409,-0.05257,0.0131,medium
DBP6,511,6493,-0.265015,-0.047380000000000005,medium
DBP6,3056,5460,-0.12565500000000002,-0.013124999999999998,medium
DBP6,26,22,-0.041215,-0.11762,medium
DBP6,4151,3799,0.00014999999999999996,0.18221,medium
DBP6,4036,4176,-0.032825,0.061930000000000006,medium
DBP6,2456,996,-0.10113,-0.021705000000000002,medium
DBP6,1598,4,0.084005,-0.02237,medium
DBP6,4642,860,-0.11607499999999998,-0.04612,medium
DBP6,5130,6701,0.094885,0.007449999999999998,medium
DBP6,2031,231,-0.0683,-0.015465000000000001,medium
DBP6,423,4589,-0.019459999999999998,-0.136585,medium
DBP6,2246,3415,-0.103485,-0.050535000000000004,medium
DBP6,5286,7580,-0.038884999999999996,-0.10333,medium
DBP6,3808,643,0.14855,0.01858,medium
DBP6,6844,7488,-0.058835,0.033234999999999994,medium
DBP6,2699,5627,-0.0039299999999999995,-0.14174,medium
DBP6,957,451,-0.078825,-0.19095,medium
DBP6,4612,3660,-0.08001,0.00030000000000000165,medium
DBP6,4865,8125,0.011925000000000002,-0.10604000000000001,medium
DBP6,3050,3854,-0.17018,-0.026555000000000002,medium
DBP6,6689,7511,-0.156785,-0.06122,medium
DBP6,5665,7767,-0.061814999999999995,0.019135000000000003,medium
DBP6,264,6469,0.11979000000000001,-0.041305,medium
DBP6,6263,7304,-0.160855,-0.051545,medium
DBP6,7965,2014,-0.09149499999999999,-0.016585000000000003,medium
DBP6,673,7773,0.0907,-0.048125,medium
DBP6,2451,6088,-0.05898500000000001,-0.13047,medium
DBP6,1658,6522,0.0013299999999999996,-0.08418500000000001,medium
DBP6,1492,3943,-0.031235,0.03311,medium
DBP6,3242,7510,-0.05074,0.04665,medium
DBP6,4111,960,0.13193,-0.00756,medium
DBP6,6728,719,-0.08114,-0.160285,medium
DBP6,395,311,-0.090265,0.01259,medium
DBP6,4902,4770,-0.134925,-0.027835000000000002,medium
DBP6,3415,2094,-0.050535000000000004,-0.120775,medium
DBP6,3188,668,-0.11681,0.009455000000000005,medium
DBP6,3652,5294,0.007149999999999997,0.155305,medium
DBP6,4892,636,-0.013170000000000001,-0.119395,medium
DBP6,4029,3029,-0.141815,-0.02293,medium
DBP6,1013,326,0.01005,-0.094055,medium
DBP6,1877,1645,-0.062935,-0.012239999999999997,medium
DBP6,6738,1145,-0.07788,0.044095,medium
DBP6,450,5217,-0.0912,-0.040244999999999996,medium
DBP6,2699,3407,-0.0039299999999999995,-0.05762,medium
DBP6,7734,4767,-0.05715,0.021974999999999998,medium
DBP6,4288,735,-0.0029700000000000004,-0.10766999999999999,medium
DBP6,4257,2681,0.017209999999999996,0.220485,medium
DBP6,5253,1878,0.044585,-0.069555,medium
DBP6,6616,1343,0.031744999999999995,0.12701,medium
DBP6,1718,4770,0.032005,-0.027835000000000002,medium
DBP6,4680,7337,0.159035,-0.008555,medium
DBP6,5404,4036,0.12348999999999999,-0.032825,medium
DBP6,6265,848,0.06539,-0.015955,medium
DBP6,6412,5286,0.012005,-0.038884999999999996,medium
DBP6,5502,4039,-0.060684999999999996,-0.15927000000000002,medium
DBP6,3469,1104,-0.04417,0.05598,medium
DBP6,430,4210,-0.19206499999999999,-0.062095,medium
DBP6,4332,6038,-0.03723,-0.103675,medium
DBP6,7888,6100,0.039604999999999994,-0.025265,medium
DBP6,4630,1115,-0.084375,-0.004659999999999999,medium
DBP6,66,3806,-0.024904999999999997,0.247095,medium
DBP6,283,2598,-0.13349,-0.00369,medium
DBP6,66,1361,-0.024904999999999997,0.118745,medium
DBP6,1152,6446,-0.049324999999999994,-0.121115,medium
DBP6,4458,4335,-0.05806,0.04765,medium
DBP6,7294,536,0.016015,0.09258,medium
DBP6,5667,3443,0.01595,0.20335,medium
DBP6,6423,7339,-0.12719,-0.037855,medium
DBP6,6140,1751,-0.091775,0.013815000000000001,medium
DBP6,1481,6786,-0.11799499999999999,-0.04479,medium
DBP6,7453,1387,-0.015835,0.125955,medium
DBP6,7813,3469,0.025155,-0.04417,medium
DBP6,5639,1555,0.058065000000000005,-0.036559999999999995,medium
DBP6,2308,2947,-0.17146,-0.085255,medium
DBP6,7133,7408,0.010039999999999999,-0.11036499999999999,medium
DBP6,4497,157,0.01498,-0.06143,medium
DBP6,7366,4966,-0.0112,-0.10091,medium
DBP6,4014,2448,0.028175,0.086255,hard
DBP6,2441,2289,-0.07517499999999999,-0.04853,hard
DBP6,5714,6923,-0.069375,-0.094355,hard
DBP6,5388,1108,0.06908500000000001,0.013915,hard
DBP6,7864,7224,-0.06128499999999999,-0.071125,hard
DBP6,7052,1799,-0.17743,-0.12406,hard
DBP6,5676,7937,0.0046050000000000015,0.011925,hard
DBP6,5694,4443,-0.075755,-0.141785,hard
DBP6,6304,539,0.086585,0.06803,hard
DBP6,2427,907,-0.07561,-0.04259,hard
DBP6,5048,416,0.18504,0.062255000000000005,hard
DBP6,8048,4635,-0.08796999999999999,-0.129725,hard
DBP6,6077,1566,-0.051089999999999997,-0.008405000000000001,hard
DBP6,8184,1515,-0.017695000000000002,-0.046405,hard
DBP6,5001,5152,-0.048139999999999995,-0.030035000000000003,hard
DBP6,5109,6223,-0.16585499999999997,-0.142795,hard
DBP6,4670,7563,0.094365,0.20431,hard
DBP6,6119,1581,0.062200000000000005,0.0013999999999999985,hard
DBP6,6363,6486,-0.019265,-0.04288,hard
DBP6,3491,608,0.006184999999999996,-0.003954999999999997,hard
DBP6,2278,3534,0.027835,0.053309999999999996,hard
DBP6,1979,603,-0.036645,-0.017859999999999997,hard
DBP6,3565,3982,-0.010589999999999999,-0.014495000000000001,hard
DBP6,7978,801,-0.105175,-0.166165,hard
DBP6,1328,7425,-0.024815000000000004,-0.06903000000000001,hard
DBP6,913,3467,-0.0314,-0.041159999999999995,hard
DBP6,2720,5349,-0.06748000000000001,-0.073045,hard
DBP6,364,1824,0.062325,0.06287,hard
DBP6,7102,7411,-0.05782,-0.078285,hard
DBP6,4021,3970,0.09690499999999999,0.090725,hard
DBP6,702,6824,-0.015945,-0.033964999999999995,hard
DBP6,4696,113,-0.075805,-0.112735,hard
DBP6,6051,1958,-0.044605,-0.031885,hard
DBP6,7646,6464,0.030359999999999998,-0.012839999999999999,hard
DBP6,7579,558,-0.08735,-0.125255,hard
DBP6,15,797,-0.020675,8.500000000000174e-05,hard
DBP6,3576,6685,-0.009770000000000001,0.025665000000000004,hard
DBP6,830,597,-0.09575,-0.210275,hard
DBP6,4102,7043,-0.008715,-0.025684999999999996,hard
DBP6,2158,4485,0.15904000000000001,0.14462,hard
DBP6,328,1646,-0.07198,-0.116805,hard
DBP6,1590,197,-0.018965,0.01014,hard
DBP6,3138,4216,0.002215000000000001,-0.02967,hard
DBP6,98,807,-0.0332,0.013970000000000003,hard
DBP6,5031,1443,-0.053470000000000004,-0.03535,hard
DBP6,2901,6992,-0.112385,-0.13958500000000001,hard
DBP6,4953,3130,-0.04506,-0.03225,hard
DBP6,5638,2942,0.03343,0.11410999999999999,hard
DBP6,6128,3425,-0.06806,-0.025925,hard
DBP6,8013,718,-0.03892,-0.030725000000000002,hard
DBP6,5555,4971,-0.088095,-0.11771499999999999,hard
DBP6,5101,4439,-0.112355,-0.13698,hard
DBP6,1181,1657,0.047355,0.103405,hard
DBP6,3167,358,-0.06546,-0.042690000000000006,hard
DBP6,7840,3608,0.20378,0.05678,hard
DBP6,4421,5950,-0.10830999999999999,-0.11291999999999999,hard
DBP6,4357,7614,-0.07047,-0.071285,hard
DBP6,6258,1954,0.0017250000000000043,0.05178,hard
DBP6,1233,6719,-0.055025000000000004,-0.01086,hard
DBP6,5386,7253,-0.020560000000000002,-0.03195,hard
DBP6,5791,8184,-0.019779999999999996,-0.017695000000000002,hard
DBP6,8091,5344,-0.14260499999999998,-0.075765,hard
DBP6,1761,5954,-0.12290499999999999,-0.07753,hard
DBP6,4502,6075,-0.057865,-0.11049,hard
DBP6,3490,4994,-0.12444000000000001,-0.104185,hard
DBP6,3358,1169,0.051555000000000004,0.180835,hard
DBP6,4529,5996,-0.115975,-0.13361,hard
DBP6,537,6104,0.13097,0.051205,hard
DBP6,302,162,0.057964999999999996,0.01828,hard
DBP6,7395,4285,0.013290000000000001,-0.032375,hard
DBP6,7400,2366,-0.12284,-0.06783499999999999,hard
DBP6,1231,1071,0.11112,0.060235,hard
DBP6,5683,7704,-0.10922,-0.17798,hard
DBP6,6385,4901,-0.038349999999999995,-0.056825,hard
DBP6,6820,4461,-0.06021,-0.045645,hard
DBP6,5205,4756,0.004625000000000004,-0.0033699999999999997,hard
DBP6,7054,1654,0.0013050000000000006,0.048365,hard
DBP6,2756,4927,-0.07052,-0.07859000000000001,hard
DBP6,3930,2426,-0.003365,0.048190000000000004,hard
DBP6,7033,4926,0.018995,0.042145,hard
DBP6,4805,2638,0.12538,0.07313,hard
DBP6,2529,6052,-0.090845,-0.116465,hard
DBP6,3848,5466,0.03636,0.047404999999999996,hard
DBP6,6239,3471,-0.08496,-0.065945,hard
DBP6,7671,7335,0.02009,0.06696,hard
DBP6,1955,71,-0.044435,-0.046900000000000004,hard
DBP6,4340,154,-0.027175,-0.043905,hard
DBP6,6531,3021,-0.009410000000000002,0.03944,hard
DBP6,212,2810,-0.20314,-0.115085,hard
DBP6,273,20,0.05341,0.01487,hard
DBP6,6963,5570,-0.00418,0.04308,hard
DBP6,2747,157,-0.099205,-0.06143,hard
DBP6,419,3331,-0.07662,-0.05255,hard
DBP6,4207,7423,-0.11730499999999999,-0.10621,hard
DBP6,2180,7992,-0.079045,-0.07946500000000001,hard
DBP6,3506,2941,-0.024149999999999998,-0.062075000000000005,hard
DBP6,2325,3305,-0.085455,-0.04546,hard
DBP6,2291,2750,0.04925499999999999,0.07067999999999999,hard
DBP6,1607,4511,0.041785,0.036495,hard
DBP6,6584,1099,0.033909999999999996,0.102155,hard
DBP6,1209,5012,-0.02544,-0.049944999999999996,hard
DBP6,6828,5851,-0.09373000000000001,-0.08051,hard
DBP6,720,5342,0.077755,0.08433,hard
DBP6,3945,7054,0.049365,0.0013050000000000006,hard
DBP6,3021,3734,0.03944,0.10663500000000001,hard
DBP6,186,1382,0.16171,0.043355000000000005,hard
DBP6,2653,4104,-0.02024,-0.033415,hard
DBP6,1482,677,-0.015615,0.034710000000000005,hard
DBP6,571,7051,0.023545,-0.005490000000000002,hard
DBP6,6751,4296,-0.117725,-0.07886499999999999,hard
DBP6,7134,4600,-0.140675,-0.103825,hard
DBP6,3752,2296,-0.0055,-0.047775000000000005,hard
DBP6,3134,4050,-0.056299999999999996,-0.10300000000000001,hard
DBP6,1839,2504,-0.031330000000000004,-0.003834999999999998,hard
DBP6,7761,3257,-0.128005,-0.096455,hard
DBP6,5306,4596,0.027285,0.106955,hard
DBP6,458,4189,-0.014770000000000002,-0.00639,hard
DBP6,7647,3699,-0.107935,-0.0645,hard
DBP6,602,7355,0.06786,0.03365,hard
DBP6,5785,851,-0.056119999999999996,-0.07105,hard
DBP6,3258,5380,-0.06824,-0.02210000000000001,hard
DBP6,4331,2500,-0.01753,-0.030835,hard
DBP6,7312,4340,-0.029545000000000002,-0.027175,hard
DBP6,1585,1544,0.046625,0.05398,hard
DBP6,4896,3417,-0.024184999999999998,-0.05294,hard
DBP6,6230,570,0.04013,0.107935,hard
DBP6,5387,5311,-0.111015,-0.151215,hard
DBP6,86,1029,0.054075,0.09225,hard
DBP9,3332,1887,0.260515,-0.19438499999999997,easy
DBP9,3656,7704,0.053805,-0.143635,easy
DBP9,4097,4843,0.0011249999999999993,-0.24962,easy
DBP9,607,76,-0.16164,0.09673999999999999,easy
DBP9,7420,821,0.09539500000000001,-0.10853000000000002,easy
DBP9,457,4352,0.019365,-0.139415,easy
DBP9,7835,1018,-0.09446,0.07445,easy
DBP9,5539,644,0.38978999999999997,-0.10364000000000001,easy
DBP9,4134,28,0.21315,-0.11008499999999999,easy
DBP9,2351,7410,-0.18453,0.0034549999999999997,easy
DBP9,896,1178,0.27078,-0.03397,easy
DBP9,3695,194,-0.183705,0.171755,easy
DBP9,3160,1561,-0.1402,0.06342,easy
DBP9,85,6308,-0.14061,0.12298,easy
DBP9,5247,4374,0.23642000000000002,-0.10889499999999999,easy
DBP9,4775,7307,-0.08396,0.177975,easy
DBP9,3194,6456,0.04331,-0.11788000000000001,easy
DBP9,3070,8020,-0.076275,0.265715,easy
DBP9,985,5969,0.158385,-0.070565,easy
DBP9,7773,4408,0.02622,-0.13374,easy
DBP9,5528,7969,0.178735,-0.121945,easy
DBP9,4362,5996,0.12763,-0.18352000000000002,easy
DBP9,1653,1324,0.04591,-0.193995,easy
DBP9,5207,7917,-0.063835,0.13141,easy
DBP9,7272,1697,-0.097355,0.137565,easy
DBP9,8063,5694,0.036385,-0.114785,easy
DBP9,1650,1553,-0.205945,0.00047499999999999994,easy
DBP9,3867,7602,0.148565,-0.1321,easy
DBP9,4887,354,0.056495,-0.116585,easy
DBP9,7341,6321,-0.19385,0.14551,easy
DBP9,6952,5265,-0.16179,0.23531000000000002,easy
DBP9,3518,904,0.03106,-0.17875000000000002,easy
DBP9,3592,1847,0.00874,-0.19805,easy
DBP9,7213,8070,-0.19048500000000002,0.059160000000000004,easy
DBP9,5766,1702,-0.066385,0.156695,easy
DBP9,6871,8058,0.14771,-0.085065,easy
DBP9,894,6746,-0.08967,0.09290000000000001,easy
DBP9,6228,41,-0.26105999999999996,0.065515,easy
DBP9,7187,2643,0.299145,-0.17772,easy
DBP9,7877,1833,0.1365,-0.070965,easy
DBP9,5932,3871,-0.11338000000000001,0.071425,easy
DBP9,3505,6089,-0.090945,0.319955,easy
DBP9,6567,2711,0.12010000000000001,-0.087905,easy
DBP9,7046,4407,0.21012,-0.11395,easy
DBP9,5507,2913,0.1496,-0.08918,easy
DBP9,6954,8061,-0.101905,0.071605,easy
DBP9,6545,6795,0.197545,-0.113815,easy
DBP9,59,4748,0.12040000000000001,-0.12007000000000001,easy
DBP9,7041,6839,0.029965000000000002,-0.17655500000000002,easy
DBP9,6059,3377,-0.26874,0.222765,easy
DBP9,5023,7806,0.034365,-0.158155,easy
DBP9,812,2448,-0.09389499999999999,0.075345,easy
DBP9,4690,1254,-0.16723,0.02785,easy
DBP9,6477,6070,-0.2268,0.047655,easy
DBP9,3916,6986,0.051395,-0.13497,easy
DBP9,4924,7815,-0.21384,0.13591999999999999,easy
DBP9,1867,5230,0.11096500000000001,-0.07916999999999999,easy
DBP9,1996,5513,-0.11203,0.11119,easy
DBP9,4693,4597,-0.224965,0.076855,easy
DBP9,225,5805,0.03304,-0.17352,easy
DBP9,3532,2482,0.18475999999999998,-0.078735,easy
DBP9,6777,3213,0.15515,-0.050605000000000004,easy
DBP9,2721,6283,-0.166605,0.11745,easy
DBP9,3620,4650,0.151265,-0.11523499999999999,easy
DBP9,5434,6102,-0.217385,0.0030399999999999993,easy
DBP9,5979,2989,-0.124025,0.16021999999999997,easy
DBP9,4589,1911,-0.117615,0.06848,easy
DBP9,6543,5694,0.149585,-0.114785,easy
DBP9,4625,449,-0.12248,0.064865,easy
DBP9,310,3221,-0.040279999999999996,0.20001,easy
DBP9,3604,2511,0.094625,-0.11271,easy
DBP9,2377,8103,-0.208035,0.21468500000000001,easy
DBP9,5141,2396,0.038785,-0.14251,easy
DBP9,8131,5934,-0.21993000000000001,0.2711,easy
DBP9,7833,2287,-0.15333,0.023419999999999996,easy
DBP9,84,410,-0.19762000000000002,0.049545000000000006,easy
DBP9,3816,2416,0.254105,-0.170555,easy
DBP9,1190,2575,-0.11777,0.079545,easy
DBP9,2992,5558,-0.1084,0.19803500000000002,easy
DBP9,7054,182,-0.14532,0.01389,easy
DBP9,3101,6463,0.05917,-0.12017,easy
DBP9,1076,7626,0.0472,-0.169335,easy
DBP9,7316,4787,0.08912,-0.118725,easy
DBP9,1768,1064,-0.194605,0.161645,easy
DBP9,6557,5066,0.12522,-0.07816500000000001,easy
DBP9,3148,3942,0.078925,-0.17457,easy
DBP9,2354,7703,-0.132305,0.056335,easy
DBP9,6196,6274,0.260775,-0.119735,easy
DBP9,888,2188,0.354655,-0.037544999999999995,easy
DBP9,4324,7665,-0.11918999999999999,0.05446,easy
DBP9,4518,1786,-0.11973,0.065125,easy
DBP9,4153,6566,0.16842000000000001,-0.067335,easy
DBP9,2537,5647,0.023385000000000003,-0.16494,easy
DBP9,611,1376,-0.10330500000000001,0.083595,easy
DBP9,7682,1776,0.09045,-0.201455,easy
DBP9,1204,233,0.202415,-0.040095,easy
DBP9,1288,7060,0.119065,-0.16049,easy
DBP9,1270,8172,-0.12956499999999999,0.027725,easy
DBP9,4876,6187,-0.17163,0.034555,easy
DBP9,1066,1901,0.080545,-0.15872999999999998,easy
DBP9,1048,577,0.193235,-0.04549,easy
DBP9,3784,913,0.21388000000000001,-0.059135,easy
DBP9,4105,5391,-0.12636,0.125185,easy
DBP9,4388,163,-0.09119,0.12387500000000001,easy
DBP9,4677,1494,-0.15689999999999998,0.15248,easy
DBP9,4251,5048,-0.036785,0.22257,easy
DBP9,5201,2179,0.24117,-0.13436,easy
DBP9,6390,110,-0.15105,0.04091,easy
DBP9,5312,5998,-0.06265,0.18293500000000001,easy
DBP9,5267,7586,0.06021,-0.1303,easy
DBP9,3031,2345,0.049115,-0.29571000000000003,easy
DBP9,2294,4863,0.09472499999999999,-0.126255,easy
DBP9,6882,3848,0.30683499999999997,-0.053349999999999995,easy
DBP9,896,460,0.27078,-0.123655,easy
DBP9,1273,1914,-0.12435,0.07504,easy
DBP9,5766,925,-0.066385,0.179895,easy
DBP9,5244,4651,0.29358,-0.070135,easy
DBP9,7673,5301,0.138075,-0.094245,easy
DBP9,6913,1247,0.266155,-0.03134,easy
DBP9,333,5042,-0.104495,0.209735,easy
DBP9,7057,4199,0.00837,-0.20349499999999998,easy
DBP9,993,6433,0.07974,-0.1061,easy
DBP9,5208,1718,-0.16627999999999998,0.05483,easy
DBP9,5729,734,-0.034605,0.21081,easy
DBP9,1542,5846,0.09436,-0.13617,easy
DBP9,931,3281,0.107445,-0.19592500000000002,easy
DBP9,7267,3973,-0.1641,0.13724,easy
DBP9,5813,5077,0.090655,-0.14651,easy
DBP9,7796,6198,-0.210845,0.15714,easy
DBP9,6552,7737,0.089615,-0.121975,easy
DBP9,4720,7176,0.19752,-0.23252,easy
DBP9,5447,5926,-0.21892,0.070495,easy
DBP9,6145,2156,-0.12611,0.14711000000000002,easy
DBP9,533,3393,-0.152965,0.185635,easy
DBP9,7592,1291,0.02367,-0.131795,easy
DBP9,7213,959,-0.19048500000000002,0.076335,easy
DBP9,1021,3276,0.057855000000000004,-0.154725,easy
DBP9,7145,6121,-0.107385,0.07236999999999999,easy
DBP9,7549,6470,0.25584,-0.27193500000000004,easy
DBP9,4543,760,-0.10771,0.14399,easy
DBP9,2384,7104,0.027804999999999996,-0.139825,easy
DBP9,5786,7590,-0.12471,0.14444,easy
DBP9,4106,2266,-0.181745,0.10979,easy
DBP9,5901,1634,-0.18634499999999998,0.0025000000000000022,easy
DBP9,372,3322,-0.07219,0.22163,easy
DBP9,7940,7069,0.098235,-0.072485,easy
DBP9,2575,879,0.079545,-0.11962,easy
DBP9,3652,2112,0.04103,-0.136275,easy
DBP9,344,5026,0.05476,-0.1879,easy
DBP9,5586,4927,0.10688999999999999,-0.11341000000000001,easy
DBP9,3101,7976,0.05917,-0.20743,easy
DBP9,2971,2050,0.047825,-0.165635,easy
DBP9,2433,16,-0.156505,0.194475,easy
DBP9,2292,6265,-0.106735,0.116615,easy
DBP9,2554,904,0.030575000000000005,-0.17875000000000002,easy
DBP9,1487,4628,0.069515,-0.180085,easy
DBP9,6283,4718,0.11745,-0.09160499999999999,easy
DBP9,6357,2382,-0.015930000000000007,-0.243145,easy
DBP9,2901,7694,-0.059660000000000005,0.12713000000000002,easy
DBP9,7963,2595,-0.125215,0.090725,easy
DBP9,6054,767,-0.07960500000000001,0.08507500000000001,easy
DBP9,5506,2239,0.034445,-0.15866,easy
DBP9,7302,4582,0.26141000000000003,-0.089835,easy
DBP9,5084,1177,0.28543,-0.169595,easy
DBP9,5062,5122,-0.15226,0.303745,easy
DBP9,2502,2085,-0.15123,0.12662500000000002,easy
DBP9,990,4433,0.19971,-0.060105,easy
DBP9,3884,6395,0.18782,-0.11610999999999999,easy
DBP9,8042,7606,-0.100025,0.21302500000000002,easy
DBP9,5350,6430,0.095855,-0.163885,easy
DBP9,1640,5135,0.06637499999999999,-0.18788,easy
DBP9,7573,2290,0.38227,-0.086285,easy
DBP9,5180,5792,0.08295,-0.10533000000000001,easy
DBP9,3737,1674,0.12869,-0.06855,easy
DBP9,6808,966,-0.11343,0.062985,easy
DBP9,5545,2712,0.305135,-0.138835,easy
DBP9,2250,4982,-0.26253000000000004,0.040645,easy
DBP9,3075,1905,-0.14309,0.21787499999999999,easy
DBP9,5807,3890,-0.1476,0.20309,easy
DBP9,2082,2742,0.0319,-0.13063000000000002,easy
DBP9,3089,989,-0.08196999999999999,0.19427,easy
DBP9,7980,7631,-0.108195,0.280705,easy
DBP9,5083,3109,0.26733,-0.116455,easy
DBP9,5102,8022,-0.094225,0.15347,easy
DBP9,3978,1353,-0.088545,0.08551,easy
DBP9,4208,6925,-0.12019,0.12796,easy
DBP9,3803,4981,0.076035,-0.13469,easy
DBP9,2257,3704,0.176215,-0.10803,easy
DBP9,5107,4507,0.10974500000000001,-0.08272499999999999,easy
DBP9,7806,257,-0.158155,0.21265,easy
DBP9,3314,3850,-0.08918999999999999,0.07658,easy
DBP9,6382,5549,-0.137465,0.09042,easy
DBP9,5471,342,0.030105,-0.175705,easy
DBP9,4897,3026,-0.18266,0.05169,easy
DBP9,495,1010,-0.180175,0.01336,easy
DBP9,5946,6869,-0.0722,0.25541,easy
DBP9,5652,4799,-0.12422,0.052934999999999996,easy
DBP9,5784,7880,-0.19555499999999998,0.001445,easy
DBP9,6453,4878,0.091355,-0.08421999999999999,easy
DBP9,7435,1708,-0.19045499999999999,0.12623499999999999,easy
DBP9,3016,7228,0.036294999999999994,-0.128715,easy
DBP9,2369,8095,-0.15728,0.05051,easy
DBP9,1641,2077,0.320495,-0.123545,easy
DBP9,6393,878,-0.005555000000000001,-0.230825,easy
DBP9,3987,6659,-0.035895,0.22147,easy
DBP9,6229,4979,-0.05691,-0.16679,medium
DBP9,1394,3425,-0.090915,0.052035,medium
DBP9,3776,7234,0.103745,-0.036095,medium
DBP9,1264,944,-0.004589999999999999,0.184705,medium
DBP9,2703,7628,-0.12569000000000002,-0.018340000000000002,medium
DBP9,3126,3585,-0.02465,0.060015,medium
DBP9,3212,2441,-0.006865,-0.17534,medium
DBP9,6661,4535,0.097105,-0.033825,medium
DBP9,5265,5175,0.23531000000000002,0.021955,medium
DBP9,814,6905,0.224945,0.063085,medium
DBP9,5144,3186,0.10512,-0.057565000000000005,medium
DBP9,4874,2385,0.059795,-0.093215,medium
DBP9,8097,2221,0.259385,-0.010895,medium
DBP9,154,3877,-0.00681,0.10622000000000001,medium
DBP9,2630,2986,-0.044695,0.139145,medium
DBP9,4210,7514,0.01435,0.30249000000000004,medium
DBP9,8048,7848,-0.058965000000000004,0.001400000000000002,medium
DBP9,1252,1795,-0.008295,-0.085145,medium
DBP9,2411,6498,0.04885,0.28117499999999995,medium
DBP9,179,4237,0.089165,-0.03689,medium
DBP9,2763,3937,-0.08098999999999999,0.031155000000000002,medium
DBP9,2236,6877,-0.102375,-0.03669,medium
DBP9,680,358,-0.048159999999999994,0.059195000000000005,medium
DBP9,7058,2208,-0.087475,-0.17688500000000001,medium
DBP9,6562,2843,0.02309,-0.118025,medium
DBP9,2888,129,0.04226,0.18091000000000002,medium
DBP9,8109,2897,0.07625499999999999,-0.045925,medium
DBP9,4826,1643,0.01992,0.24471500000000002,medium
DBP9,7530,2040,-0.13078,-0.048685,medium
DBP9,6456,655,-0.11788000000000001,-0.026615,medium
DBP9,5066,5721,-0.07816500000000001,-0.00869,medium
DBP9,1627,4156,0.17353,0.003169999999999999,medium
DBP9,6978,4959,-0.15818500000000002,-0.02975,medium
DBP9,6124,7530,-0.029265,-0.13078,medium
DBP9,6618,4263,0.090485,0.001114999999999998,medium
DBP9,1524,1801,-0.067625,-0.19483,medium
DBP9,5670,314,-0.013685,0.139915,medium
DBP9,5509,5440,-0.01565,-0.1221,medium
DBP9,5029,6188,0.022295000000000002,-0.075365,medium
DBP9,1538,786,-0.052745,-0.12884,medium
DBP9,5211,5730,-0.048595,-0.12365999999999999,medium
DBP9,3614,5531,0.024825,0.13886500000000002,medium
DBP9,1418,3366,-0.012115,0.244785,medium
DBP9,1201,2848,0.04854,-0.07578499999999999,medium
DBP9,1789,6002,-0.21083000000000002,-0.097465,medium
DBP9,4336,4297,-0.045675,0.08046,medium
DBP9,6269,2971,0.174035,0.047825,medium
DBP9,5495,7626,-0.0329,-0.169335,medium
DBP9,739,4120,0.20697,0.029169999999999998,medium
DBP9,3092,1544,-0.078875,0.051430000000000003,medium
DBP9,8076,1658,-0.01582,0.19922,medium
DBP9,1669,605,0.053455,-0.067455,medium
DBP9,7197,3061,0.016055000000000003,0.117355,medium
DBP9,4814,340,0.13563999999999998,-0.013935000000000001,medium
DBP9,8122,5776,-0.06288,0.022949999999999998,medium
DBP9,133,5748,0.06708,-0.05957,medium
DBP9,912,2880,0.006059999999999998,-0.063105,medium
DBP9,1329,6812,-0.05423,0.112485,medium
DBP9,2865,5482,0.1648,-0.03334,medium
DBP9,2796,3298,0.175435,-0.0012150000000000077,medium
DBP9,5437,2452,0.04482,-0.07058,medium
DBP9,5146,8145,0.125775,0.02842,medium
DBP9,4403,7060,-0.075185,-0.16049,medium
DBP9,924,3301,-0.014605000000000003,-0.19813999999999998,medium
DBP9,5297,2984,0.005945000000000001,0.11194,medium
DBP9,739,4249,0.20697,-0.009625,medium
DBP9,3860,7942,-0.09992499999999999,0.010415,medium
DBP9,6651,5404,0.07299,-0.052905,medium
DBP9,4133,5067,-0.010195000000000003,-0.103895,medium
DBP9,2751,4669,-0.022054999999999998,0.300105,medium
DBP9,1171,3122,0.11429,-0.03519,medium
DBP9,7203,89,-0.12343,0.01244,medium
DBP9,3904,2937,0.24569,-0.022699999999999998,medium
DBP9,3688,4775,-0.16011,-0.08396,medium
DBP9,6628,2702,0.085375,-0.023565,medium
DBP9,3466,7287,-0.082985,-0.020545,medium
DBP9,7080,7559,0.05833000000000001,0.27614,medium
DBP9,3925,4318,0.00682,0.12678499999999998,medium
DBP9,7970,5052,0.014880000000000004,0.09809,medium
DBP9,5364,436,0.003765000000000001,0.31905,medium
DBP9,5833,699,-0.03701,-0.14334999999999998,medium
DBP9,2256,1438,0.00719,-0.105475,medium
DBP9,7225,5397,-0.06562,0.021285,medium
DBP9,2777,4334,0.05423,-0.0899,medium
DBP9,4523,160,-0.12595,-0.03426,medium
DBP9,6455,934,-0.04003,0.12538,medium
DBP9,7842,6172,-0.029539999999999997,0.061454999999999996,medium
DBP9,4109,7172,0.00684,-0.134845,medium
DBP9,3664,4726,-0.140875,-0.06245,medium
DBP9,3187,972,-0.05275,0.11637499999999999,medium
DBP9,7252,1799,-0.06462,-0.219775,medium
DBP9,7987,5077,-0.015680000000000003,-0.14651,medium
DBP9,2517,4363,-0.049415,0.03202,medium
DBP9,3191,1172,-0.00396,0.085895,medium
DBP9,7495,7310,-0.07172500000000001,0.037835,medium
DBP9,6304,306,0.120015,0.00255,medium
DBP9,6519,5408,0.13618,-0.043355,medium
DBP9,8153,1392,0.36712,0.05529,medium
DBP9,5464,5780,0.18819,-0.031314999999999996,medium
DBP9,5312,4347,-0.06265,-0.0034750000000000007,medium
DBP9,7780,8036,-0.07665999999999999,-0.180745,medium
DBP9,3402,4521,0.24207499999999998,0.0007600000000000003,medium
DBP9,4348,6817,-0.16335,-0.07197500000000001,medium
DBP9,3920,6820,-0.006835000000000001,-0.064885,medium
DBP9,7578,6999,0.030100000000000002,0.297655,medium
DBP9,1217,5582,-0.06886500000000001,0.032635,medium
DBP9,6209,4803,-0.026705,0.04149,medium
DBP9,7423,1181,0.122935,0.016649999999999998,medium
DBP9,1382,3750,0.032465,0.1476,medium
DBP9,4097,1300,0.0011249999999999993,-0.10882,medium
DBP9,4384,4969,-0.2027,-0.045910000000000006,medium
DBP9,2797,5222,0.122375,-0.004595000000000002,medium
DBP9,6369,7779,-0.15792499999999998,-0.05781,medium
DBP9,2255,7231,0.010755,-0.095805,medium
DBP9,1409,5001,0.042185,-0.05716500000000001,medium
DBP9,5402,2567,-0.064375,0.0027450000000000044,medium
DBP9,3067,1951,-0.07350999999999999,0.027675000000000005,medium
DBP9,913,2145,-0.059135,0.033510000000000005,medium
DBP9,2805,8125,-0.0018750000000000004,-0.08859500000000001,medium
DBP9,142,7426,-0.01682,0.08206,medium
DBP9,3119,1219,0.01016,0.22424500000000003,medium
DBP9,5635,7212,-0.035735,-0.22837000000000002,medium
DBP9,1749,2077,0.0046099999999999995,-0.123545,medium
DBP9,7760,5362,-0.07764,0.052254999999999996,medium
DBP9,4523,6537,-0.12595,-0.05062,medium
DBP9,4073,3669,-0.06855,0.06745999999999999,medium
DBP9,3688,1839,-0.16011,-0.083085,medium
DBP9,2160,5509,-0.09125,-0.01565,medium
DBP9,4064,3791,-0.012539999999999999,0.09682,medium
DBP9,5368,7040,-0.12419,0.00447,medium
DBP9,5724,619,-0.191325,-0.020695,medium
DBP9,1029,4055,-0.02565,-0.10458,medium
DBP9,4276,4293,0.083245,-0.018064999999999998,medium
DBP9,2988,65,0.140685,-0.0016100000000000003,medium
DBP9,5319,7157,0.13231,-0.005604999999999999,medium
DBP9,5452,7778,-0.047015,0.103175,medium
DBP9,5821,2084,-0.052629999999999996,-0.141075,medium
DBP9,7221,4266,-0.06935,0.06891499999999999,medium
DBP9,920,6031,-0.006719999999999999,-0.15843000000000002,medium
DBP9,4599,7820,-0.035565,-0.11835,medium
DBP9,6531,4750,0.02124,-0.06257,medium
DBP9,6275,4418,-0.156895,-0.03136,medium
DBP9,6085,2670,-0.009884999999999998,-0.09945999999999999,medium
DBP9,5058,4585,-0.159295,-0.03689,medium
DBP9,1090,2308,0.13118000000000002,-0.052430000000000004,medium
DBP9,7293,4894,0.015254999999999998,-0.10791,medium
DBP9,5226,2685,0.006650000000000003,0.10011,medium
DBP9,3481,5057,0.0070550000000000005,-0.070275,medium
DBP9,848,2408,0.13335,0.019440000000000002,medium
DBP9,1426,656,-0.04246,-0.14038499999999998,medium
DBP9,4913,1337,0.211385,-0.015424999999999998,medium
DBP9,6696,3141,-0.021765,-0.08743000000000001,medium
DBP9,1833,120,-0.070965,-0.16898,medium
DBP9,2812,5658,-0.102435,-0.012085,medium
DBP9,1109,3069,0.00016500000000000022,0.108255,medium
DBP9,4968,5413,-0.038675,0.06482,medium
DBP9,99,1352,0.06604,-0.03393,medium
DBP9,389,7573,0.057475000000000005,0.38227,medium
DBP9,372,886,-0.07219,0.08607000000000001,medium
DBP9,680,2546,-0.048159999999999994,-0.14858,medium
DBP9,1445,5851,-0.14506,-0.07426,medium
DBP9,4583,4383,-0.15141,0.0020850000000000035,medium
DBP9,2412,1054,-0.059969999999999996,0.073965,medium
DBP9,39,4973,-0.16055,-0.06175,medium
DBP9,6494,8152,0.017865,0.298585,medium
DBP9,7066,1169,0.0026700000000000005,0.259125,medium
DBP9,1871,6605,-0.063905,-0.23313,medium
DBP9,1886,5802,-0.118295,-0.028724999999999997,medium
DBP9,771,518,-0.025650000000000003,0.09533,medium
DBP9,4709,6378,0.35077,-0.01621,medium
DBP9,1905,4151,0.21787499999999999,0.03728,medium
DBP9,7150,1315,-0.16734,-0.028595,medium
DBP9,6742,827,-0.126865,-0.028820000000000002,medium
DBP9,7693,7568,0.09849,0.0036300000000000013,medium
DBP9,5328,1781,0.072575,-0.02156,medium
DBP9,6081,7725,0.14004,-0.049324999999999994,medium
DBP9,1426,4772,-0.04246,0.06242,medium
DBP9,6118,3770,-0.04639,0.096905,medium
DBP9,5560,3119,0.27313,0.01016,medium
DBP9,298,3320,0.115645,0.113885,hard
DBP9,4890,478,-0.10392000000000001,-0.054265,hard
DBP9,4408,4768,-0.13374,-0.14007999999999998,hard
DBP9,8080,1240,-0.054375,-0.07853,hard
DBP9,1963,1192,-0.016455,-0.01908,hard
DBP9,2098,7988,0.070515,0.079425,hard
DBP9,1961,6033,-0.04237,-0.078715,hard
DBP9,5657,2284,-0.024880000000000003,-0.04132,hard
DBP9,3665,7058,-0.048545000000000005,-0.087475,hard
DBP9,5570,4837,-0.02386,-0.01042,hard
DBP9,4397,6340,0.02256,-0.017490000000000002,hard
DBP9,278,2551,-0.01802,0.03672,hard
DBP9,7946,115,0.21215,0.076975,hard
DBP9,7031,3640,-0.10517,-0.1734,hard
DBP9,7955,7828,-0.08126,-0.07991999999999999,hard
DBP9,3777,6245,0.08698,0.012325,hard
DBP9,1590,6529,-0.145595,-0.21566000000000002,hard
DBP9,2063,7456,-0.061085,-0.089115,hard
DBP9,2167,984,0.037245,0.108735,hard
DBP9,7228,566,-0.128715,-0.111445,hard
DBP9,1832,3697,-0.12314499999999999,-0.143015,hard
DBP9,378,1340,-0.09068999999999999,-0.109075,hard
DBP9,2878,845,0.06431,0.010499999999999999,hard
DBP9,7921,5740,-0.00031999999999999997,0.05459,hard
DBP9,4743,7011,0.165295,0.093445,hard
DBP9,389,2445,0.057475000000000005,0.068185,hard
DBP9,7194,522,-0.100175,-0.09715499999999999,hard
DBP9,2906,5669,-0.12797,-0.12645,hard
DBP9,4869,7430,0.029535,0.10939499999999999,hard
DBP9,4349,5595,-0.20783000000000001,-0.182265,hard
DBP9,7037,8136,-0.044774999999999995,-0.04045,hard
DBP9,7077,5090,-0.043965,-0.092385,hard
DBP9,4463,4819,0.0008249999999999993,0.066745,hard
DBP9,7329,2211,-0.06419,-0.093275,hard
DBP9,1024,3762,0.106345,0.191885,hard
DBP9,3174,5506,0.01219,0.034445,hard
DBP9,3558,6848,0.037465,0.08555,hard
DBP9,4862,6918,-0.012855,0.024730000000000002,hard
DBP9,3979,728,-0.0968,-0.088585,hard
DBP9,5776,1687,0.022949999999999998,0.10165,hard
DBP9,8149,1113,0.06601,0.08434,hard
DBP9,7134,4197,-0.127955,-0.14931,hard
DBP9,4936,5117,-0.09492,-0.17379,hard
DBP9,3022,2392,0.056830000000000006,-0.004569999999999999,hard
DBP9,2587,5021,-0.08624,-0.16028,hard
DBP9,2831,1735,0.0018299999999999983,0.007464999999999999,hard
DBP9,5373,4811,0.04098,0.09525,hard
DBP9,1241,3122,-0.0011549999999999998,-0.03519,hard
DBP9,2652,3493,-0.166655,-0.18736999999999998,hard
DBP9,3987,3406,-0.035895,-0.047015,hard
DBP9,3259,2233,0.04711,-0.010474999999999998,hard
DBP9,7734,3310,0.06837,0.055035,hard
DBP9,2667,1299,-0.076795,-0.14241,hard
DBP9,4005,5253,-0.03868,-0.076555,hard
DBP9,7119,5612,-0.21681499999999998,-0.173645,hard
DBP9,4077,6143,-0.032985,0.0032499999999999994,hard
DBP9,3319,5808,-0.09281500000000001,-0.07335,hard
DBP9,7909,5524,-0.041389999999999996,-0.090905,hard
DBP9,6131,2949,0.024900000000000002,-0.02642,hard
DBP9,1953,3183,0.072855,0.011865,hard
DBP9,894,1723,-0.08967,-0.0758,hard
DBP9,6673,5451,0.175985,0.14583000000000002,hard
DBP9,313,19,0.049325,0.07422999999999999,hard
DBP9,5989,5774,-0.07323,-0.10226,hard
DBP9,5735,4023,0.0027099999999999997,-0.0211,hard
DBP9,457,1451,0.019365,-0.01174,hard
DBP9,2795,1429,-0.020895,-0.06712,hard
DBP9,4447,181,0.00258,-0.050155000000000005,hard
DBP9,1747,1412,-0.010675,0.021655,hard
DBP9,2891,7925,0.038355,0.129135,hard
DBP9,8125,4771,-0.08859500000000001,-0.040355,hard
DBP9,7158,1587,0.037655,-0.003134999999999999,hard
DBP9,2720,1362,0.06352000000000001,0.20254499999999998,hard
DBP9,259,3423,-0.02049,-0.0028150000000000002,hard
DBP9,5918,7754,0.11749499999999999,0.03423,hard
DBP9,1930,2755,0.028354999999999998,0.0061200000000000004,hard
DBP9,4602,1300,-0.12997,-0.10882,hard
DBP9,1707,2805,-0.017355000000000002,-0.0018750000000000004,hard
DBP9,6593,689,0.140735,0.075595,hard
DBP9,5815,7806,-0.119945,-0.158155,hard
DBP9,7388,1636,-0.051265,-0.02421,hard
DBP9,6536,6991,-0.023315,0.009974999999999998,hard
DBP9,798,1098,0.06567,0.032035,hard
DBP9,1874,2409,0.03207,-0.006964999999999999,hard
DBP9,6436,2239,-0.25111,-0.15866,hard
DBP9,1775,3834,0.053614999999999996,0.004579999999999999,hard
DBP9,4437,7971,-0.179525,-0.16525499999999999,hard
DBP9,5032,150,-0.061200000000000004,-0.05434,hard
DBP9,4725,3005,0.019055,0.08000499999999999,hard
DBP9,6415,948,0.09412000000000001,0.20637,hard
DBP9,3296,5090,-0.050955,-0.092385,hard
DBP9,5357,7955,-0.069525,-0.08126,hard
DBP9,7835,6834,-0.09446,-0.09599500000000001,hard
DBP9,7713,201,0.04488,0.10405500000000001,hard
DBP9,5350,6191,0.095855,0.04686,hard
DBP9,4825,986,0.36766,0.12028,hard
DBP9,7851,1952,-0.12015999999999999,-0.05949,hard
DBP9,225,7597,0.03304,0.09287000000000001,hard
DBP9,299,1019,-0.05899,-0.0201,hard
DBP9,7026,434,0.014090000000000002,-0.038764999999999994,hard
DBP9,5340,3833,0.07569999999999999,0.052085000000000006,hard
DBP9,3274,6775,0.007495,0.020545,hard
DBP9,1660,6212,-0.086655,-0.11492,hard
DBP9,5582,107,0.032635,-0.01346,hard
DBP9,7502,2900,0.05788,0.07169,hard
DBP9,6288,527,-0.11793500000000001,-0.07311000000000001,hard
DBP9,1034,5517,0.08554500000000001,0.049165,hard
DBP9,8173,3880,0.129375,0.11591,hard
DBP9,7355,4676,-0.063385,-0.05173,hard
DBP9,6996,1290,-0.06859499999999999,-0.016274999999999998,hard
DBP9,533,5947,-0.152965,-0.12017,hard
DBP9,6350,574,-0.167105,-0.111745,hard
DBP9,5333,1327,-0.10386000000000001,-0.18558000000000002,hard
DBP9,111,1525,0.078705,0.077105,hard
DBP9,4743,5771,0.165295,0.07155,hard
DBP9,3485,532,-0.039295,-0.03811500000000001,hard
DBP9,1554,3615,-0.122695,-0.13561499999999999,hard
DBP9,2607,5093,-0.07132,-0.07316,hard
DBP9,1408,3722,0.06321,0.089725,hard
DBP9,7773,2194,0.02622,-0.01601,hard
DBP9,469,2080,-0.10655500000000001,-0.05326,hard
DBP9,4060,284,-0.14206,-0.10772,hard
DBP9,1477,5482,-0.072235,-0.03334,hard
DBP9,4151,5616,0.03728,0.009970000000000007,hard
DBP9,854,6941,0.04319,0.066805,hard
DBP9,7274,1704,-0.08860499999999999,-0.08515500000000001,hard
DBP9,630,3615,-0.13434000000000001,-0.13561499999999999,hard
DBP9,1709,7248,0.10121,0.19952,hard
