protein_id,canonical_7mer,experimental_escore,experimental_percentile,sequence_score,deeppbs_score,nampnn_score,simple_pc_score,failure_category
DBP1,AAACACA,0.16074,0.95086669921875,0.0,,,,experimental_high_sequence_proxy_low
DBP1,AAACCTG,-0.13756000000000002,0.0928955078125,0.3333333333333333,,,,sequence_proxy_high_experimental_low
DBP1,AAACTGC,-0.05738,0.3282470703125,0.3333333333333333,,,,sequence_proxy_high_experimental_low
DBP1,AAAGCAG,-0.201765,0.01806640625,0.3333333333333333,,,,sequence_proxy_high_experimental_low
DBP1,AAAGGCA,-0.03862,0.395751953125,0.3333333333333333,,,,sequence_proxy_high_experimental_low
DBP1,AAAGTCA,0.244195,0.9869384765625,0.0,,,,experimental_high_sequence_proxy_low
DBP1,AAAGTGA,0.30145,0.9923095703125,0.0,,,,experimental_high_sequence_proxy_low
DBP1,AAAGTGG,0.17328,0.961181640625,0.0,,,,experimental_high_sequence_proxy_low
DBP1,AAATATA,0.18024,0.96630859375,0.0,,,,experimental_high_sequence_proxy_low
DBP1,AAATATG,0.20124999999999998,0.975830078125,0.0,,,,experimental_high_sequence_proxy_low
DBP1,AAATGTC,0.16239,0.953369140625,0.0,,,,experimental_high_sequence_proxy_low
DBP1,AAATGTG,0.23389500000000002,0.985107421875,0.0,,,,experimental_high_sequence_proxy_low
DBP1,AACAAGT,0.168765,0.9583740234375,0.0,,,,experimental_high_sequence_proxy_low
DBP1,AACAATG,0.163375,0.9544677734375,0.0,,,,experimental_high_sequence_proxy_low
DBP1,AACAGGC,-0.097795,0.1866455078125,0.3333333333333333,,,,sequence_proxy_high_experimental_low
DBP1,AACAGGG,-0.14332499999999998,0.0819091796875,0.3333333333333333,,,,sequence_proxy_high_experimental_low
DBP1,AACATAT,0.181065,0.9674072265625,0.0,,,,experimental_high_sequence_proxy_low
DBP1,AACATGT,0.22018500000000002,0.9820556640625,0.0,,,,experimental_high_sequence_proxy_low
DBP1,AACCAGG,-0.075155,0.263427734375,0.3333333333333333,,,,sequence_proxy_high_experimental_low
DBP1,AACCCTG,-0.10434,0.1685791015625,0.3333333333333333,,,,sequence_proxy_high_experimental_low
DBP1,AACCTGC,-0.03254,0.4183349609375,0.6,,,,sequence_proxy_high_experimental_low
DBP1,AACCTGG,-0.119775,0.1278076171875,0.3333333333333333,,,,sequence_proxy_high_experimental_low
DBP1,AACCTGT,-0.067435,0.2901611328125,0.3333333333333333,,,,sequence_proxy_high_experimental_low
DBP1,AACGACA,0.16058,0.95068359375,0.0,,,,experimental_high_sequence_proxy_low
DBP1,AACGCAG,-0.044845,0.3753662109375,0.3333333333333333,,,,sequence_proxy_high_experimental_low
DBP1,AACGTGA,0.22043000000000001,0.982177734375,0.0,,,,experimental_high_sequence_proxy_low
DBP1,AACTGCA,-0.047630000000000006,0.364501953125,0.4,,,,sequence_proxy_high_experimental_low
DBP1,AACTGCC,-0.066485,0.29461669921875,0.3333333333333333,,,,sequence_proxy_high_experimental_low
DBP1,AAGAGAC,0.16312000000000001,0.9542236328125,0.0,,,,experimental_high_sequence_proxy_low
DBP1,AAGATGT,0.192565,0.9716796875,0.0,,,,experimental_high_sequence_proxy_low
DBP1,AAGCAGA,-0.07941999999999999,0.2479248046875,0.3333333333333333,,,,sequence_proxy_high_experimental_low
DBP1,AAGCAGC,-0.10098499999999999,0.177978515625,0.4,,,,sequence_proxy_high_experimental_low
DBP1,AAGCAGG,-0.16255999999999998,0.05615234375,0.6,,,,sequence_proxy_high_experimental_low
DBP1,AAGCGAC,0.224305,0.9830322265625,0.0,,,,experimental_high_sequence_proxy_low
DBP1,AAGCTGC,-0.11613,0.1358642578125,0.4,,,,sequence_proxy_high_experimental_low
DBP1,AAGGCAA,-0.21557500000000002,0.011962890625,0.3333333333333333,,,,sequence_proxy_high_experimental_low
DBP1,AAGGCAG,-0.13909,0.08984375,0.6,,,,sequence_proxy_high_experimental_low
DBP1,AAGGCTG,-0.16444,0.0537109375,0.3333333333333333,,,,sequence_proxy_high_experimental_low
DBP1,AAGGGCA,-0.03851,0.3958740234375,0.3333333333333333,,,,sequence_proxy_high_experimental_low
DBP1,AAGTATA,0.211245,0.9794921875,0.0,,,,experimental_high_sequence_proxy_low
DBP1,AAGTATT,0.16147,0.9520263671875,0.0,,,,experimental_high_sequence_proxy_low
DBP1,AAGTCAC,0.45277,0.9979248046875,0.0,,,,experimental_high_sequence_proxy_low
DBP1,AAGTCTC,0.162995,0.9539794921875,0.0,,,,experimental_high_sequence_proxy_low
DBP1,AAGTGAC,0.47605,0.9993896484375,0.0,,,,experimental_high_sequence_proxy_low
DBP1,AAGTGTC,0.29223,0.99169921875,0.0,,,,experimental_high_sequence_proxy_low
DBP1,AATATGA,0.162045,0.953125,0.0,,,,experimental_high_sequence_proxy_low
DBP1,AATATGG,0.2169,0.9810791015625,0.0,,,,experimental_high_sequence_proxy_low
DBP1,AATATGT,0.19372,0.971923828125,0.0,,,,experimental_high_sequence_proxy_low
DBP1,AATCACA,0.1795,0.9654541015625,0.0,,,,experimental_high_sequence_proxy_low
DBP1,AATCCTG,-0.080905,0.2430419921875,0.3333333333333333,,,,sequence_proxy_high_experimental_low
DBP1,AATCTGC,-0.10277,0.173828125,0.3333333333333333,,,,sequence_proxy_high_experimental_low
DBP1,AATGAAC,0.16578500000000002,0.9564208984375,0.0,,,,experimental_high_sequence_proxy_low
DBP1,AATGACA,0.22793999999999998,0.9840087890625,0.0,,,,experimental_high_sequence_proxy_low
DBP1,AATGCAG,-0.037975,0.3980712890625,0.4,,,,sequence_proxy_high_experimental_low
DBP1,AATGCCT,-0.020185,0.469482421875,0.3333333333333333,,,,sequence_proxy_high_experimental_low
DBP1,AATGGTG,0.16312,0.9541015625,0.0,,,,experimental_high_sequence_proxy_low
DBP1,AATGTCA,0.23210999999999998,0.984619140625,0.0,,,,experimental_high_sequence_proxy_low
DBP1,AATGTGA,0.373115,0.995361328125,0.0,,,,experimental_high_sequence_proxy_low
DBP1,AATGTGT,0.20462999999999998,0.9769287109375,0.0,,,,experimental_high_sequence_proxy_low
DBP1,AATTCAC,0.17511,0.9625244140625,0.0,,,,experimental_high_sequence_proxy_low
DBP1,ACAAAAT,0.16525499999999999,0.95556640625,0.0,,,,experimental_high_sequence_proxy_low
DBP1,ACAACGT,0.24912,0.987548828125,0.0,,,,experimental_high_sequence_proxy_low
DBP1,ACAAGTA,0.181565,0.9676513671875,0.0,,,,experimental_high_sequence_proxy_low
DBP1,ACAAGTC,0.24186000000000002,0.9866943359375,0.0,,,,experimental_high_sequence_proxy_low
DBP1,ACAAGTG,0.18013,0.9661865234375,0.0,,,,experimental_high_sequence_proxy_low
DBP1,ACAATAT,0.210335,0.979248046875,0.0,,,,experimental_high_sequence_proxy_low
DBP1,ACAATGA,0.23884,0.98614501953125,0.0,,,,experimental_high_sequence_proxy_low
DBP1,ACACAAT,0.18675999999999998,0.9697265625,0.0,,,,experimental_high_sequence_proxy_low
DBP1,ACACACA,0.168655,0.958251953125,0.0,,,,experimental_high_sequence_proxy_low
DBP1,ACACACG,0.197835,0.974365234375,0.0,,,,experimental_high_sequence_proxy_low
DBP1,ACACATA,0.207915,0.9779052734375,0.0,,,,experimental_high_sequence_proxy_low
DBP1,ACACATC,0.207135,0.9776611328125,0.0,,,,experimental_high_sequence_proxy_low
DBP1,ACACATG,0.20052999999999999,0.97540283203125,0.0,,,,experimental_high_sequence_proxy_low
DBP1,ACACCAA,0.1801,0.966064453125,0.0,,,,experimental_high_sequence_proxy_low
DBP1,ACACCAC,0.16367500000000001,0.9547119140625,0.0,,,,experimental_high_sequence_proxy_low
DBP1,ACACCAT,0.191015,0.97119140625,0.0,,,,experimental_high_sequence_proxy_low
DBP1,ACACGTA,0.178215,0.96484375,0.0,,,,experimental_high_sequence_proxy_low
DBP1,ACACGTC,0.160505,0.9505615234375,0.0,,,,experimental_high_sequence_proxy_low
DBP1,ACACGTG,0.173685,0.9615478515625,0.0,,,,experimental_high_sequence_proxy_low
DBP1,ACACTAC,0.203335,0.9766845703125,0.0,,,,experimental_high_sequence_proxy_low
DBP1,ACACTAG,0.162915,0.95361328125,0.0,,,,experimental_high_sequence_proxy_low
DBP1,ACACTAT,0.17779,0.9642333984375,0.0,,,,experimental_high_sequence_proxy_low
DBP1,ACACTGC,-0.11282999999999999,0.14599609375,0.3333333333333333,,,,sequence_proxy_high_experimental_low
DBP1,ACACTTA,0.223865,0.982666015625,0.0,,,,experimental_high_sequence_proxy_low
DBP1,ACAGAGG,-0.093505,0.19873046875,0.3333333333333333,,,,sequence_proxy_high_experimental_low
DBP1,ACAGCCT,-0.059235,0.3197021484375,0.3333333333333333,,,,sequence_proxy_high_experimental_low
DBP1,ACAGGCC,-0.076975,0.256103515625,0.4,,,,sequence_proxy_high_experimental_low
DBP1,ACAGGGC,-0.07597999999999999,0.2591552734375,0.3333333333333333,,,,sequence_proxy_high_experimental_low
DBP1,ACAGGGG,-0.07647,0.2576904296875,0.4,,,,sequence_proxy_high_experimental_low
DBP1,ACATATA,0.237985,0.98583984375,0.0,,,,experimental_high_sequence_proxy_low
DBP1,ACATCAC,0.17998999999999998,0.9658203125,0.0,,,,experimental_high_sequence_proxy_low
DBP1,ACATCTC,0.1629,0.9534912109375,0.0,,,,experimental_high_sequence_proxy_low
DBP1,ACATGAC,0.21567,0.98046875,0.0,,,,experimental_high_sequence_proxy_low
DBP1,ACATGAT,0.21048999999999998,0.9793701171875,0.0,,,,experimental_high_sequence_proxy_low
DBP1,ACATGTA,0.25200500000000003,0.9879150390625,0.0,,,,experimental_high_sequence_proxy_low
DBP1,ACATGTC,0.25931,0.9884033203125,0.0,,,,experimental_high_sequence_proxy_low
DBP1,ACATGTG,0.29574,0.991943359375,0.0,,,,experimental_high_sequence_proxy_low
DBP1,ACATTAT,0.22126,0.9822998046875,0.0,,,,experimental_high_sequence_proxy_low
DBP1,ACCAGGT,-0.054689999999999996,0.3388671875,0.4,,,,sequence_proxy_high_experimental_low
DBP1,ACCATAT,0.223985,0.98291015625,0.0,,,,experimental_high_sequence_proxy_low
DBP1,ACCCAGG,-0.03532,0.40771484375,0.3333333333333333,,,,sequence_proxy_high_experimental_low
DBP1,ACCGCAG,-0.15759,0.0623779296875,0.3333333333333333,,,,sequence_proxy_high_experimental_low
DBP1,ACCTGCA,-0.07139000000000001,0.27685546875,0.75,,,,sequence_proxy_high_experimental_low
DBP1,ACCTGCG,-0.04197,0.3839111328125,0.6,,,,sequence_proxy_high_experimental_low
DBP1,ACCTGCT,-0.15713500000000002,0.063232421875,0.6,,,,sequence_proxy_high_experimental_low
DBP1,ACCTGGC,-0.06772,0.2891845703125,0.3333333333333333,,,,sequence_proxy_high_experimental_low
DBP1,ACCTGGG,-0.027555000000000003,0.4388427734375,0.3333333333333333,,,,sequence_proxy_high_experimental_low
DBP1,ACCTTGC,-0.08699000000000001,0.2200927734375,0.3333333333333333,,,,sequence_proxy_high_experimental_low
DBP1,ACGCAGC,-0.09526,0.19384765625,0.3333333333333333,,,,sequence_proxy_high_experimental_low
DBP1,ACGCCTG,-0.177365,0.0394287109375,0.3333333333333333,,,,sequence_proxy_high_experimental_low
DBP1,ACGGATA,0.172285,0.96044921875,0.0,,,,experimental_high_sequence_proxy_low
DBP1,ACGTCAA,0.16763499999999998,0.957275390625,0.0,,,,experimental_high_sequence_proxy_low
DBP1,ACGTCAC,0.3639,0.994873046875,0.0,,,,experimental_high_sequence_proxy_low
DBP1,ACGTCCC,0.166235,0.9566650390625,0.0,,,,experimental_high_sequence_proxy_low
DBP1,ACGTGAC,0.44364000000000003,0.99755859375,0.0,,,,experimental_high_sequence_proxy_low
DBP1,ACGTGTC,0.25205500000000003,0.988037109375,0.0,,,,experimental_high_sequence_proxy_low
DBP1,ACGTGTG,0.22389,0.9827880859375,0.0,,,,experimental_high_sequence_proxy_low
DBP1,ACGTTCA,0.17325000000000002,0.9609375,0.0,,,,experimental_high_sequence_proxy_low
DBP1,ACTAAGA,0.19749499999999998,0.97412109375,0.0,,,,experimental_high_sequence_proxy_low
DBP1,ACTACCC,0.168045,0.9578857421875,0.0,,,,experimental_high_sequence_proxy_low
DBP1,ACTAGTC,0.16777,0.9573974609375,0.0,,,,experimental_high_sequence_proxy_low
DBP1,ACTAGTG,0.212735,0.97998046875,0.0,,,,experimental_high_sequence_proxy_low
DBP1,ACTATAG,0.20005499999999998,0.974853515625,0.0,,,,experimental_high_sequence_proxy_low
DBP1,ACTCAGG,-0.08199000000000001,0.23876953125,0.3333333333333333,,,,sequence_proxy_high_experimental_low
DBP1,ACTCGTG,0.18034,0.966552734375,0.0,,,,experimental_high_sequence_proxy_low
DBP1,ACTCTGC,-0.07896,0.2493896484375,0.3333333333333333,,,,sequence_proxy_high_experimental_low
DBP1,ACTGCCA,-0.025915,0.4454345703125,0.3333333333333333,,,,sequence_proxy_high_experimental_low
DBP1,ACTGCCC,-0.017509999999999998,0.4815673828125,0.3333333333333333,,,,sequence_proxy_high_experimental_low
DBP1,ACTGCCT,-0.015880000000000002,0.4884033203125,0.6,,,,sequence_proxy_high_experimental_low
DBP1,ACTGCGA,-0.013734999999999997,0.494873046875,0.3333333333333333,,,,sequence_proxy_high_experimental_low
DBP1,ACTGCGC,-0.065055,0.2991943359375,0.4,,,,sequence_proxy_high_experimental_low
DBP1,ACTGCGG,-0.07814499999999999,0.2529296875,0.3333333333333333,,,,sequence_proxy_high_experimental_low
DBP1,ACTTATC,0.170055,0.959228515625,0.0,,,,experimental_high_sequence_proxy_low
DBP1,ACTTCAC,0.167895,0.95751953125,0.0,,,,experimental_high_sequence_proxy_low
DBP1,ACTTGTC,0.194405,0.9725341796875,0.0,,,,experimental_high_sequence_proxy_low
DBP1,ACTTGTG,0.17788500000000002,0.96435546875,0.0,,,,experimental_high_sequence_proxy_low
DBP1,AGACACA,0.21697499999999997,0.981201171875,0.0,,,,experimental_high_sequence_proxy_low
DBP1,AGACACC,0.21936499999999998,0.98193359375,0.0,,,,experimental_high_sequence_proxy_low
DBP1,AGACACT,0.20949,0.978759765625,0.0,,,,experimental_high_sequence_proxy_low
DBP1,AGACAGG,-0.058710000000000005,0.321044921875,0.3333333333333333,,,,sequence_proxy_high_experimental_low
DBP1,AGACTGC,-0.10273499999999999,0.17401123046875,0.3333333333333333,,,,sequence_proxy_high_experimental_low
DBP1,AGAGACA,0.17158500000000002,0.960205078125,0.0,,,,experimental_high_sequence_proxy_low
DBP1,AGAGACT,0.171325,0.9598388671875,0.0,,,,experimental_high_sequence_proxy_low
DBP1,AGAGCAG,-0.059594999999999995,0.3187255859375,0.3333333333333333,,,,sequence_proxy_high_experimental_low
DBP1,AGAGGCA,-0.03261,0.41796875,0.3333333333333333,,,,sequence_proxy_high_experimental_low
DBP1,AGAGTCA,0.16117,0.9512939453125,0.0,,,,experimental_high_sequence_proxy_low
DBP1,AGAGTGA,0.196015,0.973876953125,0.0,,,,experimental_high_sequence_proxy_low
DBP1,AGATGTG,0.21756,0.9814453125,0.0,,,,experimental_high_sequence_proxy_low
DBP1,AGCAAGG,-0.204565,0.0162353515625,0.3333333333333333,,,,sequence_proxy_high_experimental_low
DBP1,AGCACAG,-0.031135,0.42413330078125,0.3333333333333333,,,,sequence_proxy_high_experimental_low
DBP1,AGCACCT,-0.030255,0.4278564453125,0.3333333333333333,,,,sequence_proxy_high_experimental_low
DBP1,AGCACTG,-0.08404500000000001,0.231201171875,0.3333333333333333,,,,sequence_proxy_high_experimental_low
DBP1,AGCAGAA,-0.05591,0.33367919921875,0.3333333333333333,,,,sequence_proxy_high_experimental_low
DBP1,AGCAGAC,-0.026074999999999997,0.4447021484375,0.3333333333333333,,,,sequence_proxy_high_experimental_low
DBP1,AGCAGAG,-0.078455,0.2510986328125,0.3333333333333333,,,,sequence_proxy_high_experimental_low
DBP1,AGCAGAT,-0.10459,0.16796875,0.3333333333333333,,,,sequence_proxy_high_experimental_low
DBP1,AGCAGCA,-0.11826500000000001,0.130859375,0.5,,,,sequence_proxy_high_experimental_low
DBP1,AGCAGCC,-0.12549,0.1160888671875,0.4,,,,sequence_proxy_high_experimental_low
DBP1,AGCAGCG,-0.101635,0.1768798828125,0.4,,,,sequence_proxy_high_experimental_low
DBP1,AGCAGCT,-0.154105,0.0665283203125,0.5,,,,sequence_proxy_high_experimental_low
DBP1,AGCAGGC,-0.11127000000000001,0.150146484375,0.6,,,,sequence_proxy_high_experimental_low
DBP1,AGCAGGG,-0.138155,0.0921630859375,0.6,,,,sequence_proxy_high_experimental_low
DBP1,AGCAGTG,-0.043775,0.378662109375,0.3333333333333333,,,,sequence_proxy_high_experimental_low
DBP1,AGCCAGG,-0.13368,0.0985107421875,0.3333333333333333,,,,sequence_proxy_high_experimental_low
DBP1,AGCCCTG,-0.14426,0.080810546875,0.3333333333333333,,,,sequence_proxy_high_experimental_low
DBP1,AGCCTGA,-0.121845,0.12353515625,0.3333333333333333,,,,sequence_proxy_high_experimental_low
DBP1,AGCCTGC,-0.12686,0.1126708984375,0.6,,,,sequence_proxy_high_experimental_low
DBP1,AGCCTGG,-0.12638,0.1142578125,0.3333333333333333,,,,sequence_proxy_high_experimental_low
DBP1,AGCGACA,0.263255,0.9888916015625,0.0,,,,experimental_high_sequence_proxy_low
DBP1,AGCGCAG,-0.102615,0.17486572265625,0.4,,,,sequence_proxy_high_experimental_low
DBP1,AGCGTCA,0.211405,0.9796142578125,0.0,,,,experimental_high_sequence_proxy_low
DBP1,AGCTGCC,-0.140955,0.08642578125,0.4,,,,sequence_proxy_high_experimental_low
DBP1,AGCTGCG,-0.22967500000000002,0.0069580078125,0.4,,,,sequence_proxy_high_experimental_low
DBP1,AGGACTG,-0.03804,0.397705078125,0.3333333333333333,,,,sequence_proxy_high_experimental_low
DBP1,AGGAGCA,-0.039325,0.3934326171875,0.3333333333333333,,,,sequence_proxy_high_experimental_low
DBP1,AGGATGC,-0.02972,0.4300537109375,0.3333333333333333,,,,sequence_proxy_high_experimental_low
DBP1,AGGCAAA,-0.218235,0.0108642578125,0.3333333333333333,,,,sequence_proxy_high_experimental_low
DBP1,AGGCAAC,-0.079705,0.24700927734375,0.3333333333333333,,,,sequence_proxy_high_experimental_low
DBP1,AGGCAAG,-0.07487,0.2642822265625,0.3333333333333333,,,,sequence_proxy_high_experimental_low
DBP1,AGGCAAT,-0.126705,0.113525390625,0.3333333333333333,,,,sequence_proxy_high_experimental_low
DBP1,AGGCACG,-0.11299,0.144775390625,0.3333333333333333,,,,sequence_proxy_high_experimental_low
DBP1,AGGCAGA,-0.106655,0.163330078125,0.6,,,,sequence_proxy_high_experimental_low
DBP1,AGGCAGC,-0.18247000000000002,0.033935546875,0.6,,,,sequence_proxy_high_experimental_low
DBP1,AGGCAGG,-0.109625,0.1549072265625,0.75,,,,sequence_proxy_high_experimental_low
DBP1,AGGCATA,-0.046785,0.367431640625,0.3333333333333333,,,,sequence_proxy_high_experimental_low
DBP1,AGGCATC,-0.08302499999999999,0.2352294921875,0.3333333333333333,,,,sequence_proxy_high_experimental_low
DBP1,AGGCCAG,-0.133205,0.0994873046875,0.4,,,,sequence_proxy_high_experimental_low
DBP1,AGGCCTG,-0.20954,0.013916015625,0.5,,,,sequence_proxy_high_experimental_low
DBP1,AGGCGCA,-0.30362500000000003,0.000244140625,0.4,,,,sequence_proxy_high_experimental_low
DBP1,AGGCTGA,-0.17207,0.04510498046875,0.3333333333333333,,,,sequence_proxy_high_experimental_low
DBP1,AGGCTGC,-0.11542999999999999,0.1378173828125,0.6,,,,sequence_proxy_high_experimental_low
DBP1,AGGCTGG,-0.24889999999999998,0.00244140625,0.3333333333333333,,,,sequence_proxy_high_experimental_low
DBP1,AGGGCAG,-0.017314999999999997,0.482666015625,0.6,,,,sequence_proxy_high_experimental_low
DBP1,AGGGCTG,-0.058765,0.3209228515625,0.3333333333333333,,,,sequence_proxy_high_experimental_low
DBP1,AGGGGCA,-0.10051,0.17919921875,0.4,,,,sequence_proxy_high_experimental_low
DBP1,AGGGTGC,-0.030164999999999997,0.4281005859375,0.3333333333333333,,,,sequence_proxy_high_experimental_low
DBP1,AGGTCAG,-0.05961,0.318603515625,0.3333333333333333,,,,sequence_proxy_high_experimental_low
DBP1,AGGTCTG,-0.18536000000000002,0.0303955078125,0.3333333333333333,,,,sequence_proxy_high_experimental_low
DBP1,AGGTGCA,-0.013784999999999999,0.49462890625,0.4,,,,sequence_proxy_high_experimental_low
DBP1,AGGTGCG,-0.030985000000000006,0.425048828125,0.3333333333333333,,,,sequence_proxy_high_experimental_low
DBP1,AGGTTGC,-0.045455,0.3724365234375,0.3333333333333333,,,,sequence_proxy_high_experimental_low
DBP1,AGTCACA,0.47208,0.9990234375,0.0,,,,experimental_high_sequence_proxy_low
DBP1,AGTCACC,0.447515,0.9976806640625,0.0,,,,experimental_high_sequence_proxy_low
DBP1,AGTCACG,0.43391,0.9970703125,0.0,,,,experimental_high_sequence_proxy_low
DBP1,AGTCACT,0.460745,0.9984130859375,0.0,,,,experimental_high_sequence_proxy_low
DBP1,AGTCAGG,-0.055745,0.33447265625,0.3333333333333333,,,,sequence_proxy_high_experimental_low
DBP1,AGTCTGC,-0.029255,0.4317626953125,0.3333333333333333,,,,sequence_proxy_high_experimental_low
DBP1,AGTGAAT,0.185275,0.968994140625,0.0,,,,experimental_high_sequence_proxy_low
DBP1,AGTGACA,0.481645,0.9998779296875,0.0,,,,experimental_high_sequence_proxy_low
DBP1,AGTGACC,0.3808,0.9957275390625,0.0,,,,experimental_high_sequence_proxy_low
DBP1,AGTGACG,0.37534,0.9954833984375,0.0,,,,experimental_high_sequence_proxy_low
DBP1,AGTGCAG,-0.061915,0.31201171875,0.4,,,,sequence_proxy_high_experimental_low
DBP1,AGTGGTG,0.16849,0.9581298828125,0.0,,,,experimental_high_sequence_proxy_low
DBP1,AGTGTCA,0.38283,0.995849609375,0.0,,,,experimental_high_sequence_proxy_low
DBP1,AGTGTCG,0.277665,0.990234375,0.0,,,,experimental_high_sequence_proxy_low
DBP1,AGTGTGA,0.23564000000000002,0.9854736328125,0.0,,,,experimental_high_sequence_proxy_low
DBP1,AGTTCAC,0.17654999999999998,0.96337890625,0.0,,,,experimental_high_sequence_proxy_low
DBP1,AGTTGTC,0.180465,0.9669189453125,0.0,,,,experimental_high_sequence_proxy_low
DBP1,ATAAATA,0.165295,0.9556884765625,0.0,,,,experimental_high_sequence_proxy_low
DBP1,ATAACAC,0.165425,0.9559326171875,0.0,,,,experimental_high_sequence_proxy_low
DBP1,ATACATG,0.178885,0.9652099609375,0.0,,,,experimental_high_sequence_proxy_low
DBP1,ATAGCAG,-0.0672,0.2919921875,0.3333333333333333,,,,sequence_proxy_high_experimental_low
DBP1,ATAGGCA,-0.092195,0.2027587890625,0.3333333333333333,,,,sequence_proxy_high_experimental_low
DBP1,ATAGTCA,0.16153,0.9522705078125,0.0,,,,experimental_high_sequence_proxy_low
DBP1,ATAGTGA,0.28639,0.99072265625,0.0,,,,experimental_high_sequence_proxy_low
DBP1,ATATAAG,0.18391,0.968505859375,0.0,,,,experimental_high_sequence_proxy_low
DBP1,ATATAAT,0.15948,0.9500732421875,0.0,,,,experimental_high_sequence_proxy_low
DBP1,ATATACA,0.19531500000000002,0.97314453125,0.0,,,,experimental_high_sequence_proxy_low
DBP1,ATATATA,0.18429,0.96875,0.0,,,,experimental_high_sequence_proxy_low
DBP1,ATATATG,0.21355000000000002,0.9801025390625,0.0,,,,experimental_high_sequence_proxy_low
DBP1,ATATGAC,0.23646,0.985595703125,0.0,,,,experimental_high_sequence_proxy_low
DBP1,ATATGTA,0.186795,0.969970703125,0.0,,,,experimental_high_sequence_proxy_low
DBP1,ATATGTC,0.19376500000000002,0.9720458984375,0.0,,,,experimental_high_sequence_proxy_low
DBP1,ATATGTG,0.16139,0.951904296875,0.0,,,,experimental_high_sequence_proxy_low
DBP1,ATATTTA,0.20871499999999998,0.978515625,0.0,,,,experimental_high_sequence_proxy_low
DBP1,ATCACAC,0.16222999999999999,0.9532470703125,0.0,,,,experimental_high_sequence_proxy_low
DBP1,ATCACAT,0.18894,0.970703125,0.0,,,,experimental_high_sequence_proxy_low
DBP1,ATCAGGC,-0.012565,0.4998779296875,0.3333333333333333,,,,sequence_proxy_high_experimental_low
DBP1,ATCATTG,0.16674,0.956787109375,0.0,,,,experimental_high_sequence_proxy_low
DBP1,ATCCTGC,-0.0818,0.2393798828125,0.6,,,,sequence_proxy_high_experimental_low
DBP1,ATCGCAG,-0.055815,0.3341064453125,0.3333333333333333,,,,sequence_proxy_high_experimental_low
DBP1,ATCGTCA,0.22725,0.9837646484375,0.0,,,,experimental_high_sequence_proxy_low
DBP1,ATCTGCA,-0.090985,0.205810546875,0.4,,,,sequence_proxy_high_experimental_low
DBP1,ATCTGCG,-0.12298,0.1212158203125,0.3333333333333333,,,,sequence_proxy_high_experimental_low
DBP1,ATGAAAT,0.17607,0.963134765625,0.0,,,,experimental_high_sequence_proxy_low
DBP1,ATGACAA,0.17818,0.9647216796875,0.0,,,,experimental_high_sequence_proxy_low
DBP1,ATGACAC,0.33842,0.994140625,0.0,,,,experimental_high_sequence_proxy_low
DBP1,ATGACAT,0.17682,0.963623046875,0.0,,,,experimental_high_sequence_proxy_low
DBP1,ATGAGAC,0.18134999999999998,0.967529296875,0.0,,,,experimental_high_sequence_proxy_low
DBP1,ATGAGTC,0.1612,0.95147705078125,0.0,,,,experimental_high_sequence_proxy_low
DBP1,ATGATAA,0.174235,0.9620361328125,0.0,,,,experimental_high_sequence_proxy_low
DBP1,ATGCCTA,-0.02023,0.46923828125,0.3333333333333333,,,,sequence_proxy_high_experimental_low
DBP1,ATGCCTG,-0.08070000000000001,0.2435302734375,0.6,,,,sequence_proxy_high_experimental_low
DBP1,ATGCTGA,-0.048405000000000004,0.36126708984375,0.3333333333333333,,,,sequence_proxy_high_experimental_low
DBP1,ATGGTCA,0.18713,0.97021484375,0.0,,,,experimental_high_sequence_proxy_low
DBP1,ATGGTGA,0.19571,0.9736328125,0.0,,,,experimental_high_sequence_proxy_low
DBP1,ATGTAAC,0.18308,0.9683837890625,0.0,,,,experimental_high_sequence_proxy_low
DBP1,ATGTAAG,0.18248999999999999,0.968017578125,0.0,,,,experimental_high_sequence_proxy_low
DBP1,ATGTATG,0.17842999999999998,0.9649658203125,0.0,,,,experimental_high_sequence_proxy_low
DBP1,ATGTCAC,0.47269,0.9991455078125,0.0,,,,experimental_high_sequence_proxy_low
DBP1,ATGTCCC,0.20056000000000002,0.9755859375,0.0,,,,experimental_high_sequence_proxy_low
DBP1,ATGTCGC,0.25184,0.98779296875,0.0,,,,experimental_high_sequence_proxy_low
DBP1,ATGTCTC,0.20848499999999998,0.978271484375,0.0,,,,experimental_high_sequence_proxy_low
DBP1,ATGTGAA,0.278565,0.9903564453125,0.0,,,,experimental_high_sequence_proxy_low
DBP1,ATGTGAC,0.471695,0.9989013671875,0.0,,,,experimental_high_sequence_proxy_low
DBP1,ATGTGTA,0.203155,0.9764404296875,0.0,,,,experimental_high_sequence_proxy_low
DBP1,ATGTGTC,0.328575,0.99365234375,0.0,,,,experimental_high_sequence_proxy_low
DBP1,ATGTTAG,0.19835999999999998,0.9744873046875,0.0,,,,experimental_high_sequence_proxy_low
DBP1,ATGTTCC,0.18676500000000001,0.9698486328125,0.0,,,,experimental_high_sequence_proxy_low
DBP1,ATTCACA,0.19163999999999998,0.971435546875,0.0,,,,experimental_high_sequence_proxy_low
DBP1,ATTCAGG,-0.01849,0.4774169921875,0.3333333333333333,,,,sequence_proxy_high_experimental_low
DBP1,ATTCCTG,-0.034710000000000005,0.4105224609375,0.3333333333333333,,,,sequence_proxy_high_experimental_low
DBP1,ATTCTGC,-0.127695,0.110595703125,0.3333333333333333,,,,sequence_proxy_high_experimental_low
DBP1,ATTGCTG,-0.05144,0.35009765625,0.3333333333333333,,,,sequence_proxy_high_experimental_low
DBP1,ATTGTCA,0.306735,0.9925537109375,0.0,,,,experimental_high_sequence_proxy_low
DBP1,ATTGTGA,0.289595,0.9913330078125,0.0,,,,experimental_high_sequence_proxy_low
DBP1,ATTGTGG,0.171965,0.9603271484375,0.0,,,,experimental_high_sequence_proxy_low
DBP1,CAAAGTG,0.20805500000000002,0.97802734375,0.0,,,,experimental_high_sequence_proxy_low
DBP1,CAACAGG,-0.0977,0.186767578125,0.3333333333333333,,,,sequence_proxy_high_experimental_low
DBP1,CAACCCA,0.19052999999999998,0.9710693359375,0.0,,,,experimental_high_sequence_proxy_low
DBP1,CAACGTC,0.195715,0.9737548828125,0.0,,,,experimental_high_sequence_proxy_low
DBP1,CAACTGC,-0.02504,0.4493408203125,0.3333333333333333,,,,sequence_proxy_high_experimental_low
DBP1,CAAGCAG,-0.089465,0.2113037109375,0.3333333333333333,,,,sequence_proxy_high_experimental_low
DBP1,CAAGGCA,-0.023704999999999997,0.4556884765625,0.3333333333333333,,,,sequence_proxy_high_experimental_low
DBP1,CAAGTCA,0.21572999999999998,0.9805908203125,0.0,,,,experimental_high_sequence_proxy_low
DBP1,CAAGTGA,0.265565,0.9891357421875,0.0,,,,experimental_high_sequence_proxy_low
DBP1,CAATATG,0.178145,0.964599609375,0.0,,,,experimental_high_sequence_proxy_low
DBP1,CAATGTG,0.20035999999999998,0.97509765625,0.0,,,,experimental_high_sequence_proxy_low
DBP1,CACAATA,0.23462,0.9852294921875,0.0,,,,experimental_high_sequence_proxy_low
DBP1,CACAATG,0.216175,0.9808349609375,0.0,,,,experimental_high_sequence_proxy_low
DBP1,CACACAA,0.161635,0.9525146484375,0.0,,,,experimental_high_sequence_proxy_low
DBP1,CACACAC,0.1941,0.972412109375,0.0,,,,experimental_high_sequence_proxy_low
DBP1,CACACCA,0.1612,0.95147705078125,0.0,,,,experimental_high_sequence_proxy_low
DBP1,CACATAA,0.17141499999999998,0.9599609375,0.0,,,,experimental_high_sequence_proxy_low
DBP1,CACATAG,0.182695,0.9681396484375,0.0,,,,experimental_high_sequence_proxy_low
DBP1,CACATCA,0.180565,0.9671630859375,0.0,,,,experimental_high_sequence_proxy_low
DBP1,CACATCC,0.16196,0.952880859375,0.0,,,,experimental_high_sequence_proxy_low
DBP1,CACATCG,0.17352,0.96142578125,0.0,,,,experimental_high_sequence_proxy_low
DBP1,CACATGA,0.19555,0.9735107421875,0.0,,,,experimental_high_sequence_proxy_low
DBP1,CACATGG,0.21773499999999998,0.9815673828125,0.0,,,,experimental_high_sequence_proxy_low
DBP1,CACATTA,0.2085,0.9783935546875,0.0,,,,experimental_high_sequence_proxy_low
DBP1,CACATTC,0.287195,0.9910888671875,0.0,,,,experimental_high_sequence_proxy_low
DBP1,CACCAAC,0.165605,0.9561767578125,0.0,,,,experimental_high_sequence_proxy_low
DBP1,CACCTGC,-0.048365,0.361572265625,0.6,,,,sequence_proxy_high_experimental_low
DBP1,CACGTAA,0.18036000000000002,0.9666748046875,0.0,,,,experimental_high_sequence_proxy_low
DBP1,CACGTCA,0.25606,0.98828125,0.0,,,,experimental_high_sequence_proxy_low
DBP1,CACGTGA,0.29612,0.9920654296875,0.0,,,,experimental_high_sequence_proxy_low
DBP1,CACTACA,0.175675,0.962890625,0.0,,,,experimental_high_sequence_proxy_low
DBP1,CACTCAA,0.165235,0.9554443359375,0.0,,,,experimental_high_sequence_proxy_low
DBP1,CACTGCG,-0.10615,0.164306640625,0.3333333333333333,,,,sequence_proxy_high_experimental_low
DBP1,CACTTAC,0.18410500000000002,0.9686279296875,0.0,,,,experimental_high_sequence_proxy_low
DBP1,CACTTTA,0.217215,0.9813232421875,0.0,,,,experimental_high_sequence_proxy_low
DBP1,CAGAAGG,-0.03373,0.413818359375,0.3333333333333333,,,,sequence_proxy_high_experimental_low
DBP1,CAGAGGA,-0.01626,0.486572265625,0.3333333333333333,,,,sequence_proxy_high_experimental_low
DBP1,CAGAGGC,-0.11394,0.141357421875,0.3333333333333333,,,,sequence_proxy_high_experimental_low
DBP1,CAGAGGG,-0.091625,0.2041015625,0.3333333333333333,,,,sequence_proxy_high_experimental_low
DBP1,CAGCAAG,-0.057005,0.329833984375,0.3333333333333333,,,,sequence_proxy_high_experimental_low
DBP1,CAGCACC,-0.019429999999999996,0.472412109375,0.3333333333333333,,,,sequence_proxy_high_experimental_low
DBP1,CAGCACG,-0.101665,0.1767578125,0.3333333333333333,,,,sequence_proxy_high_experimental_low
DBP1,CAGCAGC,-0.076775,0.25634765625,0.5,,,,sequence_proxy_high_experimental_low
DBP1,CAGCAGG,-0.027415000000000002,0.43963623046875,0.75,,,,sequence_proxy_high_experimental_low
DBP1,CAGCATC,-0.06602000000000001,0.2965087890625,0.3333333333333333,,,,sequence_proxy_high_experimental_low
DBP1,CAGCCTC,-0.22727999999999998,0.0078125,0.3333333333333333,,,,sequence_proxy_high_experimental_low
DBP1,CAGCCTG,-0.15743000000000001,0.06298828125,0.4,,,,sequence_proxy_high_experimental_low
DBP1,CAGCGCA,-0.054454999999999996,0.33984375,0.4,,,,sequence_proxy_high_experimental_low
DBP1,CAGCTGC,-0.12196,0.123291015625,0.5,,,,sequence_proxy_high_experimental_low
DBP1,CAGGAAG,-0.022645,0.45965576171875,0.3333333333333333,,,,sequence_proxy_high_experimental_low
DBP1,CAGGACG,-0.08033499999999999,0.2452392578125,0.3333333333333333,,,,sequence_proxy_high_experimental_low
DBP1,CAGGAGC,-0.20294,0.0169677734375,0.3333333333333333,,,,sequence_proxy_high_experimental_low
DBP1,CAGGCAA,-0.179315,0.03643798828125,0.6,,,,sequence_proxy_high_experimental_low
DBP1,CAGGCAG,-0.08363000000000001,0.23291015625,0.75,,,,sequence_proxy_high_experimental_low
DBP1,CAGGCCA,-0.05822,0.3245849609375,0.4,,,,sequence_proxy_high_experimental_low
DBP1,CAGGCCC,-0.06681500000000001,0.293212890625,0.4,,,,sequence_proxy_high_experimental_low
DBP1,CAGGCCG,-0.123225,0.1202392578125,0.4,,,,sequence_proxy_high_experimental_low
DBP1,CAGGCGA,-0.058005,0.325439453125,0.3333333333333333,,,,sequence_proxy_high_experimental_low
DBP1,CAGGCGC,-0.07019,0.280517578125,0.4,,,,sequence_proxy_high_experimental_low
DBP1,CAGGCGG,-0.053325,0.3428955078125,0.3333333333333333,,,,sequence_proxy_high_experimental_low
DBP1,CAGGCTA,-0.043725,0.37890625,0.3333333333333333,,,,sequence_proxy_high_experimental_low
DBP1,CAGGCTC,-0.20781,0.0145263671875,0.3333333333333333,,,,sequence_proxy_high_experimental_low
DBP1,CAGGGAA,-0.15360000000000001,0.067626953125,0.3333333333333333,,,,sequence_proxy_high_experimental_low
DBP1,CAGGGCC,-0.15373,0.06719970703125,0.4,,,,sequence_proxy_high_experimental_low
DBP1,CAGGGCG,-0.074045,0.26788330078125,0.3333333333333333,,,,sequence_proxy_high_experimental_low
DBP1,CAGGGGA,-0.145165,0.079345703125,0.4,,,,sequence_proxy_high_experimental_low
DBP1,CAGGGGC,-0.058145,0.324951171875,0.4,,,,sequence_proxy_high_experimental_low
DBP1,CAGGGGG,-0.0869,0.22021484375,0.5,,,,sequence_proxy_high_experimental_low
DBP1,CAGGTAA,-0.023245000000000002,0.4576416015625,0.3333333333333333,,,,sequence_proxy_high_experimental_low
DBP1,CAGGTCC,-0.01992,0.470703125,0.3333333333333333,,,,sequence_proxy_high_experimental_low
DBP1,CAGGTCG,-0.020194999999999998,0.4693603515625,0.3333333333333333,,,,sequence_proxy_high_experimental_low
DBP1,CAGGTGC,-0.06329,0.3057861328125,0.6,,,,sequence_proxy_high_experimental_low
DBP1,CAGGTTC,-0.12270500000000001,0.12158203125,0.3333333333333333,,,,sequence_proxy_high_experimental_low
DBP1,CAGTAGG,-0.060935,0.314453125,0.3333333333333333,,,,sequence_proxy_high_experimental_low
DBP1,CAGTGCA,-0.048375,0.3614501953125,0.4,,,,sequence_proxy_high_experimental_low
DBP1,CAGTGCG,-0.058164999999999994,0.3248291015625,0.3333333333333333,,,,sequence_proxy_high_experimental_low
DBP1,CAGTTGC,-0.10351,0.17041015625,0.3333333333333333,,,,sequence_proxy_high_experimental_low
DBP1,CATACGC,0.16124,0.9517822265625,0.0,,,,experimental_high_sequence_proxy_low
DBP1,CATATAA,0.19444499999999998,0.9727783203125,0.0,,,,experimental_high_sequence_proxy_low
DBP1,CATATTA,0.17387999999999998,0.961669921875,0.0,,,,experimental_high_sequence_proxy_low
DBP1,CATATTC,0.180395,0.966796875,0.0,,,,experimental_high_sequence_proxy_low
DBP1,CATCGAC,0.19852,0.974609375,0.0,,,,experimental_high_sequence_proxy_low
DBP1,CATCTGC,-0.06808,0.2877197265625,0.3333333333333333,,,,sequence_proxy_high_experimental_low
DBP1,CATGACA,0.21682,0.98095703125,0.0,,,,experimental_high_sequence_proxy_low
DBP1,CATGTAA,0.16593000000000002,0.95654296875,0.0,,,,experimental_high_sequence_proxy_low
DBP1,CATGTCA,0.29408999999999996,0.9918212890625,0.0,,,,experimental_high_sequence_proxy_low
DBP1,CATGTCG,0.17403000000000002,0.9619140625,0.0,,,,experimental_high_sequence_proxy_low
DBP1,CATGTGA,0.287065,0.990966796875,0.0,,,,experimental_high_sequence_proxy_low
DBP1,CATGTTA,0.21422000000000002,0.980224609375,0.0,,,,experimental_high_sequence_proxy_low
DBP1,CATTACC,0.17298,0.960693359375,0.0,,,,experimental_high_sequence_proxy_low
DBP1,CATTATA,0.161505,0.9521484375,0.0,,,,experimental_high_sequence_proxy_low
DBP1,CATTATC,0.16517,0.955322265625,0.0,,,,experimental_high_sequence_proxy_low
DBP1,CCACCAC,0.17959,0.965576171875,0.0,,,,experimental_high_sequence_proxy_low
DBP1,CCACTGC,-0.012714999999999997,0.4990234375,0.3333333333333333,,,,sequence_proxy_high_experimental_low
DBP1,CCAGAGG,-0.11325,0.1436767578125,0.3333333333333333,,,,sequence_proxy_high_experimental_low
DBP1,CCAGCAA,-0.037340000000000005,0.4007568359375,0.3333333333333333,,,,sequence_proxy_high_experimental_low
DBP1,CCAGCAG,-0.04495,0.3748779296875,0.4,,,,sequence_proxy_high_experimental_low
DBP1,CCAGGAC,-0.02797,0.4368896484375,0.3333333333333333,,,,sequence_proxy_high_experimental_low
DBP1,CCAGGCA,-0.11628,0.1356201171875,0.6,,,,sequence_proxy_high_experimental_low
DBP1,CCAGGCC,-0.203035,0.016845703125,0.4,,,,sequence_proxy_high_experimental_low
DBP1,CCAGGCG,-0.09702,0.188720703125,0.3333333333333333,,,,sequence_proxy_high_experimental_low
DBP1,CCAGGGC,-0.12172000000000001,0.123779296875,0.3333333333333333,,,,sequence_proxy_high_experimental_low
DBP1,CCAGGGG,-0.100195,0.1800537109375,0.4,,,,sequence_proxy_high_experimental_low
DBP1,CCAGGTA,-0.01312,0.4976806640625,0.3333333333333333,,,,sequence_proxy_high_experimental_low
DBP1,CCAGGTC,-0.076725,0.2567138671875,0.3333333333333333,,,,sequence_proxy_high_experimental_low
DBP1,CCATATA,0.22437999999999997,0.983154296875,0.0,,,,experimental_high_sequence_proxy_low
DBP1,CCATTAC,0.21152500000000002,0.979736328125,0.0,,,,experimental_high_sequence_proxy_low
DBP1,CCCAGCA,-0.030625,0.42657470703125,0.3333333333333333,,,,sequence_proxy_high_experimental_low
DBP1,CCCAGGA,-0.102605,0.1751708984375,0.3333333333333333,,,,sequence_proxy_high_experimental_low
DBP1,CCCAGGC,-0.18893500000000002,0.02734375,0.3333333333333333,,,,sequence_proxy_high_experimental_low
DBP1,CCCAGGG,-0.0375,0.4000244140625,0.4,,,,sequence_proxy_high_experimental_low
DBP1,CCCCAGG,-0.022260000000000002,0.46160888671875,0.4,,,,sequence_proxy_high_experimental_low
DBP1,CCCCTGA,-0.05706,0.32958984375,0.4,,,,sequence_proxy_high_experimental_low
DBP1,CCCCTGC,-0.024085,0.4539794921875,0.75,,,,sequence_proxy_high_experimental_low
DBP1,CCCTCAG,-0.067285,0.29119873046875,0.3333333333333333,,,,sequence_proxy_high_experimental_low
DBP1,CCCTGAA,-0.08771,0.2171630859375,0.3333333333333333,,,,sequence_proxy_high_experimental_low
DBP1,CCCTGAG,-0.08979,0.2098388671875,0.3333333333333333,,,,sequence_proxy_high_experimental_low
DBP1,CCCTGCC,-0.05627,0.3326416015625,0.6,,,,sequence_proxy_high_experimental_low
DBP1,CCCTGCG,-0.022205,0.4619140625,0.6,,,,sequence_proxy_high_experimental_low
DBP1,CCCTGGC,-0.05582,0.333984375,0.3333333333333333,,,,sequence_proxy_high_experimental_low
DBP1,CCCTGTC,-0.07113,0.2777099609375,0.3333333333333333,,,,sequence_proxy_high_experimental_low
DBP1,CCCTTGC,-0.17172,0.0455322265625,0.3333333333333333,,,,sequence_proxy_high_experimental_low
DBP1,CCGACAC,0.18271500000000002,0.96826171875,0.0,,,,experimental_high_sequence_proxy_low
DBP1,CCGCAGA,-0.09698,0.1888427734375,0.3333333333333333,,,,sequence_proxy_high_experimental_low
DBP1,CCGCAGC,-0.18340499999999998,0.03228759765625,0.3333333333333333,,,,sequence_proxy_high_experimental_low
DBP1,CCGCAGG,-0.185875,0.0294189453125,0.6,,,,sequence_proxy_high_experimental_low
DBP1,CCGCTGC,-0.01747,0.4818115234375,0.3333333333333333,,,,sequence_proxy_high_experimental_low
DBP1,CCGGCAG,-0.03004,0.4285888671875,0.4,,,,sequence_proxy_high_experimental_low
DBP1,CCGGTGA,0.200695,0.9757080078125,0.0,,,,experimental_high_sequence_proxy_low
DBP1,CCGTCAC,0.326765,0.993408203125,0.0,,,,experimental_high_sequence_proxy_low
DBP1,CCGTGAC,0.35363,0.994384765625,0.0,,,,experimental_high_sequence_proxy_low
DBP1,CCTACAG,-0.02361,0.4561767578125,0.3333333333333333,,,,sequence_proxy_high_experimental_low
DBP1,CCTCAGA,-0.02908,0.4327392578125,0.3333333333333333,,,,sequence_proxy_high_experimental_low
DBP1,CCTCAGG,-0.045115,0.3739013671875,0.4,,,,sequence_proxy_high_experimental_low
DBP1,CCTCCAG,-0.21168,0.0133056640625,0.3333333333333333,,,,sequence_proxy_high_experimental_low
DBP1,CCTCGCA,-0.10935500000000001,0.1558837890625,0.3333333333333333,,,,sequence_proxy_high_experimental_low
DBP1,CCTCTGA,-0.015704999999999997,0.4888916015625,0.3333333333333333,,,,sequence_proxy_high_experimental_low
DBP1,CCTGAAA,-0.100345,0.1795654296875,0.3333333333333333,,,,sequence_proxy_high_experimental_low
DBP1,CCTGAAC,-0.11310500000000001,0.1441650390625,0.3333333333333333,,,,sequence_proxy_high_experimental_low
DBP1,CCTGAAG,-0.05257,0.3453369140625,0.3333333333333333,,,,sequence_proxy_high_experimental_low
DBP1,CCTGACC,-0.013395000000000004,0.495849609375,0.3333333333333333,,,,sequence_proxy_high_experimental_low
DBP1,CCTGAGC,-0.06898499999999999,0.284912109375,0.3333333333333333,,,,sequence_proxy_high_experimental_low
DBP1,CCTGATC,-0.09576,0.1920166015625,0.4,,,,sequence_proxy_high_experimental_low
DBP1,CCTGCAA,-0.173095,0.0433349609375,0.75,,,,sequence_proxy_high_experimental_low
DBP1,CCTGCAG,-0.10667,0.1632080078125,1.0,,,,sequence_proxy_high_experimental_low
DBP1,CCTGCCA,-0.014869999999999998,0.4915771484375,0.6,,,,sequence_proxy_high_experimental_low
DBP1,CCTGCCC,-0.12582,0.115478515625,0.6,,,,sequence_proxy_high_experimental_low
DBP1,CCTGCCG,-0.073215,0.2711181640625,0.6,,,,sequence_proxy_high_experimental_low
DBP1,CCTGCGA,-0.0972,0.1881103515625,0.6,,,,sequence_proxy_high_experimental_low
DBP1,CCTGCGC,-0.021769999999999998,0.4638671875,0.75,,,,sequence_proxy_high_experimental_low
DBP1,CCTGCTA,-0.08782,0.2169189453125,0.6,,,,sequence_proxy_high_experimental_low
DBP1,CCTGCTC,-0.05661,0.330810546875,0.6,,,,sequence_proxy_high_experimental_low
DBP1,CCTGGAG,-0.16854,0.04931640625,0.3333333333333333,,,,sequence_proxy_high_experimental_low
DBP1,CCTGGCC,-0.060685,0.314697265625,0.4,,,,sequence_proxy_high_experimental_low
DBP1,CCTGGCG,-0.21752,0.01123046875,0.3333333333333333,,,,sequence_proxy_high_experimental_low
DBP1,CCTGGGA,-0.12836,0.109130859375,0.3333333333333333,,,,sequence_proxy_high_experimental_low
DBP1,CCTGGGC,-0.135085,0.0966796875,0.3333333333333333,,,,sequence_proxy_high_experimental_low
DBP1,CCTGTAG,-0.043295,0.38018798828125,0.3333333333333333,,,,sequence_proxy_high_experimental_low
DBP1,CCTGTCG,-0.04779,0.36376953125,0.3333333333333333,,,,sequence_proxy_high_experimental_low
DBP1,CCTGTGC,-0.098925,0.182373046875,0.6,,,,sequence_proxy_high_experimental_low
DBP1,CCTTGCA,-0.08223,0.237548828125,0.4,,,,sequence_proxy_high_experimental_low
DBP1,CCTTGCC,-0.06321,0.3065185546875,0.3333333333333333,,,,sequence_proxy_high_experimental_low
DBP1,CCTTGCG,-0.159495,0.0606689453125,0.3333333333333333,,,,sequence_proxy_high_experimental_low
DBP1,CCTTTGC,-0.10645,0.1636962890625,0.3333333333333333,,,,sequence_proxy_high_experimental_low
DBP1,CGACAAG,0.186685,0.969482421875,0.0,,,,experimental_high_sequence_proxy_low
DBP1,CGACACA,0.16498000000000002,0.9552001953125,0.0,,,,experimental_high_sequence_proxy_low
DBP1,CGACACC,0.22932999999999998,0.984375,0.0,,,,experimental_high_sequence_proxy_low
DBP1,CGACTGC,-0.072265,0.274169921875,0.3333333333333333,,,,sequence_proxy_high_experimental_low
DBP1,CGAGCAG,-0.06063,0.3150634765625,0.3333333333333333,,,,sequence_proxy_high_experimental_low
DBP1,CGAGGCA,-0.064745,0.300537109375,0.3333333333333333,,,,sequence_proxy_high_experimental_low
DBP1,CGAGTCA,0.19539,0.9732666015625,0.0,,,,experimental_high_sequence_proxy_low
DBP1,CGAGTGA,0.23485499999999998,0.9853515625,0.0,,,,experimental_high_sequence_proxy_low
DBP1,CGCACAG,-0.06833,0.2869873046875,0.3333333333333333,,,,sequence_proxy_high_experimental_low
DBP1,CGCAGAA,-0.080835,0.2431640625,0.3333333333333333,,,,sequence_proxy_high_experimental_low
DBP1,CGCAGAC,-0.063665,0.30419921875,0.3333333333333333,,,,sequence_proxy_high_experimental_low
DBP1,CGCAGAG,-0.05246000000000001,0.3458251953125,0.3333333333333333,,,,sequence_proxy_high_experimental_low
DBP1,CGCAGCC,-0.190195,0.026611328125,0.3333333333333333,,,,sequence_proxy_high_experimental_low
DBP1,CGCAGCG,-0.131685,0.10205078125,0.4,,,,sequence_proxy_high_experimental_low
DBP1,CGCAGGA,-0.059705,0.318115234375,0.6,,,,sequence_proxy_high_experimental_low
DBP1,CGCAGGC,-0.170425,0.047119140625,0.6,,,,sequence_proxy_high_experimental_low
DBP1,CGCAGTA,-0.057664999999999994,0.3265380859375,0.3333333333333333,,,,sequence_proxy_high_experimental_low
DBP1,CGCAGTC,-0.077665,0.2550048828125,0.3333333333333333,,,,sequence_proxy_high_experimental_low
DBP1,CGCCTGA,-0.19707000000000002,0.021728515625,0.3333333333333333,,,,sequence_proxy_high_experimental_low
DBP1,CGCCTGC,-0.16961500000000002,0.04833984375,0.6,,,,sequence_proxy_high_experimental_low
DBP1,CGCGCAG,-0.17158,0.0460205078125,0.5,,,,sequence_proxy_high_experimental_low
DBP1,CGCTGCC,-0.19200499999999998,0.025146484375,0.3333333333333333,,,,sequence_proxy_high_experimental_low
DBP1,CGGCAGC,-0.151225,0.0709228515625,0.3333333333333333,,,,sequence_proxy_high_experimental_low
DBP1,CGGCTGC,-0.209225,0.0140380859375,0.3333333333333333,,,,sequence_proxy_high_experimental_low
DBP1,CGGGCAG,-0.169545,0.0484619140625,0.3333333333333333,,,,sequence_proxy_high_experimental_low
DBP1,CGGGTCA,0.189015,0.9708251953125,0.0,,,,experimental_high_sequence_proxy_low
DBP1,CGGTCAC,0.272475,0.98974609375,0.0,,,,experimental_high_sequence_proxy_low
DBP1,CGGTGAC,0.32699500000000004,0.9935302734375,0.0,,,,experimental_high_sequence_proxy_low
DBP1,CGGTGTC,0.28659,0.9908447265625,0.0,,,,experimental_high_sequence_proxy_low
DBP1,CGTCACA,0.42284,0.996826171875,0.0,,,,experimental_high_sequence_proxy_low
DBP1,CGTCACC,0.29961,0.9921875,0.0,,,,experimental_high_sequence_proxy_low
DBP1,CGTCACG,0.316025,0.9930419921875,0.0,,,,experimental_high_sequence_proxy_low
DBP1,CGTCTGC,-0.03539,0.4073486328125,0.3333333333333333,,,,sequence_proxy_high_experimental_low
DBP1,CGTGACA,0.45477,0.998046875,0.0,,,,experimental_high_sequence_proxy_low
DBP1,CGTGACC,0.21935500000000002,0.9818115234375,0.0,,,,experimental_high_sequence_proxy_low
DBP1,CGTGTCA,0.36382000000000003,0.9947509765625,0.0,,,,experimental_high_sequence_proxy_low
DBP1,CGTGTGA,0.315915,0.992919921875,0.0,,,,experimental_high_sequence_proxy_low
DBP1,CGTTGTC,0.17021999999999998,0.9595947265625,0.0,,,,experimental_high_sequence_proxy_low
DBP1,CTAATGA,0.16558,0.9560546875,0.0,,,,experimental_high_sequence_proxy_low
DBP1,CTACACA,0.18739,0.9703369140625,0.0,,,,experimental_high_sequence_proxy_low
DBP1,CTACTGC,-0.025925,0.4453125,0.3333333333333333,,,,sequence_proxy_high_experimental_low
DBP1,CTAGCAG,-0.052250000000000005,0.34661865234375,0.4,,,,sequence_proxy_high_experimental_low
DBP1,CTAGTGA,0.2406,0.9864501953125,0.0,,,,experimental_high_sequence_proxy_low
DBP1,CTCAGCA,-0.10765,0.16064453125,0.3333333333333333,,,,sequence_proxy_high_experimental_low
DBP1,CTCAGGA,-0.07176,0.2757568359375,0.3333333333333333,,,,sequence_proxy_high_experimental_low
DBP1,CTCAGGC,-0.16179000000000002,0.0574951171875,0.3333333333333333,,,,sequence_proxy_high_experimental_low
DBP1,CTCCTGA,-0.13205,0.10107421875,0.3333333333333333,,,,sequence_proxy_high_experimental_low
DBP1,CTCCTGC,-0.078275,0.252197265625,0.6,,,,sequence_proxy_high_experimental_low
DBP1,CTCGCAG,-0.047205,0.365966796875,0.3333333333333333,,,,sequence_proxy_high_experimental_low
DBP1,CTCGTCA,0.17154999999999998,0.9600830078125,0.0,,,,experimental_high_sequence_proxy_low
DBP1,CTCTGCC,-0.07153999999999999,0.2764892578125,0.3333333333333333,,,,sequence_proxy_high_experimental_low
DBP1,CTGAGCA,-0.09082499999999999,0.2064208984375,0.3333333333333333,,,,sequence_proxy_high_experimental_low
DBP1,CTGAGGC,-0.118615,0.1297607421875,0.3333333333333333,,,,sequence_proxy_high_experimental_low
DBP1,CTGCAAA,-0.087555,0.21771240234375,0.4,,,,sequence_proxy_high_experimental_low
DBP1,CTGCAAC,-0.082155,0.2381591796875,0.4,,,,sequence_proxy_high_experimental_low
DBP1,CTGCAAG,-0.07209,0.274658203125,0.4,,,,sequence_proxy_high_experimental_low
DBP1,CTGCACC,-0.105605,0.1654052734375,0.4,,,,sequence_proxy_high_experimental_low
DBP1,CTGCAGA,-0.08343500000000001,0.233642578125,0.5,,,,sequence_proxy_high_experimental_low
DBP1,CTGCAGC,-0.034295,0.4117431640625,0.5,,,,sequence_proxy_high_experimental_low
DBP1,CTGCCAA,-0.061085,0.3140869140625,0.3333333333333333,,,,sequence_proxy_high_experimental_low
DBP1,CTGCCAG,-0.066865,0.2930908203125,0.4,,,,sequence_proxy_high_experimental_low
DBP1,CTGCCCC,-0.12451500000000001,0.118408203125,0.4,,,,sequence_proxy_high_experimental_low
DBP1,CTGCCGA,-0.134795,0.096923828125,0.3333333333333333,,,,sequence_proxy_high_experimental_low
DBP1,CTGCCTA,-0.099935,0.180419921875,0.6,,,,sequence_proxy_high_experimental_low
DBP1,CTGCCTC,-0.103685,0.1700439453125,0.6,,,,sequence_proxy_high_experimental_low
DBP1,CTGCGAA,-0.20292,0.01708984375,0.3333333333333333,,,,sequence_proxy_high_experimental_low
DBP1,CTGCGCC,-0.142675,0.08349609375,0.4,,,,sequence_proxy_high_experimental_low
DBP1,CTGCGGA,-0.16434500000000002,0.05419921875,0.3333333333333333,,,,sequence_proxy_high_experimental_low
DBP1,CTGCGGC,-0.23337999999999998,0.0052490234375,0.3333333333333333,,,,sequence_proxy_high_experimental_low
DBP1,CTGCTAA,-0.07357,0.27001953125,0.3333333333333333,,,,sequence_proxy_high_experimental_low
DBP1,CTGCTAC,-0.114145,0.140869140625,0.3333333333333333,,,,sequence_proxy_high_experimental_low
DBP1,CTGCTCA,-0.12943500000000002,0.10693359375,0.3333333333333333,,,,sequence_proxy_high_experimental_low
DBP1,CTGCTCC,-0.06288,0.30810546875,0.3333333333333333,,,,sequence_proxy_high_experimental_low
DBP1,CTGCTGA,-0.03507,0.408447265625,0.4,,,,sequence_proxy_high_experimental_low
DBP1,CTGCTGC,-0.04353,0.379638671875,0.5,,,,sequence_proxy_high_experimental_low
DBP1,CTGCTTC,-0.149975,0.072998046875,0.3333333333333333,,,,sequence_proxy_high_experimental_low
DBP1,CTGGCAA,-0.09831999999999999,0.1849365234375,0.3333333333333333,,,,sequence_proxy_high_experimental_low
DBP1,CTGGGCA,-0.075555,0.26123046875,0.3333333333333333,,,,sequence_proxy_high_experimental_low
DBP1,CTGGTGC,-0.12537,0.1163330078125,0.3333333333333333,,,,sequence_proxy_high_experimental_low
DBP1,CTGTTGC,-0.127305,0.111572265625,0.3333333333333333,,,,sequence_proxy_high_experimental_low
DBP1,CTTCTGC,-0.08091,0.242919921875,0.3333333333333333,,,,sequence_proxy_high_experimental_low
DBP1,CTTGTCA,0.281225,0.9906005859375,0.0,,,,experimental_high_sequence_proxy_low
DBP1,CTTGTGA,0.231545,0.9844970703125,0.0,,,,experimental_high_sequence_proxy_low
DBP1,GAACTGC,-0.040055,0.3905029296875,0.3333333333333333,,,,sequence_proxy_high_experimental_low
DBP1,GAAGGCA,-0.09421,0.1971435546875,0.3333333333333333,,,,sequence_proxy_high_experimental_low
DBP1,GAAGTCA,0.20701,0.9775390625,0.0,,,,experimental_high_sequence_proxy_low
DBP1,GAAGTGA,0.16336,0.954345703125,0.0,,,,experimental_high_sequence_proxy_low
DBP1,GAATATA,0.22876,0.9842529296875,0.0,,,,experimental_high_sequence_proxy_low
DBP1,GACAACA,0.19401000000000002,0.9722900390625,0.0,,,,experimental_high_sequence_proxy_low
DBP1,GACAATA,0.16742,0.9571533203125,0.0,,,,experimental_high_sequence_proxy_low
DBP1,GACACAC,0.21592499999999998,0.980712890625,0.0,,,,experimental_high_sequence_proxy_low
DBP1,GACACCA,0.331465,0.9937744140625,0.0,,,,experimental_high_sequence_proxy_low
DBP1,GACACCC,0.186705,0.9696044921875,0.0,,,,experimental_high_sequence_proxy_low
DBP1,GACACTA,0.20320500000000002,0.9765625,0.0,,,,experimental_high_sequence_proxy_low
DBP1,GACACTC,0.28106,0.990478515625,0.0,,,,experimental_high_sequence_proxy_low
DBP1,GACATAC,0.197585,0.9742431640625,0.0,,,,experimental_high_sequence_proxy_low
DBP1,GACATCA,0.17019499999999999,0.95947265625,0.0,,,,experimental_high_sequence_proxy_low
DBP1,GACATGA,0.17867,0.965087890625,0.0,,,,experimental_high_sequence_proxy_low
DBP1,GACATTA,0.17572,0.9630126953125,0.0,,,,experimental_high_sequence_proxy_low
DBP1,GACCTGC,-0.084505,0.2301025390625,0.6,,,,sequence_proxy_high_experimental_low
DBP1,GACGACA,0.194415,0.97265625,0.0,,,,experimental_high_sequence_proxy_low
DBP1,GACGTCA,0.17806,0.9644775390625,0.0,,,,experimental_high_sequence_proxy_low
DBP1,GACGTGA,0.221825,0.982421875,0.0,,,,experimental_high_sequence_proxy_low
DBP1,GAGACAC,0.232385,0.98486328125,0.0,,,,experimental_high_sequence_proxy_low
DBP1,GAGAGAC,0.17321,0.9608154296875,0.0,,,,experimental_high_sequence_proxy_low
DBP1,GAGCAGA,-0.15058,0.0718994140625,0.3333333333333333,,,,sequence_proxy_high_experimental_low
DBP1,GAGCAGC,-0.13613,0.09423828125,0.4,,,,sequence_proxy_high_experimental_low
DBP1,GAGCTGC,-0.11217,0.1483154296875,0.4,,,,sequence_proxy_high_experimental_low
DBP1,GAGGCAA,-0.07726999999999999,0.2554931640625,0.3333333333333333,,,,sequence_proxy_high_experimental_low
DBP1,GAGGGCA,-0.047134999999999996,0.3662109375,0.3333333333333333,,,,sequence_proxy_high_experimental_low
DBP1,GAGTCAC,0.46279000000000003,0.9986572265625,0.0,,,,experimental_high_sequence_proxy_low
DBP1,GAGTGAA,0.17959999999999998,0.9656982421875,0.0,,,,experimental_high_sequence_proxy_low
DBP1,GAGTGAC,0.461745,0.99853515625,0.0,,,,experimental_high_sequence_proxy_low
DBP1,GATACTA,0.1689,0.95849609375,0.0,,,,experimental_high_sequence_proxy_low
DBP1,GATCTGC,-0.08052000000000001,0.244384765625,0.4,,,,sequence_proxy_high_experimental_low
DBP1,GATGACA,0.262355,0.9886474609375,0.0,,,,experimental_high_sequence_proxy_low
DBP1,GATGTCA,0.30516,0.992431640625,0.0,,,,experimental_high_sequence_proxy_low
DBP1,GATGTGA,0.333605,0.993896484375,0.0,,,,experimental_high_sequence_proxy_low
DBP1,GCAAGGA,-0.078155,0.2528076171875,0.3333333333333333,,,,sequence_proxy_high_experimental_low
DBP1,GCAAGGC,-0.12315,0.12060546875,0.3333333333333333,,,,sequence_proxy_high_experimental_low
DBP1,GCACAGC,-0.085715,0.2257080078125,0.3333333333333333,,,,sequence_proxy_high_experimental_low
DBP1,GCACTGA,-0.16227999999999998,0.0567626953125,0.3333333333333333,,,,sequence_proxy_high_experimental_low
DBP1,GCAGAAA,-0.08431999999999999,0.2303466796875,0.3333333333333333,,,,sequence_proxy_high_experimental_low
DBP1,GCAGACA,-0.020165,0.4697265625,0.3333333333333333,,,,sequence_proxy_high_experimental_low
DBP1,GCAGACC,-0.11767,0.132080078125,0.3333333333333333,,,,sequence_proxy_high_experimental_low
DBP1,GCAGAGA,-0.056485,0.33172607421875,0.4,,,,sequence_proxy_high_experimental_low
DBP1,GCAGAGC,-0.130805,0.1041259765625,0.3333333333333333,,,,sequence_proxy_high_experimental_low
DBP1,GCAGCAA,-0.083205,0.234375,0.4,,,,sequence_proxy_high_experimental_low
DBP1,GCAGCAC,-0.10336000000000001,0.1710205078125,0.4,,,,sequence_proxy_high_experimental_low
DBP1,GCAGCCA,-0.080925,0.2427978515625,0.3333333333333333,,,,sequence_proxy_high_experimental_low
DBP1,GCAGCCC,-0.15831,0.0616455078125,0.3333333333333333,,,,sequence_proxy_high_experimental_low
DBP1,GCAGCGA,-0.18279,0.033447265625,0.3333333333333333,,,,sequence_proxy_high_experimental_low
DBP1,GCAGCGC,-0.167555,0.0498046875,0.4,,,,sequence_proxy_high_experimental_low
DBP1,GCAGCTA,-0.12133000000000001,0.1248779296875,0.4,,,,sequence_proxy_high_experimental_low
DBP1,GCAGGCA,-0.147275,0.0772705078125,0.75,,,,sequence_proxy_high_experimental_low
DBP1,GCAGGCC,-0.14765,0.0765380859375,0.75,,,,sequence_proxy_high_experimental_low
DBP1,GCAGGGA,-0.12738,0.111328125,0.6,,,,sequence_proxy_high_experimental_low
DBP1,GCAGGGC,-0.10105499999999999,0.177734375,0.6,,,,sequence_proxy_high_experimental_low
DBP1,GCAGGTA,-0.07262500000000001,0.272705078125,0.6,,,,sequence_proxy_high_experimental_low
DBP1,GCAGTAA,-0.066925,0.29266357421875,0.3333333333333333,,,,sequence_proxy_high_experimental_low
DBP1,GCAGTCC,-0.07180500000000001,0.275634765625,0.3333333333333333,,,,sequence_proxy_high_experimental_low
DBP1,GCCAGGA,-0.061090000000000005,0.31396484375,0.3333333333333333,,,,sequence_proxy_high_experimental_low
DBP1,GCCAGGC,-0.22447,0.008544921875,0.4,,,,sequence_proxy_high_experimental_low
DBP1,GCCCTGA,-0.09136,0.20458984375,0.3333333333333333,,,,sequence_proxy_high_experimental_low
DBP1,GCCTGAA,-0.18174,0.034423828125,0.3333333333333333,,,,sequence_proxy_high_experimental_low
DBP1,GCCTGAC,-0.058515,0.32232666015625,0.3333333333333333,,,,sequence_proxy_high_experimental_low
DBP1,GCCTGCA,-0.22101500000000002,0.0096435546875,0.75,,,,sequence_proxy_high_experimental_low
DBP1,GCCTGCC,-0.12861999999999998,0.1087646484375,0.75,,,,sequence_proxy_high_experimental_low
DBP1,GCCTGGA,-0.09129999999999999,0.205078125,0.3333333333333333,,,,sequence_proxy_high_experimental_low
DBP1,GCGACAA,0.20954,0.9788818359375,0.0,,,,experimental_high_sequence_proxy_low
DBP1,GCGACAC,0.288325,0.9912109375,0.0,,,,experimental_high_sequence_proxy_low
DBP1,GCGCAGA,-0.074025,0.268310546875,0.4,,,,sequence_proxy_high_experimental_low
DBP1,GCGCAGC,-0.24688500000000002,0.002685546875,0.4,,,,sequence_proxy_high_experimental_low
DBP1,GCGTCAC,0.39737,0.996337890625,0.0,,,,experimental_high_sequence_proxy_low
DBP1,GCGTGAC,0.367485,0.9952392578125,0.0,,,,experimental_high_sequence_proxy_low
DBP1,GCTGCAA,-0.09249,0.201416015625,0.4,,,,sequence_proxy_high_experimental_low
DBP1,GCTGCAC,-0.06829,0.287109375,0.4,,,,sequence_proxy_high_experimental_low
DBP1,GCTGCCA,-0.071375,0.2769775390625,0.3333333333333333,,,,sequence_proxy_high_experimental_low
DBP1,GCTGCCC,-0.10405,0.169677734375,0.3333333333333333,,,,sequence_proxy_high_experimental_low
DBP1,GCTGCGA,-0.024435,0.452392578125,0.3333333333333333,,,,sequence_proxy_high_experimental_low
DBP1,GCTGCTA,-0.11982,0.127685546875,0.4,,,,sequence_proxy_high_experimental_low
DBP1,GGACACA,0.176755,0.9635009765625,0.0,,,,experimental_high_sequence_proxy_low
DBP1,GGACATA,0.16696,0.9569091796875,0.0,,,,experimental_high_sequence_proxy_low
DBP1,GGAGACA,0.193815,0.97216796875,0.0,,,,experimental_high_sequence_proxy_low
DBP1,GGAGGCA,-0.118385,0.1302490234375,0.3333333333333333,,,,sequence_proxy_high_experimental_low
DBP1,GGAGTCA,0.20193,0.97607421875,0.0,,,,experimental_high_sequence_proxy_low
DBP1,GGAGTGA,0.18513000000000002,0.9688720703125,0.0,,,,experimental_high_sequence_proxy_low
DBP1,GGCAGAA,-0.07461000000000001,0.2652587890625,0.3333333333333333,,,,sequence_proxy_high_experimental_low
DBP1,GGCAGAC,-0.078405,0.25140380859375,0.3333333333333333,,,,sequence_proxy_high_experimental_low
DBP1,GGCAGCC,-0.117505,0.132568359375,0.4,,,,sequence_proxy_high_experimental_low
DBP1,GGCAGGA,-0.13967000000000002,0.0892333984375,0.6,,,,sequence_proxy_high_experimental_low
DBP1,GGCCTGA,-0.092395,0.2020263671875,0.4,,,,sequence_proxy_high_experimental_low
DBP1,GGCGACA,0.23957499999999998,0.986328125,0.0,,,,experimental_high_sequence_proxy_low
DBP1,GGCTGCA,-0.18764999999999998,0.028076171875,0.4,,,,sequence_proxy_high_experimental_low
DBP1,GGGACAC,0.18047,0.967041015625,0.0,,,,experimental_high_sequence_proxy_low
DBP1,GGGCAGA,-0.05149,0.349853515625,0.3333333333333333,,,,sequence_proxy_high_experimental_low
DBP1,GGGGACA,0.16791,0.957763671875,0.0,,,,experimental_high_sequence_proxy_low
DBP1,GGGGTCA,0.16074,0.95086669921875,0.0,,,,experimental_high_sequence_proxy_low
DBP1,GGGGTGA,0.26900999999999997,0.9893798828125,0.0,,,,experimental_high_sequence_proxy_low
DBP1,GGGTCAC,0.388625,0.9959716796875,0.0,,,,experimental_high_sequence_proxy_low
DBP1,GGGTGAC,0.43406500000000003,0.9971923828125,0.0,,,,experimental_high_sequence_proxy_low
DBP1,GGTCACA,0.42663,0.9969482421875,0.0,,,,experimental_high_sequence_proxy_low
DBP1,GGTCACC,0.37744500000000003,0.99560546875,0.0,,,,experimental_high_sequence_proxy_low
DBP1,GGTGACA,0.48097,0.999755859375,0.0,,,,experimental_high_sequence_proxy_low
DBP1,GGTGTCA,0.40651000000000004,0.9964599609375,0.0,,,,experimental_high_sequence_proxy_low
DBP1,GGTGTGA,0.238605,0.9859619140625,0.0,,,,experimental_high_sequence_proxy_low
DBP1,GTAACTA,0.171125,0.959716796875,0.0,,,,experimental_high_sequence_proxy_low
DBP1,GTAGGCA,-0.035755,0.4053955078125,0.3333333333333333,,,,sequence_proxy_high_experimental_low
DBP1,GTAGTCA,0.17508,0.96240234375,0.0,,,,experimental_high_sequence_proxy_low
DBP1,GTAGTTA,0.16171,0.9527587890625,0.0,,,,experimental_high_sequence_proxy_low
DBP1,GTATATA,0.17291499999999999,0.9605712890625,0.0,,,,experimental_high_sequence_proxy_low
DBP1,GTATCAC,0.225635,0.9835205078125,0.0,,,,experimental_high_sequence_proxy_low
DBP1,GTCACAA,0.45826500000000003,0.998291015625,0.0,,,,experimental_high_sequence_proxy_low
DBP1,GTCACAC,0.4558,0.9981689453125,0.0,,,,experimental_high_sequence_proxy_low
DBP1,GTCACCA,0.41295000000000004,0.9967041015625,0.0,,,,experimental_high_sequence_proxy_low
DBP1,GTCACGA,0.32624,0.9932861328125,0.0,,,,experimental_high_sequence_proxy_low
DBP1,GTCACTA,0.43884,0.997314453125,0.0,,,,experimental_high_sequence_proxy_low
DBP1,GTCAGGA,-0.09309999999999999,0.1995849609375,0.3333333333333333,,,,sequence_proxy_high_experimental_low
DBP1,GTCCCAC,0.169425,0.9588623046875,0.0,,,,experimental_high_sequence_proxy_low
DBP1,GTCGTGA,0.15981499999999998,0.9501953125,0.0,,,,experimental_high_sequence_proxy_low
DBP1,GTGACAA,0.473255,0.999267578125,0.0,,,,experimental_high_sequence_proxy_low
DBP1,GTGACAC,0.484,1.0,0.0,,,,experimental_high_sequence_proxy_low
DBP1,GTGACCA,0.390815,0.99609375,0.0,,,,experimental_high_sequence_proxy_low
DBP1,GTGACGA,0.359875,0.9945068359375,0.0,,,,experimental_high_sequence_proxy_low
DBP1,GTGACTA,0.449005,0.997802734375,0.0,,,,experimental_high_sequence_proxy_low
DBP1,GTGCAGA,-0.05264,0.3447265625,0.4,,,,sequence_proxy_high_experimental_low
DBP1,GTGGTCA,0.225885,0.983642578125,0.0,,,,experimental_high_sequence_proxy_low
DBP1,GTGGTGA,0.16848999999999997,0.9580078125,0.0,,,,experimental_high_sequence_proxy_low
DBP1,GTGTATA,0.20875,0.9786376953125,0.0,,,,experimental_high_sequence_proxy_low
DBP1,GTGTCAA,0.27292,0.9898681640625,0.0,,,,experimental_high_sequence_proxy_low
DBP1,GTGTCTA,0.18206499999999998,0.9678955078125,0.0,,,,experimental_high_sequence_proxy_low
DBP1,GTGTGAA,0.174295,0.962158203125,0.0,,,,experimental_high_sequence_proxy_low
DBP1,GTTCACA,0.215605,0.9803466796875,0.0,,,,experimental_high_sequence_proxy_low
DBP1,GTTGTCA,0.30733,0.99267578125,0.0,,,,experimental_high_sequence_proxy_low
DBP1,TAAGTCA,0.16917,0.958740234375,0.0,,,,experimental_high_sequence_proxy_low
DBP1,TAAGTGA,0.22499999999999998,0.9833984375,0.0,,,,experimental_high_sequence_proxy_low
DBP1,TAATGAA,0.16296,0.953857421875,0.0,,,,experimental_high_sequence_proxy_low
DBP1,TACACTA,0.16725500000000001,0.95703125,0.0,,,,experimental_high_sequence_proxy_low
DBP1,TACAGCA,-0.046575,0.368408203125,0.3333333333333333,,,,sequence_proxy_high_experimental_low
DBP1,TACGTGA,0.19136,0.9713134765625,0.0,,,,experimental_high_sequence_proxy_low
DBP1,TACTATA,0.224425,0.9832763671875,0.0,,,,experimental_high_sequence_proxy_low
DBP1,TAGCAGA,-0.097265,0.187744140625,0.3333333333333333,,,,sequence_proxy_high_experimental_low
DBP1,TAGGCAA,-0.09393,0.1978759765625,0.3333333333333333,,,,sequence_proxy_high_experimental_low
DBP1,TATATAA,0.200325,0.9749755859375,0.0,,,,experimental_high_sequence_proxy_low
DBP1,TATCACA,0.23234,0.9847412109375,0.0,,,,experimental_high_sequence_proxy_low
DBP1,TATGACA,0.17389500000000002,0.9617919921875,0.0,,,,experimental_high_sequence_proxy_low
DBP1,TATGTCA,0.246185,0.9873046875,0.0,,,,experimental_high_sequence_proxy_low
DBP1,TATGTGA,0.26936000000000004,0.989501953125,0.0,,,,experimental_high_sequence_proxy_low
DBP1,TATTACA,0.18548,0.9691162109375,0.0,,,,experimental_high_sequence_proxy_low
DBP1,TCACAAA,0.16123500000000002,0.95166015625,0.0,,,,experimental_high_sequence_proxy_low
DBP1,TCACACA,0.3638,0.99462890625,0.0,,,,experimental_high_sequence_proxy_low
DBP1,TCACCAA,0.23884,0.98614501953125,0.0,,,,experimental_high_sequence_proxy_low
DBP1,TCACCCA,0.192355,0.9715576171875,0.0,,,,experimental_high_sequence_proxy_low
DBP1,TCACGGA,0.20964500000000003,0.97900390625,0.0,,,,experimental_high_sequence_proxy_low
DBP1,TCACTAA,0.20838,0.9781494140625,0.0,,,,experimental_high_sequence_proxy_low
DBP1,TCACTCA,0.33664499999999997,0.9940185546875,0.0,,,,experimental_high_sequence_proxy_low
DBP1,TCAGGAA,-0.089475,0.21112060546875,0.3333333333333333,,,,sequence_proxy_high_experimental_low
DBP1,TCAGGCA,-0.022489999999999996,0.4605712890625,0.6,,,,sequence_proxy_high_experimental_low
DBP1,TCAGGGA,-0.03243,0.4190673828125,0.3333333333333333,,,,sequence_proxy_high_experimental_low
DBP1,TCCAGCA,-0.06631000000000001,0.294921875,0.3333333333333333,,,,sequence_proxy_high_experimental_low
DBP1,TCCGTCA,0.17562,0.9627685546875,0.0,,,,experimental_high_sequence_proxy_low
DBP1,TCCTGAA,-0.019550000000000005,0.471923828125,0.3333333333333333,,,,sequence_proxy_high_experimental_low
DBP1,TCGCAGA,-0.149855,0.0731201171875,0.3333333333333333,,,,sequence_proxy_high_experimental_low
DBP1,TCTGCAA,-0.017445000000000002,0.48193359375,0.4,,,,sequence_proxy_high_experimental_low
DBP1,TGACAAA,0.245025,0.9871826171875,0.0,,,,experimental_high_sequence_proxy_low
DBP1,TGACACA,0.365535,0.9949951171875,0.0,,,,experimental_high_sequence_proxy_low
DBP1,TGACTAA,0.20645999999999998,0.9771728515625,0.0,,,,experimental_high_sequence_proxy_low
DBP1,TGAGACA,0.24856499999999998,0.9874267578125,0.0,,,,experimental_high_sequence_proxy_low
DBP1,TGATACA,0.26555,0.989013671875,0.0,,,,experimental_high_sequence_proxy_low
DBP1,TGCAGAA,-0.0658,0.2969970703125,0.4,,,,sequence_proxy_high_experimental_low
DBP1,TGCAGCA,-0.029495,0.43072509765625,0.5,,,,sequence_proxy_high_experimental_low
DBP1,TGCCTAA,-0.063425,0.3052978515625,0.3333333333333333,,,,sequence_proxy_high_experimental_low
DBP1,TGCTGAA,-0.03751,0.39990234375,0.3333333333333333,,,,sequence_proxy_high_experimental_low
DBP1,TGGGACA,0.20489000000000002,0.97705078125,0.0,,,,experimental_high_sequence_proxy_low
DBP1,TGTCACA,0.47799,0.9996337890625,0.0,,,,experimental_high_sequence_proxy_low
DBP3,AAAAGGA,-0.10913,0.17510986328125,0.3333333333333333,,,,sequence_proxy_high_experimental_low
DBP3,AAAATGT,0.20056000000000002,0.951904296875,0.0,,,,experimental_high_sequence_proxy_low
DBP3,AAAGTCA,0.277795,0.977783203125,0.0,,,,experimental_high_sequence_proxy_low
DBP3,AAAGTGA,0.38072,0.9910888671875,0.0,,,,experimental_high_sequence_proxy_low
DBP3,AAAGTGG,0.199205,0.951416015625,0.0,,,,experimental_high_sequence_proxy_low
DBP3,AAATGTG,0.293255,0.9814453125,0.0,,,,experimental_high_sequence_proxy_low
DBP3,AACATGT,0.238875,0.9681396484375,0.0,,,,experimental_high_sequence_proxy_low
DBP3,AACCTGC,-0.050305,0.393310546875,0.5,,,,sequence_proxy_high_experimental_low
DBP3,AACGTGA,0.24715,0.9713134765625,0.0,,,,experimental_high_sequence_proxy_low
DBP3,AACTGCA,-0.091055,0.2359619140625,0.3333333333333333,,,,sequence_proxy_high_experimental_low
DBP3,AAGACAC,0.24136999999999997,0.9691162109375,0.0,,,,experimental_high_sequence_proxy_low
DBP3,AAGAGAC,0.31776000000000004,0.98583984375,0.0,,,,experimental_high_sequence_proxy_low
DBP3,AAGCAGG,-0.06634,0.32806396484375,0.5,,,,sequence_proxy_high_experimental_low
DBP3,AAGCGAC,0.33824,0.98828125,0.0,,,,experimental_high_sequence_proxy_low
DBP3,AAGCTGC,-0.09348500000000001,0.224365234375,0.3333333333333333,,,,sequence_proxy_high_experimental_low
DBP3,AAGGAAG,-0.046384999999999996,0.4110107421875,0.3333333333333333,,,,sequence_proxy_high_experimental_low
DBP3,AAGGATC,-0.07614,0.291015625,0.3333333333333333,,,,sequence_proxy_high_experimental_low
DBP3,AAGGCAG,-0.10525,0.1865234375,0.5,,,,sequence_proxy_high_experimental_low
DBP3,AAGTCAC,0.47712,0.9984130859375,0.0,,,,experimental_high_sequence_proxy_low
DBP3,AAGTCGC,0.28032999999999997,0.978515625,0.0,,,,experimental_high_sequence_proxy_low
DBP3,AAGTCTC,0.23364999999999997,0.9661865234375,0.0,,,,experimental_high_sequence_proxy_low
DBP3,AAGTGAA,0.21692,0.960693359375,0.0,,,,experimental_high_sequence_proxy_low
DBP3,AAGTGAC,0.48185,0.99951171875,0.0,,,,experimental_high_sequence_proxy_low
DBP3,AAGTGGC,0.20905,0.956787109375,0.0,,,,experimental_high_sequence_proxy_low
DBP3,AAGTGTC,0.380435,0.990966796875,0.0,,,,experimental_high_sequence_proxy_low
DBP3,AAGTGTG,0.203235,0.9532470703125,0.0,,,,experimental_high_sequence_proxy_low
DBP3,AATCCTG,-0.085145,0.258056640625,0.5,,,,sequence_proxy_high_experimental_low
DBP3,AATGACA,0.301125,0.9825439453125,0.0,,,,experimental_high_sequence_proxy_low
DBP3,AATGCAG,-0.069415,0.3177490234375,0.3333333333333333,,,,sequence_proxy_high_experimental_low
DBP3,AATGTCA,0.240845,0.9688720703125,0.0,,,,experimental_high_sequence_proxy_low
DBP3,AATGTGA,0.4192,0.9940185546875,0.0,,,,experimental_high_sequence_proxy_low
DBP3,AATGTGT,0.22504999999999997,0.9635009765625,0.0,,,,experimental_high_sequence_proxy_low
DBP3,AATTCCT,-0.20806,0.0115966796875,0.3333333333333333,,,,sequence_proxy_high_experimental_low
DBP3,ACAACGT,0.233445,0.966064453125,0.0,,,,experimental_high_sequence_proxy_low
DBP3,ACAAGTC,0.26303,0.974853515625,0.0,,,,experimental_high_sequence_proxy_low
DBP3,ACAAGTG,0.248425,0.9716796875,0.0,,,,experimental_high_sequence_proxy_low
DBP3,ACAATGA,0.21967,0.9615478515625,0.0,,,,experimental_high_sequence_proxy_low
DBP3,ACACAAT,0.22071000000000002,0.9620361328125,0.0,,,,experimental_high_sequence_proxy_low
DBP3,ACACACA,0.260235,0.9739990234375,0.0,,,,experimental_high_sequence_proxy_low
DBP3,ACACACG,0.301185,0.982666015625,0.0,,,,experimental_high_sequence_proxy_low
DBP3,ACACATA,0.198055,0.9510498046875,0.0,,,,experimental_high_sequence_proxy_low
DBP3,ACACATC,0.22033999999999998,0.9617919921875,0.0,,,,experimental_high_sequence_proxy_low
DBP3,ACACATG,0.25232,0.97265625,0.0,,,,experimental_high_sequence_proxy_low
DBP3,ACACCAC,0.24458,0.97021484375,0.0,,,,experimental_high_sequence_proxy_low
DBP3,ACACGTG,0.240095,0.96875,0.0,,,,experimental_high_sequence_proxy_low
DBP3,ACACTAC,0.243595,0.9700927734375,0.0,,,,experimental_high_sequence_proxy_low
DBP3,ACACTCT,0.215505,0.9599609375,0.0,,,,experimental_high_sequence_proxy_low
DBP3,ACACTTA,0.264425,0.9752197265625,0.0,,,,experimental_high_sequence_proxy_low
DBP3,ACACTTG,0.23699,0.96728515625,0.0,,,,experimental_high_sequence_proxy_low
DBP3,ACAGCAG,-0.05691,0.36376953125,0.3333333333333333,,,,sequence_proxy_high_experimental_low
DBP3,ACATGAC,0.224355,0.9632568359375,0.0,,,,experimental_high_sequence_proxy_low
DBP3,ACATGTA,0.211535,0.957763671875,0.0,,,,experimental_high_sequence_proxy_low
DBP3,ACATGTC,0.327425,0.9874267578125,0.0,,,,experimental_high_sequence_proxy_low
DBP3,ACATGTG,0.35488,0.9898681640625,0.0,,,,experimental_high_sequence_proxy_low
DBP3,ACCGGTG,0.20138499999999998,0.9522705078125,0.0,,,,experimental_high_sequence_proxy_low
DBP3,ACCGTCA,0.21889999999999998,0.961181640625,0.0,,,,experimental_high_sequence_proxy_low
DBP3,ACCTGCA,-0.046605,0.4095458984375,0.6,,,,sequence_proxy_high_experimental_low
DBP3,ACCTGCT,-0.037885,0.4444580078125,0.5,,,,sequence_proxy_high_experimental_low
DBP3,ACGCAGG,-0.045645,0.4136962890625,0.5,,,,sequence_proxy_high_experimental_low
DBP3,ACGCGAC,0.228485,0.964599609375,0.0,,,,experimental_high_sequence_proxy_low
DBP3,ACGGTCA,0.202565,0.9527587890625,0.0,,,,experimental_high_sequence_proxy_low
DBP3,ACGGTGA,0.21503,0.9593505859375,0.0,,,,experimental_high_sequence_proxy_low
DBP3,ACGTCAC,0.43553,0.9947509765625,0.0,,,,experimental_high_sequence_proxy_low
DBP3,ACGTGAC,0.47163,0.997802734375,0.0,,,,experimental_high_sequence_proxy_low
DBP3,ACGTGTC,0.33318000000000003,0.9876708984375,0.0,,,,experimental_high_sequence_proxy_low
DBP3,ACGTGTG,0.27385499999999996,0.9766845703125,0.0,,,,experimental_high_sequence_proxy_low
DBP3,ACTACCC,0.196295,0.9501953125,0.0,,,,experimental_high_sequence_proxy_low
DBP3,ACTAGTC,0.29585,0.981689453125,0.0,,,,experimental_high_sequence_proxy_low
DBP3,ACTAGTG,0.307205,0.9833984375,0.0,,,,experimental_high_sequence_proxy_low
DBP3,ACTCGTG,0.22641,0.9638671875,0.0,,,,experimental_high_sequence_proxy_low
DBP3,ACTGCAT,-0.03722,0.447998046875,0.3333333333333333,,,,sequence_proxy_high_experimental_low
DBP3,ACTGCTG,-0.08118,0.2698974609375,0.3333333333333333,,,,sequence_proxy_high_experimental_low
DBP3,ACTTCAC,0.21202,0.9578857421875,0.0,,,,experimental_high_sequence_proxy_low
DBP3,ACTTGTC,0.281065,0.9791259765625,0.0,,,,experimental_high_sequence_proxy_low
DBP3,AGAAGTG,0.23301,0.9659423828125,0.0,,,,experimental_high_sequence_proxy_low
DBP3,AGACACA,0.303325,0.983154296875,0.0,,,,experimental_high_sequence_proxy_low
DBP3,AGACACC,0.31022000000000005,0.98388671875,0.0,,,,experimental_high_sequence_proxy_low
DBP3,AGACACG,0.24276,0.969482421875,0.0,,,,experimental_high_sequence_proxy_low
DBP3,AGACACT,0.29596999999999996,0.9818115234375,0.0,,,,experimental_high_sequence_proxy_low
DBP3,AGAGACA,0.35975,0.9901123046875,0.0,,,,experimental_high_sequence_proxy_low
DBP3,AGAGACT,0.2836,0.9798583984375,0.0,,,,experimental_high_sequence_proxy_low
DBP3,AGAGTCA,0.28107,0.979248046875,0.0,,,,experimental_high_sequence_proxy_low
DBP3,AGAGTGA,0.257475,0.973388671875,0.0,,,,experimental_high_sequence_proxy_low
DBP3,AGATCCT,-0.095355,0.218017578125,0.3333333333333333,,,,sequence_proxy_high_experimental_low
DBP3,AGATGAC,0.22377,0.963134765625,0.0,,,,experimental_high_sequence_proxy_low
DBP3,AGATGTG,0.204345,0.9537353515625,0.0,,,,experimental_high_sequence_proxy_low
DBP3,AGCAGCA,-0.03321,0.4656982421875,0.4,,,,sequence_proxy_high_experimental_low
DBP3,AGCAGCG,-0.036655,0.4500732421875,0.3333333333333333,,,,sequence_proxy_high_experimental_low
DBP3,AGCAGCT,-0.11230000000000001,0.167236328125,0.4,,,,sequence_proxy_high_experimental_low
DBP3,AGCAGGG,-0.099335,0.2041015625,0.5,,,,sequence_proxy_high_experimental_low
DBP3,AGCCTGC,-0.14321,0.0870361328125,0.5,,,,sequence_proxy_high_experimental_low
DBP3,AGCGACA,0.36651999999999996,0.99072265625,0.0,,,,experimental_high_sequence_proxy_low
DBP3,AGCGACC,0.201755,0.9525146484375,0.0,,,,experimental_high_sequence_proxy_low
DBP3,AGCGACT,0.23755500000000002,0.9676513671875,0.0,,,,experimental_high_sequence_proxy_low
DBP3,AGCGTCA,0.31916,0.986328125,0.0,,,,experimental_high_sequence_proxy_low
DBP3,AGCTCCT,-0.108975,0.17626953125,0.3333333333333333,,,,sequence_proxy_high_experimental_low
DBP3,AGCTGCC,-0.230785,0.0050048828125,0.3333333333333333,,,,sequence_proxy_high_experimental_low
DBP3,AGCTGCG,-0.182465,0.0291748046875,0.3333333333333333,,,,sequence_proxy_high_experimental_low
DBP3,AGCTGGA,-0.180525,0.03125,0.3333333333333333,,,,sequence_proxy_high_experimental_low
DBP3,AGGAAAA,-0.19162,0.02197265625,0.3333333333333333,,,,sequence_proxy_high_experimental_low
DBP3,AGGACCT,-0.126945,0.125244140625,0.3333333333333333,,,,sequence_proxy_high_experimental_low
DBP3,AGGATAT,-0.132995,0.1104736328125,0.3333333333333333,,,,sequence_proxy_high_experimental_low
DBP3,AGGATCA,-0.09062,0.23779296875,0.3333333333333333,,,,sequence_proxy_high_experimental_low
DBP3,AGGATCC,-0.1585,0.060546875,0.4,,,,sequence_proxy_high_experimental_low
DBP3,AGGATCG,-0.1025,0.1943359375,0.3333333333333333,,,,sequence_proxy_high_experimental_low
DBP3,AGGCAGA,-0.12146,0.139404296875,0.5,,,,sequence_proxy_high_experimental_low
DBP3,AGGCAGC,-0.158385,0.0606689453125,0.5,,,,sequence_proxy_high_experimental_low
DBP3,AGGCAGG,-0.02546,0.4962158203125,0.6,,,,sequence_proxy_high_experimental_low
DBP3,AGGCATG,-0.06836,0.3218994140625,0.3333333333333333,,,,sequence_proxy_high_experimental_low
DBP3,AGGCCAG,-0.105785,0.18505859375,0.3333333333333333,,,,sequence_proxy_high_experimental_low
DBP3,AGGCCTG,-0.07776,0.28411865234375,0.4,,,,sequence_proxy_high_experimental_low
DBP3,AGGCGCA,-0.14105,0.091796875,0.3333333333333333,,,,sequence_proxy_high_experimental_low
DBP3,AGGCTGC,-0.11482999999999999,0.15869140625,0.5,,,,sequence_proxy_high_experimental_low
DBP3,AGGGAGG,-0.07053,0.314453125,0.3333333333333333,,,,sequence_proxy_high_experimental_low
DBP3,AGGGATC,-0.135395,0.104248046875,0.3333333333333333,,,,sequence_proxy_high_experimental_low
DBP3,AGGGCAG,-0.07934,0.2777099609375,0.5,,,,sequence_proxy_high_experimental_low
DBP3,AGGGGAA,-0.049535,0.3968505859375,0.3333333333333333,,,,sequence_proxy_high_experimental_low
DBP3,AGGGGCA,-0.100145,0.2010498046875,0.3333333333333333,,,,sequence_proxy_high_experimental_low
DBP3,AGTCACA,0.47884000000000004,0.9986572265625,0.0,,,,experimental_high_sequence_proxy_low
DBP3,AGTCACC,0.47274499999999997,0.9979248046875,0.0,,,,experimental_high_sequence_proxy_low
DBP3,AGTCACG,0.4663,0.9971923828125,0.0,,,,experimental_high_sequence_proxy_low
DBP3,AGTCACT,0.47992500000000005,0.9989013671875,0.0,,,,experimental_high_sequence_proxy_low
DBP3,AGTCCTG,-0.07132500000000001,0.311279296875,0.5,,,,sequence_proxy_high_experimental_low
DBP3,AGTCTCA,0.262435,0.974609375,0.0,,,,experimental_high_sequence_proxy_low
DBP3,AGTGAAA,0.22757,0.96435546875,0.0,,,,experimental_high_sequence_proxy_low
DBP3,AGTGAAC,0.20895,0.9566650390625,0.0,,,,experimental_high_sequence_proxy_low
DBP3,AGTGACA,0.48406499999999997,0.9998779296875,0.0,,,,experimental_high_sequence_proxy_low
DBP3,AGTGACC,0.44081000000000004,0.99560546875,0.0,,,,experimental_high_sequence_proxy_low
DBP3,AGTGACG,0.457415,0.99658203125,0.0,,,,experimental_high_sequence_proxy_low
DBP3,AGTGTCA,0.452055,0.996337890625,0.0,,,,experimental_high_sequence_proxy_low
DBP3,AGTGTCG,0.319905,0.986572265625,0.0,,,,experimental_high_sequence_proxy_low
DBP3,AGTGTGA,0.28239000000000003,0.9796142578125,0.0,,,,experimental_high_sequence_proxy_low
DBP3,AGTTCAC,0.25715,0.9732666015625,0.0,,,,experimental_high_sequence_proxy_low
DBP3,AGTTGTC,0.214775,0.9591064453125,0.0,,,,experimental_high_sequence_proxy_low
DBP3,ATAAGTG,0.21592,0.9600830078125,0.0,,,,experimental_high_sequence_proxy_low
DBP3,ATAGTGA,0.33485,0.98779296875,0.0,,,,experimental_high_sequence_proxy_low
DBP3,ATATGAC,0.22325,0.9627685546875,0.0,,,,experimental_high_sequence_proxy_low
DBP3,ATCACAT,0.198965,0.9512939453125,0.0,,,,experimental_high_sequence_proxy_low
DBP3,ATCCAGG,-0.084815,0.259765625,0.5,,,,sequence_proxy_high_experimental_low
DBP3,ATCCCTG,-0.09239,0.229736328125,0.5,,,,sequence_proxy_high_experimental_low
DBP3,ATCCTCC,-0.056620000000000004,0.364990234375,0.3333333333333333,,,,sequence_proxy_high_experimental_low
DBP3,ATCCTGC,-0.10461000000000001,0.188720703125,0.8,,,,sequence_proxy_high_experimental_low
DBP3,ATCCTGG,-0.08642,0.2540283203125,0.5,,,,sequence_proxy_high_experimental_low
DBP3,ATCGTCA,0.28288,0.979736328125,0.0,,,,experimental_high_sequence_proxy_low
DBP3,ATCTGCA,-0.13853000000000001,0.096435546875,0.3333333333333333,,,,sequence_proxy_high_experimental_low
DBP3,ATGACAA,0.19733,0.95068359375,0.0,,,,experimental_high_sequence_proxy_low
DBP3,ATGACAC,0.41707000000000005,0.993896484375,0.0,,,,experimental_high_sequence_proxy_low
DBP3,ATGAGAC,0.31591,0.9853515625,0.0,,,,experimental_high_sequence_proxy_low
DBP3,ATGAGTC,0.230485,0.9652099609375,0.0,,,,experimental_high_sequence_proxy_low
DBP3,ATGAGTG,0.19588,0.9500732421875,0.0,,,,experimental_high_sequence_proxy_low
DBP3,ATGCCTG,-0.09631,0.2147216796875,0.5,,,,sequence_proxy_high_experimental_low
DBP3,ATGCTGC,-0.10324,0.192626953125,0.3333333333333333,,,,sequence_proxy_high_experimental_low
DBP3,ATGGTAC,0.20061,0.9520263671875,0.0,,,,experimental_high_sequence_proxy_low
DBP3,ATGGTCA,0.22344,0.962890625,0.0,,,,experimental_high_sequence_proxy_low
DBP3,ATGGTGA,0.26990499999999995,0.976318359375,0.0,,,,experimental_high_sequence_proxy_low
DBP3,ATGTCAC,0.474345,0.9981689453125,0.0,,,,experimental_high_sequence_proxy_low
DBP3,ATGTCGC,0.359965,0.9903564453125,0.0,,,,experimental_high_sequence_proxy_low
DBP3,ATGTCTC,0.323935,0.9869384765625,0.0,,,,experimental_high_sequence_proxy_low
DBP3,ATGTGAA,0.33018000000000003,0.987548828125,0.0,,,,experimental_high_sequence_proxy_low
DBP3,ATGTGAC,0.481395,0.999267578125,0.0,,,,experimental_high_sequence_proxy_low
DBP3,ATGTGGC,0.26043,0.97412109375,0.0,,,,experimental_high_sequence_proxy_low
DBP3,ATGTGTC,0.40310500000000005,0.9925537109375,0.0,,,,experimental_high_sequence_proxy_low
DBP3,ATTCACA,0.2026,0.952880859375,0.0,,,,experimental_high_sequence_proxy_low
DBP3,ATTCCTG,-0.13420500000000002,0.1065673828125,0.5,,,,sequence_proxy_high_experimental_low
DBP3,ATTGGTG,0.20401,0.9534912109375,0.0,,,,experimental_high_sequence_proxy_low
DBP3,ATTGTCA,0.317875,0.986083984375,0.0,,,,experimental_high_sequence_proxy_low
DBP3,ATTGTGA,0.313525,0.9849853515625,0.0,,,,experimental_high_sequence_proxy_low
DBP3,ATTTCAC,0.196565,0.9503173828125,0.0,,,,experimental_high_sequence_proxy_low
DBP3,CAAAGTG,0.27793999999999996,0.9779052734375,0.0,,,,experimental_high_sequence_proxy_low
DBP3,CAAGTCA,0.275285,0.9774169921875,0.0,,,,experimental_high_sequence_proxy_low
DBP3,CAAGTGA,0.34297,0.9888916015625,0.0,,,,experimental_high_sequence_proxy_low
DBP3,CAATGTC,0.2383,0.9678955078125,0.0,,,,experimental_high_sequence_proxy_low
DBP3,CAATGTG,0.26782,0.975830078125,0.0,,,,experimental_high_sequence_proxy_low
DBP3,CACAACC,0.20815,0.9559326171875,0.0,,,,experimental_high_sequence_proxy_low
DBP3,CACAATG,0.242955,0.9696044921875,0.0,,,,experimental_high_sequence_proxy_low
DBP3,CACACAA,0.292365,0.981201171875,0.0,,,,experimental_high_sequence_proxy_low
DBP3,CACACAC,0.236255,0.967041015625,0.0,,,,experimental_high_sequence_proxy_low
DBP3,CACACCA,0.234935,0.9666748046875,0.0,,,,experimental_high_sequence_proxy_low
DBP3,CACACGA,0.23389500000000002,0.96630859375,0.0,,,,experimental_high_sequence_proxy_low
DBP3,CACACTA,0.21330500000000002,0.95849609375,0.0,,,,experimental_high_sequence_proxy_low
DBP3,CACATAA,0.20715,0.95538330078125,0.0,,,,experimental_high_sequence_proxy_low
DBP3,CACATAG,0.21284,0.9583740234375,0.0,,,,experimental_high_sequence_proxy_low
DBP3,CACATCG,0.250915,0.972412109375,0.0,,,,experimental_high_sequence_proxy_low
DBP3,CACATGA,0.21747,0.9609375,0.0,,,,experimental_high_sequence_proxy_low
DBP3,CACATGG,0.26121,0.974365234375,0.0,,,,experimental_high_sequence_proxy_low
DBP3,CACATTA,0.24316000000000002,0.9697265625,0.0,,,,experimental_high_sequence_proxy_low
DBP3,CACATTC,0.239895,0.9686279296875,0.0,,,,experimental_high_sequence_proxy_low
DBP3,CACCACG,0.22070499999999998,0.9619140625,0.0,,,,experimental_high_sequence_proxy_low
DBP3,CACGTCA,0.26756,0.9757080078125,0.0,,,,experimental_high_sequence_proxy_low
DBP3,CACGTGA,0.38436,0.9918212890625,0.0,,,,experimental_high_sequence_proxy_low
DBP3,CACTCAA,0.20883000000000002,0.9564208984375,0.0,,,,experimental_high_sequence_proxy_low
DBP3,CACTTAC,0.221435,0.9622802734375,0.0,,,,experimental_high_sequence_proxy_low
DBP3,CACTTCG,0.223115,0.962646484375,0.0,,,,experimental_high_sequence_proxy_low
DBP3,CACTTTA,0.314795,0.9852294921875,0.0,,,,experimental_high_sequence_proxy_low
DBP3,CACTTTC,0.21989,0.961669921875,0.0,,,,experimental_high_sequence_proxy_low
DBP3,CAGAGGA,-0.06041,0.3516845703125,0.5,,,,sequence_proxy_high_experimental_low
DBP3,CAGCAGC,-0.079915,0.27490234375,0.4,,,,sequence_proxy_high_experimental_low
DBP3,CAGCCTG,-0.08565,0.256591796875,0.3333333333333333,,,,sequence_proxy_high_experimental_low
DBP3,CAGCGCA,-0.039044999999999996,0.440185546875,0.3333333333333333,,,,sequence_proxy_high_experimental_low
DBP3,CAGCTCC,-0.123635,0.13330078125,0.3333333333333333,,,,sequence_proxy_high_experimental_low
DBP3,CAGCTGC,-0.046545,0.4100341796875,0.4,,,,sequence_proxy_high_experimental_low
DBP3,CAGGAAA,-0.042525,0.42584228515625,0.5,,,,sequence_proxy_high_experimental_low
DBP3,CAGGACG,-0.08924,0.2423095703125,0.5,,,,sequence_proxy_high_experimental_low
DBP3,CAGGAGC,-0.098195,0.20782470703125,0.5,,,,sequence_proxy_high_experimental_low
DBP3,CAGGATA,-0.058605000000000004,0.3577880859375,0.5,,,,sequence_proxy_high_experimental_low
DBP3,CAGGATC,-0.042164999999999994,0.4278564453125,0.6,,,,sequence_proxy_high_experimental_low
DBP3,CAGGCAA,-0.119685,0.144287109375,0.5,,,,sequence_proxy_high_experimental_low
DBP3,CAGGCCC,-0.026465,0.4920654296875,0.3333333333333333,,,,sequence_proxy_high_experimental_low
DBP3,CAGGCCG,-0.052675,0.38299560546875,0.3333333333333333,,,,sequence_proxy_high_experimental_low
DBP3,CAGGGAA,-0.060715,0.349853515625,0.5,,,,sequence_proxy_high_experimental_low
DBP3,CAGGGCC,-0.143255,0.0869140625,0.3333333333333333,,,,sequence_proxy_high_experimental_low
DBP3,CAGGGGA,-0.11209,0.1678466796875,0.6,,,,sequence_proxy_high_experimental_low
DBP3,CAGGGGC,-0.15277000000000002,0.07037353515625,0.3333333333333333,,,,sequence_proxy_high_experimental_low
DBP3,CATGACA,0.244655,0.9703369140625,0.0,,,,experimental_high_sequence_proxy_low
DBP3,CATGTCA,0.34238,0.98876953125,0.0,,,,experimental_high_sequence_proxy_low
DBP3,CATGTCG,0.21897,0.9613037109375,0.0,,,,experimental_high_sequence_proxy_low
DBP3,CATGTGA,0.35936,0.989990234375,0.0,,,,experimental_high_sequence_proxy_low
DBP3,CCAGGAC,-0.076835,0.288330078125,0.5,,,,sequence_proxy_high_experimental_low
DBP3,CCAGGCA,-0.027575000000000002,0.487548828125,0.5,,,,sequence_proxy_high_experimental_low
DBP3,CCAGGCC,-0.16287000000000001,0.0535888671875,0.3333333333333333,,,,sequence_proxy_high_experimental_low
DBP3,CCAGGGG,-0.03075,0.475830078125,0.3333333333333333,,,,sequence_proxy_high_experimental_low
DBP3,CCCAGGA,-0.07564,0.29315185546875,0.5,,,,sequence_proxy_high_experimental_low
DBP3,CCCCTGA,-0.041420000000000005,0.430419921875,0.3333333333333333,,,,sequence_proxy_high_experimental_low
DBP3,CCCCTGC,-0.040255,0.4366455078125,0.6,,,,sequence_proxy_high_experimental_low
DBP3,CCCGTGA,0.21690500000000001,0.9605712890625,0.0,,,,experimental_high_sequence_proxy_low
DBP3,CCCTGCC,-0.104525,0.1890869140625,0.5,,,,sequence_proxy_high_experimental_low
DBP3,CCCTGCG,-0.027504999999999998,0.488037109375,0.5,,,,sequence_proxy_high_experimental_low
DBP3,CCGCAGG,-0.059539999999999996,0.3553466796875,0.5,,,,sequence_proxy_high_experimental_low
DBP3,CCGGAGG,-0.077375,0.285888671875,0.3333333333333333,,,,sequence_proxy_high_experimental_low
DBP3,CCGGCAG,-0.04135,0.430908203125,0.3333333333333333,,,,sequence_proxy_high_experimental_low
DBP3,CCGGTCA,0.242395,0.9693603515625,0.0,,,,experimental_high_sequence_proxy_low
DBP3,CCGGTGA,0.23770000000000002,0.9677734375,0.0,,,,experimental_high_sequence_proxy_low
DBP3,CCGTCAC,0.43428500000000003,0.99462890625,0.0,,,,experimental_high_sequence_proxy_low
DBP3,CCGTGAC,0.40706,0.9932861328125,0.0,,,,experimental_high_sequence_proxy_low
DBP3,CCGTGTC,0.23713499999999998,0.967529296875,0.0,,,,experimental_high_sequence_proxy_low
DBP3,CCTAGCA,-0.050725,0.3909912109375,0.3333333333333333,,,,sequence_proxy_high_experimental_low
DBP3,CCTAGGA,-0.04763,0.4049072265625,0.4,,,,sequence_proxy_high_experimental_low
DBP3,CCTCAGG,-0.044795,0.4176025390625,0.3333333333333333,,,,sequence_proxy_high_experimental_low
DBP3,CCTCCAG,-0.170475,0.0445556640625,0.5,,,,sequence_proxy_high_experimental_low
DBP3,CCTCCCC,-0.029554999999999998,0.47998046875,0.3333333333333333,,,,sequence_proxy_high_experimental_low
DBP3,CCTCCTC,-0.05613,0.3673095703125,0.4,,,,sequence_proxy_high_experimental_low
DBP3,CCTCTCC,-0.15037999999999999,0.074462890625,0.3333333333333333,,,,sequence_proxy_high_experimental_low
DBP3,CCTGATC,-0.142355,0.089111328125,0.3333333333333333,,,,sequence_proxy_high_experimental_low
DBP3,CCTGCAA,-0.0883,0.2454833984375,0.6,,,,sequence_proxy_high_experimental_low
DBP3,CCTGCAG,-0.10478,0.18798828125,0.75,,,,sequence_proxy_high_experimental_low
DBP3,CCTGCCC,-0.048780000000000004,0.4014892578125,0.5,,,,sequence_proxy_high_experimental_low
DBP3,CCTGCCG,-0.13205,0.1126708984375,0.5,,,,sequence_proxy_high_experimental_low
DBP3,CCTGCTC,-0.13158,0.114501953125,0.5,,,,sequence_proxy_high_experimental_low
DBP3,CCTGGAC,-0.056005,0.367919921875,0.5,,,,sequence_proxy_high_experimental_low
DBP3,CCTGGAG,-0.107475,0.18023681640625,0.5,,,,sequence_proxy_high_experimental_low
DBP3,CCTGGGA,-0.025124999999999998,0.4969482421875,0.5,,,,sequence_proxy_high_experimental_low
DBP3,CCTTGCA,-0.06448999999999999,0.335205078125,0.3333333333333333,,,,sequence_proxy_high_experimental_low
DBP3,CGACAAG,0.20419500000000002,0.95361328125,0.0,,,,experimental_high_sequence_proxy_low
DBP3,CGACACA,0.29103500000000004,0.9810791015625,0.0,,,,experimental_high_sequence_proxy_low
DBP3,CGACACC,0.26986,0.9761962890625,0.0,,,,experimental_high_sequence_proxy_low
DBP3,CGAGGAG,-0.092085,0.23089599609375,0.3333333333333333,,,,sequence_proxy_high_experimental_low
DBP3,CGAGTCA,0.21409499999999998,0.958740234375,0.0,,,,experimental_high_sequence_proxy_low
DBP3,CGAGTGA,0.314485,0.985107421875,0.0,,,,experimental_high_sequence_proxy_low
DBP3,CGCAGCA,-0.0355,0.45465087890625,0.3333333333333333,,,,sequence_proxy_high_experimental_low
DBP3,CGCAGCG,-0.05637,0.3662109375,0.3333333333333333,,,,sequence_proxy_high_experimental_low
DBP3,CGCAGGA,-0.07483000000000001,0.296630859375,0.8,,,,sequence_proxy_high_experimental_low
DBP3,CGCAGGC,-0.03148,0.47308349609375,0.5,,,,sequence_proxy_high_experimental_low
DBP3,CGCGACA,0.28666,0.9803466796875,0.0,,,,experimental_high_sequence_proxy_low
DBP3,CGCGCAG,-0.034999999999999996,0.4571533203125,0.4,,,,sequence_proxy_high_experimental_low
DBP3,CGCGTCA,0.204725,0.9539794921875,0.0,,,,experimental_high_sequence_proxy_low
DBP3,CGCGTGA,0.23658,0.9671630859375,0.0,,,,experimental_high_sequence_proxy_low
DBP3,CGGGTCA,0.218525,0.9610595703125,0.0,,,,experimental_high_sequence_proxy_low
DBP3,CGGGTGA,0.217005,0.9608154296875,0.0,,,,experimental_high_sequence_proxy_low
DBP3,CGGTCAC,0.42556499999999997,0.9942626953125,0.0,,,,experimental_high_sequence_proxy_low
DBP3,CGGTGAC,0.435775,0.9949951171875,0.0,,,,experimental_high_sequence_proxy_low
DBP3,CGGTGTC,0.30471000000000004,0.9832763671875,0.0,,,,experimental_high_sequence_proxy_low
DBP3,CGTCACA,0.46252000000000004,0.9969482421875,0.0,,,,experimental_high_sequence_proxy_low
DBP3,CGTCACC,0.42428,0.994140625,0.0,,,,experimental_high_sequence_proxy_low
DBP3,CGTCACG,0.406795,0.9931640625,0.0,,,,experimental_high_sequence_proxy_low
DBP3,CGTGACA,0.474105,0.998046875,0.0,,,,experimental_high_sequence_proxy_low
DBP3,CGTGACC,0.39639,0.9923095703125,0.0,,,,experimental_high_sequence_proxy_low
DBP3,CGTGTCA,0.416605,0.9937744140625,0.0,,,,experimental_high_sequence_proxy_low
DBP3,CGTGTGA,0.34460999999999997,0.989013671875,0.0,,,,experimental_high_sequence_proxy_low
DBP3,CGTTGTC,0.24342,0.9698486328125,0.0,,,,experimental_high_sequence_proxy_low
DBP3,CTAGCAG,-0.048924999999999996,0.4002685546875,0.3333333333333333,,,,sequence_proxy_high_experimental_low
DBP3,CTAGGAG,-0.091565,0.2333984375,0.3333333333333333,,,,sequence_proxy_high_experimental_low
DBP3,CTAGTCA,0.20612999999999998,0.9549560546875,0.0,,,,experimental_high_sequence_proxy_low
DBP3,CTAGTGA,0.327085,0.9873046875,0.0,,,,experimental_high_sequence_proxy_low
DBP3,CTCAGGA,-0.11513499999999999,0.157958984375,0.5,,,,sequence_proxy_high_experimental_low
DBP3,CTCCCTC,-0.083805,0.262451171875,0.3333333333333333,,,,sequence_proxy_high_experimental_low
DBP3,CTCCTGC,-0.027515,0.4879150390625,0.8,,,,sequence_proxy_high_experimental_low
DBP3,CTCGTCA,0.23127999999999999,0.965576171875,0.0,,,,experimental_high_sequence_proxy_low
DBP3,CTCGTGA,0.26153000000000004,0.9744873046875,0.0,,,,experimental_high_sequence_proxy_low
DBP3,CTGAGGA,-0.09212000000000001,0.230712890625,0.5,,,,sequence_proxy_high_experimental_low
DBP3,CTGATCC,-0.02491,0.4984130859375,0.3333333333333333,,,,sequence_proxy_high_experimental_low
DBP3,CTGCAAC,-0.16560999999999998,0.05029296875,0.3333333333333333,,,,sequence_proxy_high_experimental_low
DBP3,CTGCACC,-0.041755,0.4288330078125,0.3333333333333333,,,,sequence_proxy_high_experimental_low
DBP3,CTGCAGA,-0.0759,0.2919921875,0.4,,,,sequence_proxy_high_experimental_low
DBP3,CTGCAGC,-0.092615,0.2281494140625,0.4,,,,sequence_proxy_high_experimental_low
DBP3,CTGCATA,-0.127275,0.1246337890625,0.3333333333333333,,,,sequence_proxy_high_experimental_low
DBP3,CTGCCAG,-0.051269999999999996,0.388427734375,0.3333333333333333,,,,sequence_proxy_high_experimental_low
DBP3,CTGCCCC,-0.076515,0.289794921875,0.3333333333333333,,,,sequence_proxy_high_experimental_low
DBP3,CTGCCTA,-0.094975,0.21923828125,0.5,,,,sequence_proxy_high_experimental_low
DBP3,CTGCCTC,-0.055475,0.3712158203125,0.5,,,,sequence_proxy_high_experimental_low
DBP3,CTGCGCA,-0.030754999999999998,0.4757080078125,0.4,,,,sequence_proxy_high_experimental_low
DBP3,CTGCGCC,-0.073375,0.302734375,0.3333333333333333,,,,sequence_proxy_high_experimental_low
DBP3,CTGCGGA,-0.09556,0.21728515625,0.5,,,,sequence_proxy_high_experimental_low
DBP3,CTGCTCC,-0.074115,0.2991943359375,0.5,,,,sequence_proxy_high_experimental_low
DBP3,CTGGATC,-0.2052,0.0123291015625,0.3333333333333333,,,,sequence_proxy_high_experimental_low
DBP3,CTTCACA,0.23397500000000002,0.9664306640625,0.0,,,,experimental_high_sequence_proxy_low
DBP3,CTTGTCA,0.381455,0.9912109375,0.0,,,,experimental_high_sequence_proxy_low
DBP3,CTTGTGA,0.301865,0.9827880859375,0.0,,,,experimental_high_sequence_proxy_low
DBP3,CTTTCAC,0.20489000000000002,0.9541015625,0.0,,,,experimental_high_sequence_proxy_low
DBP3,CTTTGTC,0.230435,0.965087890625,0.0,,,,experimental_high_sequence_proxy_low
DBP3,GAAGGAA,-0.03581,0.453125,0.3333333333333333,,,,sequence_proxy_high_experimental_low
DBP3,GAAGTCA,0.222995,0.9625244140625,0.0,,,,experimental_high_sequence_proxy_low
DBP3,GAAGTGA,0.258475,0.9737548828125,0.0,,,,experimental_high_sequence_proxy_low
DBP3,GACAAAC,0.22573,0.9637451171875,0.0,,,,experimental_high_sequence_proxy_low
DBP3,GACAACA,0.22879500000000003,0.96484375,0.0,,,,experimental_high_sequence_proxy_low
DBP3,GACAACC,0.205185,0.954345703125,0.0,,,,experimental_high_sequence_proxy_low
DBP3,GACACAA,0.31250500000000003,0.9842529296875,0.0,,,,experimental_high_sequence_proxy_low
DBP3,GACACAC,0.35975999999999997,0.990234375,0.0,,,,experimental_high_sequence_proxy_low
DBP3,GACACCA,0.36077000000000004,0.990478515625,0.0,,,,experimental_high_sequence_proxy_low
DBP3,GACACCC,0.31266499999999997,0.984375,0.0,,,,experimental_high_sequence_proxy_low
DBP3,GACACGA,0.205735,0.954833984375,0.0,,,,experimental_high_sequence_proxy_low
DBP3,GACACGC,0.244975,0.970458984375,0.0,,,,experimental_high_sequence_proxy_low
DBP3,GACACTA,0.322415,0.98681640625,0.0,,,,experimental_high_sequence_proxy_low
DBP3,GACACTC,0.384345,0.99169921875,0.0,,,,experimental_high_sequence_proxy_low
DBP3,GACATGA,0.223545,0.9630126953125,0.0,,,,experimental_high_sequence_proxy_low
DBP3,GACGTCA,0.246365,0.9708251953125,0.0,,,,experimental_high_sequence_proxy_low
DBP3,GACGTGA,0.3134,0.98486328125,0.0,,,,experimental_high_sequence_proxy_low
DBP3,GAGACAA,0.27436,0.9769287109375,0.0,,,,experimental_high_sequence_proxy_low
DBP3,GAGACAC,0.388855,0.9920654296875,0.0,,,,experimental_high_sequence_proxy_low
DBP3,GAGACTA,0.20276,0.953125,0.0,,,,experimental_high_sequence_proxy_low
DBP3,GAGACTC,0.275235,0.977294921875,0.0,,,,experimental_high_sequence_proxy_low
DBP3,GAGAGAC,0.283885,0.97998046875,0.0,,,,experimental_high_sequence_proxy_low
DBP3,GAGCGAC,0.263135,0.97509765625,0.0,,,,experimental_high_sequence_proxy_low
DBP3,GAGCTGC,-0.168185,0.048583984375,0.3333333333333333,,,,sequence_proxy_high_experimental_low
DBP3,GAGGATC,-0.10908,0.17535400390625,0.3333333333333333,,,,sequence_proxy_high_experimental_low
DBP3,GAGTCAC,0.471505,0.9976806640625,0.0,,,,experimental_high_sequence_proxy_low
DBP3,GAGTCGC,0.26712,0.9755859375,0.0,,,,experimental_high_sequence_proxy_low
DBP3,GAGTGAA,0.24899500000000002,0.9718017578125,0.0,,,,experimental_high_sequence_proxy_low
DBP3,GAGTGAC,0.479395,0.998779296875,0.0,,,,experimental_high_sequence_proxy_low
DBP3,GATCCTA,-0.15065,0.0740966796875,0.3333333333333333,,,,sequence_proxy_high_experimental_low
DBP3,GATCTGC,-0.11608,0.154541015625,0.3333333333333333,,,,sequence_proxy_high_experimental_low
DBP3,GATGACA,0.337665,0.988037109375,0.0,,,,experimental_high_sequence_proxy_low
DBP3,GATGTCA,0.345445,0.9891357421875,0.0,,,,experimental_high_sequence_proxy_low
DBP3,GATGTGA,0.39192,0.9921875,0.0,,,,experimental_high_sequence_proxy_low
DBP3,GCAAGGA,-0.06084,0.349609375,0.5,,,,sequence_proxy_high_experimental_low
DBP3,GCAGAGA,-0.040799999999999996,0.43408203125,0.3333333333333333,,,,sequence_proxy_high_experimental_low
DBP3,GCAGCAC,-0.055805,0.368896484375,0.3333333333333333,,,,sequence_proxy_high_experimental_low
DBP3,GCAGCGC,-0.147175,0.079345703125,0.3333333333333333,,,,sequence_proxy_high_experimental_low
DBP3,GCAGCTA,-0.10455,0.18896484375,0.3333333333333333,,,,sequence_proxy_high_experimental_low
DBP3,GCAGGCC,-0.052815,0.3822021484375,0.6,,,,sequence_proxy_high_experimental_low
DBP3,GCAGGGA,-0.146945,0.0797119140625,0.8,,,,sequence_proxy_high_experimental_low
DBP3,GCAGGGC,-0.14837999999999998,0.0772705078125,0.5,,,,sequence_proxy_high_experimental_low
DBP3,GCAGGTA,-0.135785,0.1021728515625,0.5,,,,sequence_proxy_high_experimental_low
DBP3,GCCAGGC,-0.07564,0.29315185546875,0.3333333333333333,,,,sequence_proxy_high_experimental_low
DBP3,GCCTGCA,-0.158985,0.05963134765625,0.6,,,,sequence_proxy_high_experimental_low
DBP3,GCCTGCC,-0.028609999999999997,0.4835205078125,0.6,,,,sequence_proxy_high_experimental_low
DBP3,GCCTGGA,-0.14393,0.0848388671875,0.5,,,,sequence_proxy_high_experimental_low
DBP3,GCGACAA,0.295655,0.9815673828125,0.0,,,,experimental_high_sequence_proxy_low
DBP3,GCGACAC,0.39642,0.992431640625,0.0,,,,experimental_high_sequence_proxy_low
DBP3,GCGCAGA,-0.06429499999999999,0.3360595703125,0.3333333333333333,,,,sequence_proxy_high_experimental_low
DBP3,GCGCAGC,-0.21197,0.0103759765625,0.3333333333333333,,,,sequence_proxy_high_experimental_low
DBP3,GCGTCAC,0.451415,0.9962158203125,0.0,,,,experimental_high_sequence_proxy_low
DBP3,GCGTGAC,0.454565,0.9964599609375,0.0,,,,experimental_high_sequence_proxy_low
DBP3,GCTAGGA,-0.07894000000000001,0.2799072265625,0.3333333333333333,,,,sequence_proxy_high_experimental_low
DBP3,GCTGCAA,-0.033370000000000004,0.46435546875,0.3333333333333333,,,,sequence_proxy_high_experimental_low
DBP3,GCTGCAC,-0.03566,0.4539794921875,0.3333333333333333,,,,sequence_proxy_high_experimental_low
DBP3,GCTGCTA,-0.052955,0.3814697265625,0.3333333333333333,,,,sequence_proxy_high_experimental_low
DBP3,GGAAGGA,-0.15465,0.066650390625,0.3333333333333333,,,,sequence_proxy_high_experimental_low
DBP3,GGAGGAA,-0.12348500000000001,0.1336669921875,0.3333333333333333,,,,sequence_proxy_high_experimental_low
DBP3,GGAGGCC,-0.16863,0.047607421875,0.3333333333333333,,,,sequence_proxy_high_experimental_low
DBP3,GGCAGCA,-0.055745,0.369384765625,0.3333333333333333,,,,sequence_proxy_high_experimental_low
DBP3,GGCAGCC,-0.16979,0.046142578125,0.3333333333333333,,,,sequence_proxy_high_experimental_low
DBP3,GGCAGGA,-0.09848499999999999,0.2066650390625,0.8,,,,sequence_proxy_high_experimental_low
DBP3,GGCGACA,0.33848,0.9884033203125,0.0,,,,experimental_high_sequence_proxy_low
DBP3,GGCGTCA,0.19938,0.9515380859375,0.0,,,,experimental_high_sequence_proxy_low
DBP3,GGCGTGA,0.216325,0.960205078125,0.0,,,,experimental_high_sequence_proxy_low
DBP3,GGCTGCA,-0.20145000000000002,0.01416015625,0.3333333333333333,,,,sequence_proxy_high_experimental_low
DBP3,GGGCGAC,0.198015,0.950927734375,0.0,,,,experimental_high_sequence_proxy_low
DBP3,GGGGTCA,0.20175500000000002,0.95263671875,0.0,,,,experimental_high_sequence_proxy_low
DBP3,GGGGTGA,0.280365,0.9786376953125,0.0,,,,experimental_high_sequence_proxy_low
DBP3,GGGTCAC,0.44172999999999996,0.995849609375,0.0,,,,experimental_high_sequence_proxy_low
DBP3,GGGTGAC,0.46642,0.997314453125,0.0,,,,experimental_high_sequence_proxy_low
DBP3,GGTCACA,0.45899999999999996,0.9967041015625,0.0,,,,experimental_high_sequence_proxy_low
DBP3,GGTCACC,0.43554,0.994873046875,0.0,,,,experimental_high_sequence_proxy_low
DBP3,GGTGACA,0.48163500000000004,0.9993896484375,0.0,,,,experimental_high_sequence_proxy_low
DBP3,GGTGTCA,0.439905,0.9952392578125,0.0,,,,experimental_high_sequence_proxy_low
DBP3,GGTGTGA,0.31292,0.984619140625,0.0,,,,experimental_high_sequence_proxy_low
DBP3,GGTTCAC,0.19674,0.9505615234375,0.0,,,,experimental_high_sequence_proxy_low
DBP3,GTAGTCA,0.20806,0.955810546875,0.0,,,,experimental_high_sequence_proxy_low
DBP3,GTAGTGA,0.20496999999999999,0.9542236328125,0.0,,,,experimental_high_sequence_proxy_low
DBP3,GTCACAA,0.466275,0.9970703125,0.0,,,,experimental_high_sequence_proxy_low
DBP3,GTCACAC,0.48012,0.9990234375,0.0,,,,experimental_high_sequence_proxy_low
DBP3,GTCACCA,0.460425,0.996826171875,0.0,,,,experimental_high_sequence_proxy_low
DBP3,GTCACGA,0.44136,0.9957275390625,0.0,,,,experimental_high_sequence_proxy_low
DBP3,GTCACTA,0.467675,0.9974365234375,0.0,,,,experimental_high_sequence_proxy_low
DBP3,GTCGCCA,0.20044499999999998,0.9517822265625,0.0,,,,experimental_high_sequence_proxy_low
DBP3,GTCGCTA,0.262645,0.9747314453125,0.0,,,,experimental_high_sequence_proxy_low
DBP3,GTCGTGA,0.230245,0.9649658203125,0.0,,,,experimental_high_sequence_proxy_low
DBP3,GTCTCAA,0.20722000000000002,0.95556640625,0.0,,,,experimental_high_sequence_proxy_low
DBP3,GTCTCAC,0.25765499999999997,0.9735107421875,0.0,,,,experimental_high_sequence_proxy_low
DBP3,GTGACAA,0.48118,0.9991455078125,0.0,,,,experimental_high_sequence_proxy_low
DBP3,GTGACAC,0.484805,1.0,0.0,,,,experimental_high_sequence_proxy_low
DBP3,GTGACCA,0.442905,0.9959716796875,0.0,,,,experimental_high_sequence_proxy_low
DBP3,GTGACGA,0.43994,0.995361328125,0.0,,,,experimental_high_sequence_proxy_low
DBP3,GTGACTA,0.477225,0.99853515625,0.0,,,,experimental_high_sequence_proxy_low
DBP3,GTGGTCA,0.231615,0.9656982421875,0.0,,,,experimental_high_sequence_proxy_low
DBP3,GTGGTGA,0.28054500000000004,0.9788818359375,0.0,,,,experimental_high_sequence_proxy_low
DBP3,GTGTCAA,0.4062,0.9930419921875,0.0,,,,experimental_high_sequence_proxy_low
DBP3,GTGTCTA,0.213495,0.9586181640625,0.0,,,,experimental_high_sequence_proxy_low
DBP3,GTGTGAA,0.257705,0.9736328125,0.0,,,,experimental_high_sequence_proxy_low
DBP3,GTTCACA,0.336055,0.9879150390625,0.0,,,,experimental_high_sequence_proxy_low
DBP3,GTTGACA,0.23584499999999997,0.9669189453125,0.0,,,,experimental_high_sequence_proxy_low
DBP3,GTTGTCA,0.33777999999999997,0.9881591796875,0.0,,,,experimental_high_sequence_proxy_low
DBP3,TAAGTCA,0.26311,0.9749755859375,0.0,,,,experimental_high_sequence_proxy_low
DBP3,TAAGTGA,0.30761499999999997,0.9835205078125,0.0,,,,experimental_high_sequence_proxy_low
DBP3,TACAGGA,-0.032695,0.467529296875,0.5,,,,sequence_proxy_high_experimental_low
DBP3,TACGTGA,0.239015,0.96826171875,0.0,,,,experimental_high_sequence_proxy_low
DBP3,TACTGCA,-0.035455,0.455322265625,0.3333333333333333,,,,sequence_proxy_high_experimental_low
DBP3,TATCACA,0.24529499999999999,0.9705810546875,0.0,,,,experimental_high_sequence_proxy_low
DBP3,TATGACA,0.27552,0.9775390625,0.0,,,,experimental_high_sequence_proxy_low
DBP3,TATGTCA,0.234885,0.966552734375,0.0,,,,experimental_high_sequence_proxy_low
DBP3,TATGTGA,0.31657,0.9854736328125,0.0,,,,experimental_high_sequence_proxy_low
DBP3,TCACAAA,0.28204,0.9794921875,0.0,,,,experimental_high_sequence_proxy_low
DBP3,TCACACA,0.40446499999999996,0.99267578125,0.0,,,,experimental_high_sequence_proxy_low
DBP3,TCACCAA,0.29301499999999997,0.9813232421875,0.0,,,,experimental_high_sequence_proxy_low
DBP3,TCACCCA,0.289765,0.980712890625,0.0,,,,experimental_high_sequence_proxy_low
DBP3,TCACGAA,0.208785,0.956298828125,0.0,,,,experimental_high_sequence_proxy_low
DBP3,TCACTAA,0.237115,0.9674072265625,0.0,,,,experimental_high_sequence_proxy_low
DBP3,TCACTCA,0.36287,0.9906005859375,0.0,,,,experimental_high_sequence_proxy_low
DBP3,TCAGGAA,-0.12449,0.1307373046875,0.5,,,,sequence_proxy_high_experimental_low
DBP3,TCAGGCA,-0.055970000000000006,0.3681640625,0.5,,,,sequence_proxy_high_experimental_low
DBP3,TCCAGGA,-0.049875,0.3956298828125,0.6,,,,sequence_proxy_high_experimental_low
DBP3,TCCGGCA,-0.11136000000000001,0.1700439453125,0.3333333333333333,,,,sequence_proxy_high_experimental_low
DBP3,TCCTAGA,-0.08641,0.25433349609375,0.3333333333333333,,,,sequence_proxy_high_experimental_low
DBP3,TCCTCCA,-0.043910000000000005,0.421142578125,0.3333333333333333,,,,sequence_proxy_high_experimental_low
DBP3,TCCTGAA,-0.024634999999999997,0.4990234375,0.5,,,,sequence_proxy_high_experimental_low
DBP3,TCCTTAA,-0.093305,0.2254638671875,0.3333333333333333,,,,sequence_proxy_high_experimental_low
DBP3,TCGGTCA,0.21545,0.9598388671875,0.0,,,,experimental_high_sequence_proxy_low
DBP3,TCTGCAA,-0.045105,0.416015625,0.3333333333333333,,,,sequence_proxy_high_experimental_low
DBP3,TGACAAA,0.34636999999999996,0.9893798828125,0.0,,,,experimental_high_sequence_proxy_low
DBP3,TGACACA,0.439125,0.9951171875,0.0,,,,experimental_high_sequence_proxy_low
DBP3,TGACCCA,0.281575,0.9793701171875,0.0,,,,experimental_high_sequence_proxy_low
DBP3,TGACGAA,0.21689999999999998,0.96044921875,0.0,,,,experimental_high_sequence_proxy_low
DBP3,TGACTAA,0.28056000000000003,0.97900390625,0.0,,,,experimental_high_sequence_proxy_low
DBP3,TGACTCA,0.27928,0.97802734375,0.0,,,,experimental_high_sequence_proxy_low
DBP3,TGAGACA,0.36752,0.9908447265625,0.0,,,,experimental_high_sequence_proxy_low
DBP3,TGCAGAA,-0.03156,0.472900390625,0.3333333333333333,,,,sequence_proxy_high_experimental_low
DBP3,TGCAGCA,-0.041069999999999995,0.43255615234375,0.4,,,,sequence_proxy_high_experimental_low
DBP3,TGTCACA,0.48207999999999995,0.9996337890625,0.0,,,,experimental_high_sequence_proxy_low
DBP3,TGTGAAA,0.197455,0.9508056640625,0.0,,,,experimental_high_sequence_proxy_low
DBP35,AAAAGCG,0.22096,0.9744873046875,0.0,,-6.251399750532764,,experimental_high_sequence_proxy_low
DBP35,AAAGCGA,0.19939,0.9658203125,0.0,,-6.964834663946255,,experimental_high_sequence_proxy_low
DBP35,AAAGGGA,0.20946,0.969970703125,0.0,,-7.036816175271619,,experimental_high_sequence_proxy_low
DBP35,AAAGTCA,0.30457500000000004,0.9888916015625,0.0,,-6.794817560895924,,experimental_high_sequence_proxy_low
DBP35,AACACAA,-0.036699999999999997,0.416259765625,0.4,,-6.4780118407889224,,sequence_proxy_high_experimental_low
DBP35,AACGTGC,-0.136485,0.088134765625,0.4,,-6.5549146273479195,,sequence_proxy_high_experimental_low
DBP35,AACTGGG,0.18016,0.9581298828125,0.0,,-8.023007459070726,,experimental_high_sequence_proxy_low
DBP35,AAGAGAC,0.27205,0.9842529296875,0.0,,-7.415507701469627,,experimental_high_sequence_proxy_low
DBP35,AAGCGAC,0.32614,0.991455078125,0.0,,-8.077724711536323,,experimental_high_sequence_proxy_low
DBP35,AAGGAAC,0.276675,0.9853515625,0.0,,-8.095146996268486,,experimental_high_sequence_proxy_low
DBP35,AAGGGAC,0.293435,0.98779296875,0.0,,-8.149706222861688,,experimental_high_sequence_proxy_low
DBP35,AAGGGGA,0.177735,0.956787109375,0.0,,-8.18611209892072,,experimental_high_sequence_proxy_low
DBP35,AATGAGT,0.209515,0.9700927734375,0.0,,-7.7467000719715475,,experimental_high_sequence_proxy_low
DBP35,ACAACAC,-0.02148,0.4794921875,0.4,,-7.164113093207898,,sequence_proxy_high_experimental_low
DBP35,ACACTGC,-0.080315,0.243408203125,0.6,,-6.377261439031063,,sequence_proxy_high_experimental_low
DBP35,ACAGCAG,-0.08818500000000001,0.2159423828125,0.4,,-8.118479726957249,,sequence_proxy_high_experimental_low
DBP35,ACCAGGG,0.18454,0.96044921875,0.0,,-9.032851242455019,,experimental_high_sequence_proxy_low
DBP35,ACCATAT,0.211725,0.970703125,0.0,,-7.8833228097086545,,experimental_high_sequence_proxy_low
DBP35,ACCATTA,0.1725,0.9541015625,0.0,,-8.438949023682385,,experimental_high_sequence_proxy_low
DBP35,ACCCAGC,0.18026999999999999,0.9583740234375,0.0,,-9.202407450040017,,experimental_high_sequence_proxy_low
DBP35,ACGTCCC,0.173365,0.9547119140625,0.0,,-9.07726195463092,,experimental_high_sequence_proxy_low
DBP35,ACGTGCT,-0.185815,0.026123046875,0.4,,-7.911468667200089,,sequence_proxy_high_experimental_low
DBP35,ACGTGTA,-0.02231,0.4761962890625,0.4,,-4.9826412655692,,sequence_proxy_high_experimental_low
DBP35,ACTACCC,0.24700499999999997,0.9796142578125,0.0,,-8.888684449214075,,experimental_high_sequence_proxy_low
DBP35,ACTAGTC,0.16578,0.9501953125,0.0,,-8.385782845281788,,experimental_high_sequence_proxy_low
DBP35,ACTCAGT,0.166165,0.9503173828125,0.0,,-8.611978562177391,,experimental_high_sequence_proxy_low
DBP35,ACTTATC,0.17970999999999998,0.9578857421875,0.0,,-7.358493266553065,,experimental_high_sequence_proxy_low
DBP35,ACTTCTG,0.23761500000000002,0.9776611328125,0.0,,-8.496949457569302,,experimental_high_sequence_proxy_low
DBP35,ACTTTGA,0.19201,0.963623046875,0.0,,-6.974619557079331,,experimental_high_sequence_proxy_low
DBP35,AGAGTCA,0.18446,0.960205078125,0.0,,-7.681162265572096,,experimental_high_sequence_proxy_low
DBP35,AGCACAA,-0.052695,0.34918212890625,0.6,,-6.816833970851141,,sequence_proxy_high_experimental_low
DBP35,AGCGCAC,-0.09032,0.20843505859375,0.4,,-7.418975158420811,,sequence_proxy_high_experimental_low
DBP35,AGCGTCA,0.25347000000000003,0.980224609375,0.0,,-7.617159667791734,,experimental_high_sequence_proxy_low
DBP35,AGCTGTG,-0.041245000000000004,0.3983154296875,0.4,,-8.62913263391988,,sequence_proxy_high_experimental_low
DBP35,AGGCGAC,0.269985,0.98388671875,0.0,,-9.046779980964688,,experimental_high_sequence_proxy_low
DBP35,AGGGACC,0.21936499999999998,0.9737548828125,0.0,,-8.97928497796194,,experimental_high_sequence_proxy_low
DBP35,AGGGGAC,0.20801999999999998,0.969482421875,0.0,,-8.934378278768143,,experimental_high_sequence_proxy_low
DBP35,AGGGTCA,0.191995,0.9635009765625,0.0,,-7.717523639389608,,experimental_high_sequence_proxy_low
DBP35,AGGTAAC,0.177955,0.95703125,0.0,,-8.845274079197981,,experimental_high_sequence_proxy_low
DBP35,AGGTTAT,0.17287999999999998,0.9544677734375,0.0,,-8.034227256800147,,experimental_high_sequence_proxy_low
DBP35,AGTCCCA,0.167445,0.9510498046875,0.0,,-8.523008566218506,,experimental_high_sequence_proxy_low
DBP35,AGTGCAG,-0.02009,0.485107421875,0.4,,-5.211186776584787,,sequence_proxy_high_experimental_low
DBP35,AGTGCAT,-0.038224999999999995,0.4097900390625,0.4,,-5.27518937436515,,sequence_proxy_high_experimental_low
DBP35,AGTGTGG,-0.04118,0.3985595703125,0.4,,-6.7788504356166825,,sequence_proxy_high_experimental_low
DBP35,ATACTTC,0.169825,0.9527587890625,0.0,,-6.774262565372804,,experimental_high_sequence_proxy_low
DBP35,ATATATG,0.173755,0.955078125,0.0,,-7.815573754933871,,experimental_high_sequence_proxy_low
DBP35,ATATGAC,0.17250500000000002,0.9542236328125,0.0,,-7.362800786300958,,experimental_high_sequence_proxy_low
DBP35,ATCGTCA,0.1777,0.9566650390625,0.0,,-6.891668007871516,,experimental_high_sequence_proxy_low
DBP35,ATGAGAC,0.199585,0.96600341796875,0.0,,-8.164795655529943,,experimental_high_sequence_proxy_low
DBP35,ATGAGTC,0.17625,0.955810546875,0.0,,-8.502926698977452,,experimental_high_sequence_proxy_low
DBP35,ATGCACG,-0.085345,0.22705078125,0.4,,-5.940922744448823,,sequence_proxy_high_experimental_low
DBP35,ATGGAAC,0.17496499999999998,0.9552001953125,0.0,,-7.160880634263688,,experimental_high_sequence_proxy_low
DBP35,ATGGGAC,0.27544,0.985107421875,0.0,,-8.998380876548506,,experimental_high_sequence_proxy_low
DBP35,ATGGTAC,0.19968,0.9661865234375,0.0,,-7.7058070067188895,,experimental_high_sequence_proxy_low
DBP35,ATGGTCA,0.218105,0.9730224609375,0.0,,-7.06273632559375,,experimental_high_sequence_proxy_low
DBP35,CAACACA,-0.04468,0.3814697265625,0.4,,-6.456770053190367,,sequence_proxy_high_experimental_low
DBP35,CATGCAC,-0.1064,0.1593017578125,0.5,,-5.4616512783910895,,sequence_proxy_high_experimental_low
DBP35,CATTCCC,0.178305,0.957275390625,0.0,,-8.601919981311632,,experimental_high_sequence_proxy_low
DBP35,CATTGGG,0.181765,0.9591064453125,0.0,,-9.24401026837247,,experimental_high_sequence_proxy_low
DBP35,CCAGTCA,0.20784,0.9693603515625,0.0,,-7.670001270797165,,experimental_high_sequence_proxy_low
DBP35,CCATATA,0.18093,0.958740234375,0.0,,-7.9909911625319605,,experimental_high_sequence_proxy_low
DBP35,CCATTAC,0.24728,0.979736328125,0.0,,-7.315116703988429,,experimental_high_sequence_proxy_low
DBP35,CCCCTCA,0.18112,0.9588623046875,0.0,,-7.491186107099556,,experimental_high_sequence_proxy_low
DBP35,CCGCACA,-0.025295,0.4654541015625,0.6,,-6.611268146805407,,sequence_proxy_high_experimental_low
DBP35,CCGGTGC,-0.04335499999999999,0.3873291015625,0.4,,-6.7757066824444925,,sequence_proxy_high_experimental_low
DBP35,CCGTGCA,-0.12007999999999999,0.1253662109375,0.4,,-5.565603027036623,,sequence_proxy_high_experimental_low
DBP35,CCTTGAG,0.202305,0.9666748046875,0.0,,-8.618697078791815,,experimental_high_sequence_proxy_low
DBP35,CGCACAC,-0.017304999999999997,0.499267578125,0.75,,-6.6650168054417565,,sequence_proxy_high_experimental_low
DBP35,CGCACAG,-0.03449,0.42626953125,0.6,,-6.8877412516787935,,sequence_proxy_high_experimental_low
DBP35,CGCACGC,-0.1048,0.162841796875,0.4,,-8.163043940422554,,sequence_proxy_high_experimental_low
DBP35,CGCGCAC,-0.06906999999999999,0.283935546875,0.5,,-7.467544939758968,,sequence_proxy_high_experimental_low
DBP35,CGCGTGC,-0.087245,0.2196044921875,0.4,,-6.842549012820431,,sequence_proxy_high_experimental_low
DBP35,CGGTGCA,-0.054925,0.3388671875,0.4,,-5.595681558378619,,sequence_proxy_high_experimental_low
DBP35,CGTGCAG,-0.03511,0.42401123046875,0.4,,-5.897929028507868,,sequence_proxy_high_experimental_low
DBP35,CGTGCGC,-0.151145,0.0623779296875,0.4,,-8.463173368231592,,sequence_proxy_high_experimental_low
DBP35,CTTTCCA,0.20151,0.966552734375,0.0,,-5.086667949854956,,experimental_high_sequence_proxy_low
DBP35,GAACACA,-0.029435,0.449462890625,0.4,,-6.509817187654027,,sequence_proxy_high_experimental_low
DBP35,GAAGCGA,0.167345,0.950927734375,0.0,,-6.9518388276554655,,experimental_high_sequence_proxy_low
DBP35,GAATATA,0.214885,0.9718017578125,0.0,,-5.838186948002096,,experimental_high_sequence_proxy_low
DBP35,GACCATA,0.199585,0.96600341796875,0.0,,-8.416679306017112,,experimental_high_sequence_proxy_low
DBP35,GAGAGAC,0.21241,0.9710693359375,0.0,,-8.672372650030933,,experimental_high_sequence_proxy_low
DBP35,GAGCGAC,0.170735,0.95361328125,0.0,,-9.015038763664087,,experimental_high_sequence_proxy_low
DBP35,GAGGGAC,0.20274999999999999,0.9669189453125,0.0,,-8.914674792066211,,experimental_high_sequence_proxy_low
DBP35,GCAACAC,-0.033685,0.4296875,0.6,,-7.28892490222897,,sequence_proxy_high_experimental_low
DBP35,GCACAGC,-0.15972,0.051513671875,0.6,,-6.57874655480836,,sequence_proxy_high_experimental_low
DBP35,GCACCAC,-0.017525,0.498046875,0.4,,-6.83960539873306,,sequence_proxy_high_experimental_low
DBP35,GCACGCA,-0.0476,0.37109375,0.4,,-6.741074799311677,,sequence_proxy_high_experimental_low
DBP35,GCACGTA,-0.11434,0.139892578125,0.4,,-6.510690539671587,,sequence_proxy_high_experimental_low
DBP35,GCAGCAC,-0.051989999999999995,0.35302734375,0.4,,-7.6277470322911896,,sequence_proxy_high_experimental_low
DBP35,GCGCACA,-0.1376,0.0855712890625,0.75,,-6.711632118403281,,sequence_proxy_high_experimental_low
DBP35,GCGTGCA,-0.12578,0.1099853515625,0.4,,-5.662523888754556,,sequence_proxy_high_experimental_low
DBP35,GCTGCAC,-0.034785,0.4254150390625,0.4,,-5.473890708293643,,sequence_proxy_high_experimental_low
DBP35,GGAGTCA,0.17955,0.957763671875,0.0,,-7.858645000676627,,experimental_high_sequence_proxy_low
DBP35,GGCCACA,-0.073075,0.2701416015625,0.4,,-7.599348151554593,,sequence_proxy_high_experimental_low
DBP35,GGCGCAC,-0.13245,0.09552001953125,0.4,,-7.543786967441884,,sequence_proxy_high_experimental_low
DBP35,GGGACTA,0.18503999999999998,0.9608154296875,0.0,,-9.063913417679133,,experimental_high_sequence_proxy_low
DBP35,GGGGTCA,0.190685,0.962646484375,0.0,,-7.895006374494138,,experimental_high_sequence_proxy_low
DBP35,GGTTGAC,0.17757499999999998,0.95654296875,0.0,,-7.513368154076803,,experimental_high_sequence_proxy_low
DBP35,GTCGCTA,0.21833999999999998,0.9732666015625,0.0,,-9.013629486524572,,experimental_high_sequence_proxy_low
DBP35,GTGCAGA,-0.074995,0.2637939453125,0.4,,-4.819103394497785,,sequence_proxy_high_experimental_low
DBP35,GTGCATA,-0.08276,0.2344970703125,0.4,,-4.883105992278147,,sequence_proxy_high_experimental_low
DBP35,TAAGTCA,0.18489,0.960693359375,0.0,,-7.622115042430884,,experimental_high_sequence_proxy_low
DBP35,TCCGTCA,0.18930999999999998,0.96240234375,0.0,,-7.612850339581009,,experimental_high_sequence_proxy_low
DBP35,TCGGTCA,0.22069,0.9742431640625,0.0,,-7.713214311178883,,experimental_high_sequence_proxy_low
DBP35,TGACCCA,0.213715,0.9715576171875,0.0,,-7.7894563388617994,,experimental_high_sequence_proxy_low
DBP35,TGACTAA,0.205145,0.968505859375,0.0,,-7.0983076512484296,,experimental_high_sequence_proxy_low
DBP35,TGACTCA,0.2182,0.97314453125,0.0,,-7.638282399127042,,experimental_high_sequence_proxy_low
DBP35,TGCAACA,-0.05497,0.3387451171875,0.4,,-6.083762349268503,,sequence_proxy_high_experimental_low
DBP48,AACGTGA,-0.15999,0.2132568359375,0.3333333333333333,,-9.484364755568404,,sequence_proxy_high_experimental_low
DBP48,AAGCTGA,-0.24276,0.0755615234375,0.3333333333333333,,-9.668754422366423,,sequence_proxy_high_experimental_low
DBP48,AATGCCG,0.28139,0.955322265625,0.0,,-7.737444314971906,,experimental_high_sequence_proxy_low
DBP48,AATTCAG,-0.14638,0.240234375,0.3333333333333333,,-5.915202146355446,,sequence_proxy_high_experimental_low
DBP48,ACCGCCG,0.31232,0.967529296875,0.0,,-10.403912316220664,,experimental_high_sequence_proxy_low
DBP48,ACCGCGG,0.27669,0.951171875,0.0,,-10.201118530991051,,experimental_high_sequence_proxy_low
DBP48,ACCGGCA,0.31355,0.9681396484375,0.0,,-10.43534203046179,,experimental_high_sequence_proxy_low
DBP48,ACCGGCG,0.29847,0.9625244140625,0.0,,-10.610886940630788,,experimental_high_sequence_proxy_low
DBP48,ACTCAGT,-0.07151,0.41485595703125,0.3333333333333333,,-8.252175142111565,,sequence_proxy_high_experimental_low
DBP48,ACTGACT,-0.04626,0.4759521484375,0.6,,-8.111746069130811,,sequence_proxy_high_experimental_low
DBP48,AGATCAG,-0.05379,0.4598388671875,0.3333333333333333,,-6.961620582377558,,sequence_proxy_high_experimental_low
DBP48,AGCGCCG,0.29511,0.961181640625,0.0,,-10.144880769666782,,experimental_high_sequence_proxy_low
DBP48,AGCGGCA,0.31388,0.96826171875,0.0,,-10.52265133990554,,experimental_high_sequence_proxy_low
DBP48,AGCGGCG,0.36971,0.9879150390625,0.0,,-10.698196250074538,,experimental_high_sequence_proxy_low
DBP48,AGCTGAA,-0.23369,0.0863037109375,0.3333333333333333,,-8.931835240164515,,sequence_proxy_high_experimental_low
DBP48,AGCTGAG,-0.25222,0.065185546875,0.3333333333333333,,-9.107380150333514,,sequence_proxy_high_experimental_low
DBP48,AGCTGAT,-0.08413,0.3885498046875,0.3333333333333333,,-7.559683124902958,,sequence_proxy_high_experimental_low
DBP48,AGCTGTC,-0.1189,0.3026123046875,0.3333333333333333,,-9.752513672855386,,sequence_proxy_high_experimental_low
DBP48,AGGCGCC,0.32253,0.9722900390625,0.0,,-10.261599846589748,,experimental_high_sequence_proxy_low
DBP48,AGGCGCG,0.28925,0.95947265625,0.0,,-10.349141617377892,,experimental_high_sequence_proxy_low
DBP48,AGGCGGC,0.31464,0.968505859375,0.0,,-10.174290537145998,,experimental_high_sequence_proxy_low
DBP48,AGGGCCG,0.3281,0.974365234375,0.0,,-9.636350391984639,,experimental_high_sequence_proxy_low
DBP48,ATCAGAT,-0.13586,0.26171875,0.3333333333333333,,-7.469117088766928,,sequence_proxy_high_experimental_low
DBP48,ATCAGTC,-0.07874,0.3994140625,0.5,,-7.717701828366955,,sequence_proxy_high_experimental_low
DBP48,ATCGGCG,0.33248,0.97607421875,0.0,,-8.11862148687712,,experimental_high_sequence_proxy_low
DBP48,ATGCCGA,0.30963,0.9671630859375,0.0,,-7.505610578288573,,experimental_high_sequence_proxy_low
DBP48,ATGCCGC,0.33124,0.975830078125,0.0,,-7.640335002707809,,experimental_high_sequence_proxy_low
DBP48,ATGCCGG,0.32742,0.9739990234375,0.0,,-7.623057929806418,,experimental_high_sequence_proxy_low
DBP48,ATGCGGC,0.27777,0.9521484375,0.0,,-7.9915200636352335,,experimental_high_sequence_proxy_low
DBP48,CACCGGC,0.31974,0.9708251953125,0.0,,-10.492269056212574,,experimental_high_sequence_proxy_low
DBP48,CAGAGAC,-0.07631,0.404296875,0.3333333333333333,,-9.595917570514276,,sequence_proxy_high_experimental_low
DBP48,CAGCTCA,-0.06881,0.4207763671875,0.3333333333333333,,-8.946131168919639,,sequence_proxy_high_experimental_low
DBP48,CATCGGC,0.29637,0.961669921875,0.0,,-8.309707426943834,,experimental_high_sequence_proxy_low
DBP48,CCCGCCG,0.37648,0.9898681640625,0.0,,-11.010171341259257,,experimental_high_sequence_proxy_low
DBP48,CCCGGCG,0.31997,0.970947265625,0.0,,-10.98275717503142,,experimental_high_sequence_proxy_low
DBP48,CCGCCCG,0.33964,0.9774169921875,0.0,,-10.328416848890264,,experimental_high_sequence_proxy_low
DBP48,CCGCCGA,0.27964,0.9532470703125,0.0,,-11.15319065800149,,experimental_high_sequence_proxy_low
DBP48,CCGCCGC,0.35186,0.9815673828125,0.0,,-11.05661240354606,,experimental_high_sequence_proxy_low
DBP48,CCGCCGG,0.36417,0.986083984375,0.0,,-10.96930309410231,,experimental_high_sequence_proxy_low
DBP48,CCGCGCA,0.2822,0.955810546875,0.0,,-10.786707257795255,,experimental_high_sequence_proxy_low
DBP48,CCGCGGC,0.27546,0.9501953125,0.0,,-11.204896857796564,,experimental_high_sequence_proxy_low
DBP48,CCGGCAC,0.30992,0.96728515625,0.0,,-8.50975472073106,,experimental_high_sequence_proxy_low
DBP48,CCGGCCA,0.28522,0.9576416015625,0.0,,-10.177561863752597,,experimental_high_sequence_proxy_low
DBP48,CCGGCCG,0.34514,0.9796142578125,0.0,,-10.309813384753712,,experimental_high_sequence_proxy_low
DBP48,CCGGCGA,0.33482,0.9765625,0.0,,-10.837051573101196,,experimental_high_sequence_proxy_low
DBP48,CCGGCGC,0.38491,0.99169921875,0.0,,-10.494203051551732,,experimental_high_sequence_proxy_low
DBP48,CCGGGCG,0.36409,0.98583984375,0.0,,-10.341870929819374,,experimental_high_sequence_proxy_low
DBP48,CCTCAGG,-0.12435,0.2900390625,0.3333333333333333,,-9.378486994361285,,sequence_proxy_high_experimental_low
DBP48,CCTGATC,-0.06862,0.42138671875,0.3333333333333333,,-6.8438098740378965,,sequence_proxy_high_experimental_low
DBP48,CGAGCGC,0.2843,0.95703125,0.0,,-9.60988558390029,,experimental_high_sequence_proxy_low
DBP48,CGAGGCG,0.29772,0.9619140625,0.0,,-9.814146431611402,,experimental_high_sequence_proxy_low
DBP48,CGATGCC,0.30108,0.9637451171875,0.0,,-7.280190897173211,,experimental_high_sequence_proxy_low
DBP48,CGCACCG,0.30566,0.965087890625,0.0,,-8.702955089620366,,experimental_high_sequence_proxy_low
DBP48,CGCCACC,0.29381,0.9609375,0.0,,-9.178268784238735,,experimental_high_sequence_proxy_low
DBP48,CGCCATC,0.34767,0.9805908203125,0.0,,-7.915675456131929,,experimental_high_sequence_proxy_low
DBP48,CGCCCAC,0.28786,0.958984375,0.0,,-10.395018462374223,,experimental_high_sequence_proxy_low
DBP48,CGCCGAG,0.2807,0.95458984375,0.0,,-10.334065382236393,,experimental_high_sequence_proxy_low
DBP48,CGCCGCA,0.39387,0.993408203125,0.0,,-10.84780028926779,,experimental_high_sequence_proxy_low
DBP48,CGCCGCC,0.36493,0.9864501953125,0.0,,-10.961024363088665,,experimental_high_sequence_proxy_low
DBP48,CGCCGCG,0.31469,0.9686279296875,0.0,,-11.07006648447517,,experimental_high_sequence_proxy_low
DBP48,CGCCGGA,0.34075,0.9783935546875,0.0,,-10.76049097982404,,experimental_high_sequence_proxy_low
DBP48,CGCCGGC,0.43775,0.9986572265625,0.0,,-10.895215404243276,,experimental_high_sequence_proxy_low
DBP48,CGCGCCC,0.30688,0.9658203125,0.0,,-9.894185053496631,,experimental_high_sequence_proxy_low
DBP48,CGCGCCG,0.37891,0.990478515625,0.0,,-10.53507129870868,,experimental_high_sequence_proxy_low
DBP48,CGCGGCA,0.29951,0.9632568359375,0.0,,-10.603787843225184,,experimental_high_sequence_proxy_low
DBP48,CGCGGCC,0.36715,0.9869384765625,0.0,,-10.301534653740067,,experimental_high_sequence_proxy_low
DBP48,CGGCAAC,0.2889,0.9593505859375,0.0,,-7.998543183651111,,experimental_high_sequence_proxy_low
DBP48,CGGCACC,0.3388,0.977294921875,0.0,,-8.021200597251372,,experimental_high_sequence_proxy_low
DBP48,CGGCATA,0.33974,0.9775390625,0.0,,-7.5821711715657285,,experimental_high_sequence_proxy_low
DBP48,CGGCATC,0.37449,0.9893798828125,0.0,,-7.1039284500664035,,experimental_high_sequence_proxy_low
DBP48,CGGCCGA,0.37661,0.989990234375,0.0,,-10.358823930538597,,experimental_high_sequence_proxy_low
DBP48,CGGCCGC,0.35032,0.9813232421875,0.0,,-10.352151884138609,,experimental_high_sequence_proxy_low
DBP48,CGGCGCA,0.27555,0.950439453125,0.0,,-10.543213597336617,,experimental_high_sequence_proxy_low
DBP48,CGGCGCC,0.44628,0.9990234375,0.0,,-10.485924320538087,,experimental_high_sequence_proxy_low
DBP48,CGGCGGC,0.40816,0.99603271484375,0.0,,-11.011641593487207,,experimental_high_sequence_proxy_low
DBP48,CGGGCGC,0.31863,0.97021484375,0.0,,-9.853316806339684,,experimental_high_sequence_proxy_low
DBP48,CGTTCAG,-0.05919,0.44488525390625,0.5,,-7.358970880611297,,sequence_proxy_high_experimental_low
DBP48,CTCAGAG,-0.13506,0.262939453125,0.3333333333333333,,-9.575828639189575,,sequence_proxy_high_experimental_low
DBP48,CTCTCAG,-0.16339,0.2060546875,0.3333333333333333,,-9.287103720517116,,sequence_proxy_high_experimental_low
DBP48,CTGAAAA,-0.11018,0.32421875,0.3333333333333333,,-7.710664158789782,,sequence_proxy_high_experimental_low
DBP48,CTGACTC,-0.10736,0.33111572265625,0.5,,-7.991346310040347,,sequence_proxy_high_experimental_low
DBP48,CTGATCA,-0.10277,0.3424072265625,0.4,,-7.023269091807851,,sequence_proxy_high_experimental_low
DBP48,CTGATCC,-0.07347,0.4095458984375,0.3333333333333333,,-6.81120302128978,,sequence_proxy_high_experimental_low
DBP48,CTGCTGA,-0.03624,0.4967041015625,0.3333333333333333,,-9.622223056683477,,sequence_proxy_high_experimental_low
DBP48,CTGGTCA,-0.05803,0.44805908203125,0.5,,-8.24229055784845,,sequence_proxy_high_experimental_low
DBP48,CTGTCAA,-0.13265,0.2689208984375,0.5,,-8.604987040276882,,sequence_proxy_high_experimental_low
DBP48,GACTGAA,-0.10209,0.343994140625,0.5,,-8.403275361253566,,sequence_proxy_high_experimental_low
DBP48,GAGCTGA,-0.20229,0.1318359375,0.3333333333333333,,-9.736856670143798,,sequence_proxy_high_experimental_low
DBP48,GAGGCGC,0.28126,0.955078125,0.0,,-9.860587493898205,,experimental_high_sequence_proxy_low
DBP48,GATCAGC,-0.03606,0.49774169921875,0.3333333333333333,,-7.04660365926751,,sequence_proxy_high_experimental_low
DBP48,GATCTGA,-0.20427,0.1280517578125,0.3333333333333333,,-7.7924073786659624,,sequence_proxy_high_experimental_low
DBP48,GCCACCC,0.27996,0.95367431640625,0.0,,-9.220607283623634,,experimental_high_sequence_proxy_low
DBP48,GCCCGGC,0.32954,0.9749755859375,0.0,,-10.831755553003852,,experimental_high_sequence_proxy_low
DBP48,GCCGCAC,0.31787,0.9698486328125,0.0,,-9.063099195154962,,experimental_high_sequence_proxy_low
DBP48,GCCGCCC,0.32515,0.97314453125,0.0,,-10.37075534827516,,experimental_high_sequence_proxy_low
DBP48,GCCGCGA,0.35345,0.9827880859375,0.0,,-11.11698971016982,,experimental_high_sequence_proxy_low
DBP48,GCCGGCA,0.36353,0.985595703125,0.0,,-10.672600302734963,,experimental_high_sequence_proxy_low
DBP48,GCCGGCC,0.38387,0.990966796875,0.0,,-10.235725694894677,,experimental_high_sequence_proxy_low
DBP48,GCGCCAC,0.28215,0.9556884765625,0.0,,-9.57928113693028,,experimental_high_sequence_proxy_low
DBP48,GCGCCCC,0.27994,0.9534912109375,0.0,,-9.940626115783434,,experimental_high_sequence_proxy_low
DBP48,GCGCCGA,0.36076,0.985107421875,0.0,,-10.678090615450913,,experimental_high_sequence_proxy_low
DBP48,GCGCCGC,0.40419,0.9952392578125,0.0,,-10.581512360995482,,experimental_high_sequence_proxy_low
DBP48,GCGCGCC,0.34288,0.97900390625,0.0,,-10.554736780047866,,experimental_high_sequence_proxy_low
DBP48,GCGGCAC,0.32772,0.97412109375,0.0,,-8.422212949942915,,experimental_high_sequence_proxy_low
DBP48,GCGGCCA,0.28492,0.95751953125,0.0,,-10.264871173196347,,experimental_high_sequence_proxy_low
DBP48,GCGGCGA,0.27768,0.9520263671875,0.0,,-10.924360882544946,,experimental_high_sequence_proxy_low
DBP48,GGCCGCA,0.28114,0.9549560546875,0.0,,-10.188310579919191,,experimental_high_sequence_proxy_low
DBP48,GGCCGCC,0.37861,0.9903564453125,0.0,,-10.323035004338427,,experimental_high_sequence_proxy_low
DBP48,GGCGCAC,0.27791,0.95263671875,0.0,,-9.150408504598712,,experimental_high_sequence_proxy_low
DBP48,GGCGCCA,0.34478,0.9794921875,0.0,,-10.398017172911343,,experimental_high_sequence_proxy_low
DBP48,GGCGCCC,0.31254,0.9676513671875,0.0,,-9.895655305724581,,experimental_high_sequence_proxy_low
DBP48,GGCGCGA,0.27767,0.951904296875,0.0,,-10.396546920683392,,experimental_high_sequence_proxy_low
DBP48,GGCGGCA,0.35291,0.982177734375,0.0,,-10.674070554962915,,experimental_high_sequence_proxy_low
DBP48,GGGTGGA,0.27591,0.9508056640625,0.0,,-9.791788681441147,,experimental_high_sequence_proxy_low
DBP48,GTACTGA,-0.03948,0.4901123046875,0.3333333333333333,,-8.203166683551926,,sequence_proxy_high_experimental_low
DBP48,GTCAAAA,-0.08257,0.3912353515625,0.3333333333333333,,-8.67144576374196,,sequence_proxy_high_experimental_low
DBP48,GTGCCGA,0.3461,0.9798583984375,0.0,,-8.28748852552368,,experimental_high_sequence_proxy_low
DBP48,TAGCTGA,-0.1943,0.1458740234375,0.3333333333333333,,-9.578666810779323,,sequence_proxy_high_experimental_low
DBP48,TCAGAGA,-0.17521,0.1832275390625,0.3333333333333333,,-9.869022131978259,,sequence_proxy_high_experimental_low
DBP48,TCGCCGA,0.33123,0.9757080078125,0.0,,-11.020939137000376,,experimental_high_sequence_proxy_low
DBP48,TCTCAGA,-0.26202,0.05322265625,0.3333333333333333,,-9.43012303725935,,sequence_proxy_high_experimental_low
DBP48,TGACTCA,-0.07535,0.4061279296875,0.3333333333333333,,-7.9185548942460695,,sequence_proxy_high_experimental_low
DBP48,TGCCGAA,0.36319,0.9853515625,0.0,,-9.936254276860014,,experimental_high_sequence_proxy_low
DBP48,TGTCACA,-0.04796,0.4725341796875,0.3333333333333333,,-8.129747082698705,,sequence_proxy_high_experimental_low
DBP48,TTCAGAA,-0.22364,0.0985107421875,0.3333333333333333,,-9.178017533813197,,sequence_proxy_high_experimental_low
DBP48,TTGACAA,-0.12722,0.2822265625,0.3333333333333333,,-8.61312933890482,,sequence_proxy_high_experimental_low
DBP5,AAAATAT,0.25994,0.9901123046875,0.0,,,,experimental_high_sequence_proxy_low
DBP5,AAAATGA,0.19124,0.9598388671875,0.0,,,,experimental_high_sequence_proxy_low
DBP5,AAACGAC,0.18,0.9501953125,0.0,,,,experimental_high_sequence_proxy_low
DBP5,AAAGTCA,0.22598,0.9803466796875,0.0,,,,experimental_high_sequence_proxy_low
DBP5,AAATAAT,0.20892,0.97216796875,0.0,,,,experimental_high_sequence_proxy_low
DBP5,AAATATA,0.25402,0.989013671875,0.0,,,,experimental_high_sequence_proxy_low
DBP5,AAATATG,0.27781,0.99462890625,0.0,,,,experimental_high_sequence_proxy_low
DBP5,AACGTGT,-0.01592,0.4752197265625,0.4,,,,sequence_proxy_high_experimental_low
DBP5,AACGTTC,0.18981,0.9583740234375,0.0,,,,experimental_high_sequence_proxy_low
DBP5,AAGTATA,0.24417,0.986328125,0.0,,,,experimental_high_sequence_proxy_low
DBP5,AAGTGCA,-0.18947,0.04736328125,0.4,,,,sequence_proxy_high_experimental_low
DBP5,AATAATA,0.19402,0.9620361328125,0.0,,,,experimental_high_sequence_proxy_low
DBP5,AATATAC,0.2652,0.991455078125,0.0,,,,experimental_high_sequence_proxy_low
DBP5,AATATAG,0.20111,0.9683837890625,0.0,,,,experimental_high_sequence_proxy_low
DBP5,AATATAT,0.24137,0.9852294921875,0.0,,,,experimental_high_sequence_proxy_low
DBP5,AATATCA,0.1958,0.9642333984375,0.0,,,,experimental_high_sequence_proxy_low
DBP5,AATATGA,0.214,0.9749755859375,0.0,,,,experimental_high_sequence_proxy_low
DBP5,AATATGG,0.29152,0.9954833984375,0.0,,,,experimental_high_sequence_proxy_low
DBP5,AATCATT,0.2481,0.9873046875,0.0,,,,experimental_high_sequence_proxy_low
DBP5,AATGAAC,0.19391,0.9617919921875,0.0,,,,experimental_high_sequence_proxy_low
DBP5,AATTATA,0.19536,0.96368408203125,0.0,,,,experimental_high_sequence_proxy_low
DBP5,AATTCCA,0.18963,0.9578857421875,0.0,,,,experimental_high_sequence_proxy_low
DBP5,ACACTGC,-0.05781,0.3348388671875,0.6,,,,sequence_proxy_high_experimental_low
DBP5,ACAGTGC,-0.13569,0.1295166015625,0.6,,,,sequence_proxy_high_experimental_low
DBP5,ACCACAC,-0.01902,0.46527099609375,0.4,,,,sequence_proxy_high_experimental_low
DBP5,ACCATAT,0.19181,0.9603271484375,0.0,,,,experimental_high_sequence_proxy_low
DBP5,ACCCATA,0.18791,0.9560546875,0.0,,,,experimental_high_sequence_proxy_low
DBP5,ACCCGTC,0.19582,0.96435546875,0.0,,,,experimental_high_sequence_proxy_low
DBP5,ACGGATA,0.27301,0.9937744140625,0.0,,,,experimental_high_sequence_proxy_low
DBP5,ACGGGAT,0.18889,0.9569091796875,0.0,,,,experimental_high_sequence_proxy_low
DBP5,ACGTATA,0.22173,0.9781494140625,0.0,,,,experimental_high_sequence_proxy_low
DBP5,ACGTCAG,0.19527,0.9635009765625,0.0,,,,experimental_high_sequence_proxy_low
DBP5,ACGTGCT,-0.01471,0.47906494140625,0.4,,,,sequence_proxy_high_experimental_low
DBP5,ACTATAG,0.20922,0.9722900390625,0.0,,,,experimental_high_sequence_proxy_low
DBP5,ACTATAT,0.20365,0.9697265625,0.0,,,,experimental_high_sequence_proxy_low
DBP5,ACTCTCA,0.2079,0.9718017578125,0.0,,,,experimental_high_sequence_proxy_low
DBP5,ACTTATA,0.25329,0.98876953125,0.0,,,,experimental_high_sequence_proxy_low
DBP5,ACTTATC,0.24927,0.98779296875,0.0,,,,experimental_high_sequence_proxy_low
DBP5,ACTTCTG,0.1979,0.966064453125,0.0,,,,experimental_high_sequence_proxy_low
DBP5,ACTTTGA,0.22339,0.9788818359375,0.0,,,,experimental_high_sequence_proxy_low
DBP5,AGAAGTA,0.22461,0.9796142578125,0.0,,,,experimental_high_sequence_proxy_low
DBP5,AGAGTAT,0.19456,0.962646484375,0.0,,,,experimental_high_sequence_proxy_low
DBP5,AGATATA,0.24248,0.98583984375,0.0,,,,experimental_high_sequence_proxy_low
DBP5,AGCACAA,-0.04602,0.369873046875,0.6,,,,sequence_proxy_high_experimental_low
DBP5,AGCACAG,-0.03989,0.391845703125,0.6,,,,sequence_proxy_high_experimental_low
DBP5,AGCCAGC,0.18893,0.95721435546875,0.0,,,,experimental_high_sequence_proxy_low
DBP5,AGCGCAC,-0.12441,0.15185546875,0.4,,,,sequence_proxy_high_experimental_low
DBP5,AGGAATA,0.1896,0.957763671875,0.0,,,,experimental_high_sequence_proxy_low
DBP5,AGTAAAA,0.20608,0.9710693359375,0.0,,,,experimental_high_sequence_proxy_low
DBP5,AGTATAT,0.27294,0.99365234375,0.0,,,,experimental_high_sequence_proxy_low
DBP5,AGTGCAC,-0.11455,0.17510986328125,0.5,,,,sequence_proxy_high_experimental_low
DBP5,AGTGCAG,-0.09134,0.23822021484375,0.4,,,,sequence_proxy_high_experimental_low
DBP5,AGTGCAT,-0.01848,0.46685791015625,0.4,,,,sequence_proxy_high_experimental_low
DBP5,AGTGCGC,-0.09495,0.2265625,0.4,,,,sequence_proxy_high_experimental_low
DBP5,AGTGTGG,-0.05792,0.3343505859375,0.4,,,,sequence_proxy_high_experimental_low
DBP5,ATAAAAA,0.20446,0.9700927734375,0.0,,,,experimental_high_sequence_proxy_low
DBP5,ATAAATA,0.21547,0.9755859375,0.0,,,,experimental_high_sequence_proxy_low
DBP5,ATAAGAA,0.18656,0.9552001953125,0.0,,,,experimental_high_sequence_proxy_low
DBP5,ATAAGAT,0.19089,0.95928955078125,0.0,,,,experimental_high_sequence_proxy_low
DBP5,ATAAGTA,0.23927,0.98486328125,0.0,,,,experimental_high_sequence_proxy_low
DBP5,ATAAGTC,0.18535,0.9542236328125,0.0,,,,experimental_high_sequence_proxy_low
DBP5,ATAATAC,0.19634,0.9649658203125,0.0,,,,experimental_high_sequence_proxy_low
DBP5,ATAATAT,0.2107,0.9737548828125,0.0,,,,experimental_high_sequence_proxy_low
DBP5,ATAATGG,0.18461,0.9537353515625,0.0,,,,experimental_high_sequence_proxy_low
DBP5,ATAATTA,0.26958,0.9930419921875,0.0,,,,experimental_high_sequence_proxy_low
DBP5,ATAATTG,0.20795,0.971923828125,0.0,,,,experimental_high_sequence_proxy_low
DBP5,ATACGCG,0.23115,0.9820556640625,0.0,,,,experimental_high_sequence_proxy_low
DBP5,ATACGGA,0.19486,0.963134765625,0.0,,,,experimental_high_sequence_proxy_low
DBP5,ATACGTA,0.22605,0.98046875,0.0,,,,experimental_high_sequence_proxy_low
DBP5,ATACTAT,0.18019,0.9503173828125,0.0,,,,experimental_high_sequence_proxy_low
DBP5,ATACTTA,0.20028,0.9681396484375,0.0,,,,experimental_high_sequence_proxy_low
DBP5,ATACTTC,0.19432,0.9625244140625,0.0,,,,experimental_high_sequence_proxy_low
DBP5,ATAGAGA,0.20957,0.97265625,0.0,,,,experimental_high_sequence_proxy_low
DBP5,ATAGATG,0.25206,0.9884033203125,0.0,,,,experimental_high_sequence_proxy_low
DBP5,ATAGGAG,0.20593,0.970947265625,0.0,,,,experimental_high_sequence_proxy_low
DBP5,ATAGGAT,0.20471,0.970458984375,0.0,,,,experimental_high_sequence_proxy_low
DBP5,ATAGGGG,0.25435,0.9892578125,0.0,,,,experimental_high_sequence_proxy_low
DBP5,ATAGGTC,0.21071,0.973876953125,0.0,,,,experimental_high_sequence_proxy_low
DBP5,ATATAAG,0.26974,0.9931640625,0.0,,,,experimental_high_sequence_proxy_low
DBP5,ATATACC,0.21011,0.9730224609375,0.0,,,,experimental_high_sequence_proxy_low
DBP5,ATATACG,0.18978,0.9580078125,0.0,,,,experimental_high_sequence_proxy_low
DBP5,ATATAGA,0.24111,0.985107421875,0.0,,,,experimental_high_sequence_proxy_low
DBP5,ATATATA,0.31385,0.9969482421875,0.0,,,,experimental_high_sequence_proxy_low
DBP5,ATATATC,0.22567,0.9801025390625,0.0,,,,experimental_high_sequence_proxy_low
DBP5,ATATATG,0.30919,0.9967041015625,0.0,,,,experimental_high_sequence_proxy_low
DBP5,ATATCAA,0.18328,0.952392578125,0.0,,,,experimental_high_sequence_proxy_low
DBP5,ATATCTA,0.19927,0.966796875,0.0,,,,experimental_high_sequence_proxy_low
DBP5,ATATGAC,0.22197,0.978515625,0.0,,,,experimental_high_sequence_proxy_low
DBP5,ATATGAT,0.22851,0.9813232421875,0.0,,,,experimental_high_sequence_proxy_low
DBP5,ATATGGA,0.29072,0.995361328125,0.0,,,,experimental_high_sequence_proxy_low
DBP5,ATATGGG,0.20693,0.9713134765625,0.0,,,,experimental_high_sequence_proxy_low
DBP5,ATATTTA,0.19242,0.9608154296875,0.0,,,,experimental_high_sequence_proxy_low
DBP5,ATATTTC,0.19929,0.9669189453125,0.0,,,,experimental_high_sequence_proxy_low
DBP5,ATCAACG,0.18938,0.95751953125,0.0,,,,experimental_high_sequence_proxy_low
DBP5,ATCAATG,0.19162,0.9599609375,0.0,,,,experimental_high_sequence_proxy_low
DBP5,ATCATAC,0.22117,0.9779052734375,0.0,,,,experimental_high_sequence_proxy_low
DBP5,ATCATTC,0.19114,0.9595947265625,0.0,,,,experimental_high_sequence_proxy_low
DBP5,ATCATTG,0.27241,0.9935302734375,0.0,,,,experimental_high_sequence_proxy_low
DBP5,ATCCAGA,0.2157,0.9759521484375,0.0,,,,experimental_high_sequence_proxy_low
DBP5,ATCCATA,0.29611,0.9957275390625,0.0,,,,experimental_high_sequence_proxy_low
DBP5,ATCTATA,0.24672,0.987060546875,0.0,,,,experimental_high_sequence_proxy_low
DBP5,ATGAAAT,0.19787,0.9659423828125,0.0,,,,experimental_high_sequence_proxy_low
DBP5,ATGATAA,0.23875,0.9847412109375,0.0,,,,experimental_high_sequence_proxy_low
DBP5,ATGGAAA,0.18421,0.9532470703125,0.0,,,,experimental_high_sequence_proxy_low
DBP5,ATGGATA,0.19121,0.959716796875,0.0,,,,experimental_high_sequence_proxy_low
DBP5,ATGGATG,0.21265,0.974365234375,0.0,,,,experimental_high_sequence_proxy_low
DBP5,ATGGGAC,0.18269,0.9520263671875,0.0,,,,experimental_high_sequence_proxy_low
DBP5,ATTAATA,0.22874,0.981689453125,0.0,,,,experimental_high_sequence_proxy_low
DBP5,ATTACTA,0.18327,0.9522705078125,0.0,,,,experimental_high_sequence_proxy_low
DBP5,ATTATCA,0.1921,0.96044921875,0.0,,,,experimental_high_sequence_proxy_low
DBP5,ATTATCC,0.21852,0.9765625,0.0,,,,experimental_high_sequence_proxy_low
DBP5,CAACCCA,0.18979,0.9581298828125,0.0,,,,experimental_high_sequence_proxy_low
DBP5,CAATATA,0.20454,0.97021484375,0.0,,,,experimental_high_sequence_proxy_low
DBP5,CAATATG,0.21344,0.974609375,0.0,,,,experimental_high_sequence_proxy_low
DBP5,CAATTCA,0.20018,0.968017578125,0.0,,,,experimental_high_sequence_proxy_low
DBP5,CACCACA,-0.05107,0.3536376953125,0.4,,,,sequence_proxy_high_experimental_low
DBP5,CAGTGCA,-0.07002,0.29669189453125,0.4,,,,sequence_proxy_high_experimental_low
DBP5,CATAAGA,0.21023,0.9732666015625,0.0,,,,experimental_high_sequence_proxy_low
DBP5,CATAATA,0.19555,0.9639892578125,0.0,,,,experimental_high_sequence_proxy_low
DBP5,CATACGC,0.2424,0.985595703125,0.0,,,,experimental_high_sequence_proxy_low
DBP5,CATACTC,0.19485,0.9630126953125,0.0,,,,experimental_high_sequence_proxy_low
DBP5,CATATAA,0.23722,0.984130859375,0.0,,,,experimental_high_sequence_proxy_low
DBP5,CATATAC,0.23246,0.982421875,0.0,,,,experimental_high_sequence_proxy_low
DBP5,CATATAG,0.21353,0.9747314453125,0.0,,,,experimental_high_sequence_proxy_low
DBP5,CATATCA,0.22404,0.979248046875,0.0,,,,experimental_high_sequence_proxy_low
DBP5,CATATGA,0.18836,0.9564208984375,0.0,,,,experimental_high_sequence_proxy_low
DBP5,CATATTA,0.23975,0.9849853515625,0.0,,,,experimental_high_sequence_proxy_low
DBP5,CATCATA,0.22371,0.9791259765625,0.0,,,,experimental_high_sequence_proxy_low
DBP5,CATCGAC,0.2735,0.993896484375,0.0,,,,experimental_high_sequence_proxy_low
DBP5,CATGATA,0.25097,0.9881591796875,0.0,,,,experimental_high_sequence_proxy_low
DBP5,CATTACC,0.25612,0.98974609375,0.0,,,,experimental_high_sequence_proxy_low
DBP5,CATTATA,0.21839,0.9764404296875,0.0,,,,experimental_high_sequence_proxy_low
DBP5,CATTATC,0.20655,0.97119140625,0.0,,,,experimental_high_sequence_proxy_low
DBP5,CCACACC,-0.10091,0.209228515625,0.4,,,,sequence_proxy_high_experimental_low
DBP5,CCATAAA,0.18377,0.952880859375,0.0,,,,experimental_high_sequence_proxy_low
DBP5,CCATACG,0.19545,0.9638671875,0.0,,,,experimental_high_sequence_proxy_low
DBP5,CCATATA,0.26835,0.9925537109375,0.0,,,,experimental_high_sequence_proxy_low
DBP5,CCATTAC,0.21931,0.97686767578125,0.0,,,,experimental_high_sequence_proxy_low
DBP5,CCCTATA,0.26533,0.99169921875,0.0,,,,experimental_high_sequence_proxy_low
DBP5,CCGGCAC,-0.05392,0.3458251953125,0.4,,,,sequence_proxy_high_experimental_low
DBP5,CCGGTGC,-0.08656,0.252197265625,0.4,,,,sequence_proxy_high_experimental_low
DBP5,CCTATAC,0.19521,0.96337890625,0.0,,,,experimental_high_sequence_proxy_low
DBP5,CCTATAG,0.2108,0.97412109375,0.0,,,,experimental_high_sequence_proxy_low
DBP5,CCTATCA,0.20326,0.9693603515625,0.0,,,,experimental_high_sequence_proxy_low
DBP5,CCTGTGC,-0.12079,0.1600341796875,0.6,,,,sequence_proxy_high_experimental_low
DBP5,CCTTACC,0.19591,0.9644775390625,0.0,,,,experimental_high_sequence_proxy_low
DBP5,CCTTATA,0.20314,0.96923828125,0.0,,,,experimental_high_sequence_proxy_low
DBP5,CGCACAA,-0.03528,0.408447265625,0.6,,,,sequence_proxy_high_experimental_low
DBP5,CGCACAC,-0.0829,0.2618408203125,0.75,,,,sequence_proxy_high_experimental_low
DBP5,CGCACGC,-0.07239,0.2916259765625,0.4,,,,sequence_proxy_high_experimental_low
DBP5,CGCGCAC,-0.05365,0.3468017578125,0.5,,,,sequence_proxy_high_experimental_low
DBP5,CGCGTGC,-0.00827,0.49951171875,0.4,,,,sequence_proxy_high_experimental_low
DBP5,CGGATAC,0.1993,0.967041015625,0.0,,,,experimental_high_sequence_proxy_low
DBP5,CGGCACA,-0.06184,0.32177734375,0.6,,,,sequence_proxy_high_experimental_low
DBP5,CGGGATA,0.19089,0.95928955078125,0.0,,,,experimental_high_sequence_proxy_low
DBP5,CGGTGCA,-0.12098,0.15966796875,0.4,,,,sequence_proxy_high_experimental_low
DBP5,CGTATAA,0.23423,0.98291015625,0.0,,,,experimental_high_sequence_proxy_low
DBP5,CGTGCGC,-0.02588,0.44122314453125,0.4,,,,sequence_proxy_high_experimental_low
DBP5,CGTGTGC,-0.0131,0.483154296875,0.75,,,,sequence_proxy_high_experimental_low
DBP5,CTACCCC,0.19177,0.960205078125,0.0,,,,experimental_high_sequence_proxy_low
DBP5,CTATAGA,0.20729,0.97149658203125,0.0,,,,experimental_high_sequence_proxy_low
DBP5,CTATATA,0.24439,0.986572265625,0.0,,,,experimental_high_sequence_proxy_low
DBP5,CTATCCA,0.188,0.9561767578125,0.0,,,,experimental_high_sequence_proxy_low
DBP5,CTCTATA,0.26745,0.9921875,0.0,,,,experimental_high_sequence_proxy_low
DBP5,CTGCACC,-0.0591,0.33038330078125,0.4,,,,sequence_proxy_high_experimental_low
DBP5,CTTATAC,0.22004,0.977294921875,0.0,,,,experimental_high_sequence_proxy_low
DBP5,CTTGCAC,-0.01179,0.4864501953125,0.4,,,,sequence_proxy_high_experimental_low
DBP5,GAATATA,0.19911,0.9666748046875,0.0,,,,experimental_high_sequence_proxy_low
DBP5,GACACAA,-0.02737,0.43670654296875,0.4,,,,sequence_proxy_high_experimental_low
DBP5,GACATGC,-0.00976,0.49493408203125,0.4,,,,sequence_proxy_high_experimental_low
DBP5,GACCCCC,0.18955,0.9576416015625,0.0,,,,experimental_high_sequence_proxy_low
DBP5,GACGTCA,0.18893,0.95721435546875,0.0,,,,experimental_high_sequence_proxy_low
DBP5,GACTATA,0.18872,0.956787109375,0.0,,,,experimental_high_sequence_proxy_low
DBP5,GACTCTA,0.17987,0.9500732421875,0.0,,,,experimental_high_sequence_proxy_low
DBP5,GAGCACA,-0.05726,0.3359375,0.6,,,,sequence_proxy_high_experimental_low
DBP5,GAGGTCA,0.19707,0.9654541015625,0.0,,,,experimental_high_sequence_proxy_low
DBP5,GATAATA,0.18102,0.9510498046875,0.0,,,,experimental_high_sequence_proxy_low
DBP5,GATAGGA,0.20133,0.9686279296875,0.0,,,,experimental_high_sequence_proxy_low
DBP5,GATCATA,0.23503,0.9832763671875,0.0,,,,experimental_high_sequence_proxy_low
DBP5,GCACAAC,-0.0269,0.4383544921875,0.6,,,,sequence_proxy_high_experimental_low
DBP5,GCACACC,-0.01179,0.4864501953125,0.75,,,,sequence_proxy_high_experimental_low
DBP5,GCACCAC,-0.0084,0.4990234375,0.4,,,,sequence_proxy_high_experimental_low
DBP5,GCACCCC,-0.13687,0.1268310546875,0.4,,,,sequence_proxy_high_experimental_low
DBP5,GCACTGC,-0.04018,0.39031982421875,0.4,,,,sequence_proxy_high_experimental_low
DBP5,GCAGCAC,-0.06681,0.3057861328125,0.4,,,,sequence_proxy_high_experimental_low
DBP5,GCCACAC,-0.04773,0.365234375,0.4,,,,sequence_proxy_high_experimental_low
DBP5,GCGCACA,-0.0186,0.4666748046875,0.75,,,,sequence_proxy_high_experimental_low
DBP5,GCGTTCA,0.1943,0.96240234375,0.0,,,,experimental_high_sequence_proxy_low
DBP5,GCTGCAC,-0.09134,0.23822021484375,0.4,,,,sequence_proxy_high_experimental_low
DBP5,GGAATGA,0.27065,0.9932861328125,0.0,,,,experimental_high_sequence_proxy_low
DBP5,GGATAGA,0.2362,0.9835205078125,0.0,,,,experimental_high_sequence_proxy_low
DBP5,GGCACAC,-0.0242,0.447021484375,0.75,,,,sequence_proxy_high_experimental_low
DBP5,GGCCACA,-0.02238,0.4530029296875,0.4,,,,sequence_proxy_high_experimental_low
DBP5,GGCGCAC,-0.14253,0.1162109375,0.4,,,,sequence_proxy_high_experimental_low
DBP5,GGGGCAC,-0.06471,0.31219482421875,0.4,,,,sequence_proxy_high_experimental_low
DBP5,GGGTGCA,-0.05696,0.33697509765625,0.4,,,,sequence_proxy_high_experimental_low
DBP5,GGTGCAA,-0.03618,0.40533447265625,0.4,,,,sequence_proxy_high_experimental_low
DBP5,GGTGCAC,-0.10319,0.203125,0.5,,,,sequence_proxy_high_experimental_low
DBP5,GTACGTA,0.20808,0.9720458984375,0.0,,,,experimental_high_sequence_proxy_low
DBP5,GTAGGTA,0.18692,0.955322265625,0.0,,,,experimental_high_sequence_proxy_low
DBP5,GTATATA,0.2245,0.9794921875,0.0,,,,experimental_high_sequence_proxy_low
DBP5,GTATGGA,0.1907,0.95904541015625,0.0,,,,experimental_high_sequence_proxy_low
DBP5,GTTATAA,0.19984,0.9676513671875,0.0,,,,experimental_high_sequence_proxy_low
DBP5,GTTATGA,0.19536,0.96368408203125,0.0,,,,experimental_high_sequence_proxy_low
DBP5,TAAACTA,0.21931,0.97686767578125,0.0,,,,experimental_high_sequence_proxy_low
DBP5,TAAATAA,0.18596,0.9547119140625,0.0,,,,experimental_high_sequence_proxy_low
DBP5,TAAGTAA,0.2304,0.9818115234375,0.0,,,,experimental_high_sequence_proxy_low
DBP5,TAATTAA,0.23191,0.9822998046875,0.0,,,,experimental_high_sequence_proxy_low
DBP5,TACGATA,0.19874,0.9664306640625,0.0,,,,experimental_high_sequence_proxy_low
DBP5,TACTATA,0.26079,0.9903564453125,0.0,,,,experimental_high_sequence_proxy_low
DBP5,TAGGTCA,0.22832,0.981201171875,0.0,,,,experimental_high_sequence_proxy_low
DBP5,TAGTAAA,0.21069,0.9736328125,0.0,,,,experimental_high_sequence_proxy_low
DBP5,TAGTATA,0.21266,0.9744873046875,0.0,,,,experimental_high_sequence_proxy_low
DBP5,TATAAGA,0.19768,0.9656982421875,0.0,,,,experimental_high_sequence_proxy_low
DBP5,TATAGAA,0.19406,0.962158203125,0.0,,,,experimental_high_sequence_proxy_low
DBP5,TATAGGA,0.22423,0.9793701171875,0.0,,,,experimental_high_sequence_proxy_low
DBP5,TATATAA,0.25539,0.989501953125,0.0,,,,experimental_high_sequence_proxy_low
DBP5,TATATGA,0.25521,0.9893798828125,0.0,,,,experimental_high_sequence_proxy_low
DBP5,TATCAAA,0.21879,0.9766845703125,0.0,,,,experimental_high_sequence_proxy_low
DBP5,TATTTCA,0.21716,0.97607421875,0.0,,,,experimental_high_sequence_proxy_low
DBP5,TCTATAA,0.20546,0.9708251953125,0.0,,,,experimental_high_sequence_proxy_low
DBP5,TGACTAA,0.18345,0.9525146484375,0.0,,,,experimental_high_sequence_proxy_low
DBP6,AAAACAC,-0.07585,0.2733154296875,0.4,,,,sequence_proxy_high_experimental_low
DBP6,AAAGTCA,0.24135,0.978515625,0.0,,,,experimental_high_sequence_proxy_low
DBP6,AACACAA,-0.044059999999999995,0.4052734375,0.4,,,,sequence_proxy_high_experimental_low
DBP6,AACGCGC,0.22862500000000002,0.9744873046875,0.0,,,,experimental_high_sequence_proxy_low
DBP6,AACGTTC,0.17930000000000001,0.95166015625,0.0,,,,experimental_high_sequence_proxy_low
DBP6,AATGAAC,0.23995,0.9779052734375,0.0,,,,experimental_high_sequence_proxy_low
DBP6,ACAACAC,-0.07389,0.2816162109375,0.4,,,,sequence_proxy_high_experimental_low
DBP6,ACACTGC,-0.054849999999999996,0.3583984375,0.6,,,,sequence_proxy_high_experimental_low
DBP6,ACATGCT,-0.030449999999999998,0.4578857421875,0.4,,,,sequence_proxy_high_experimental_low
DBP6,ACCGGAC,0.1792,0.9515380859375,0.0,,,,experimental_high_sequence_proxy_low
DBP6,ACCGGTC,0.19795,0.9617919921875,0.0,,,,experimental_high_sequence_proxy_low
DBP6,ACCGTTC,0.237245,0.976806640625,0.0,,,,experimental_high_sequence_proxy_low
DBP6,ACGACCG,0.17741,0.9505615234375,0.0,,,,experimental_high_sequence_proxy_low
DBP6,ACGCCCA,0.209235,0.9676513671875,0.0,,,,experimental_high_sequence_proxy_low
DBP6,ACGCTCA,0.21729,0.9710693359375,0.0,,,,experimental_high_sequence_proxy_low
DBP6,ACGCTCG,0.19274999999999998,0.959228515625,0.0,,,,experimental_high_sequence_proxy_low
DBP6,ACGGTCA,0.21513000000000002,0.97021484375,0.0,,,,experimental_high_sequence_proxy_low
DBP6,ACGTTCA,0.232105,0.9754638671875,0.0,,,,experimental_high_sequence_proxy_low
DBP6,ACTACCC,0.186415,0.9556884765625,0.0,,,,experimental_high_sequence_proxy_low
DBP6,AGACGCG,0.182245,0.9530029296875,0.0,,,,experimental_high_sequence_proxy_low
DBP6,AGAGTCA,0.196425,0.96142578125,0.0,,,,experimental_high_sequence_proxy_low
DBP6,AGCGACC,0.21543,0.970458984375,0.0,,,,experimental_high_sequence_proxy_low
DBP6,AGCGTCA,0.18991,0.9576416015625,0.0,,,,experimental_high_sequence_proxy_low
DBP6,AGGCGAC,0.22112,0.97216796875,0.0,,,,experimental_high_sequence_proxy_low
DBP6,AGTGTAC,-0.06748000000000001,0.3050537109375,0.4,,,,sequence_proxy_high_experimental_low
DBP6,AGTGTGG,-0.170485,0.0367431640625,0.4,,,,sequence_proxy_high_experimental_low
DBP6,ATCGTCA,0.177225,0.9500732421875,0.0,,,,experimental_high_sequence_proxy_low
DBP6,ATGAACG,0.22083000000000003,0.971923828125,0.0,,,,experimental_high_sequence_proxy_low
DBP6,ATGACCG,0.280715,0.986328125,0.0,,,,experimental_high_sequence_proxy_low
DBP6,ATGATCA,0.184035,0.9541015625,0.0,,,,experimental_high_sequence_proxy_low
DBP6,ATGATCG,0.208045,0.967041015625,0.0,,,,experimental_high_sequence_proxy_low
DBP6,ATGGTCA,0.21141,0.968505859375,0.0,,,,experimental_high_sequence_proxy_low
DBP6,CAACACA,-0.0674,0.305419921875,0.4,,,,sequence_proxy_high_experimental_low
DBP6,CAGTTCG,0.19305,0.95947265625,0.0,,,,experimental_high_sequence_proxy_low
DBP6,CATGACC,0.19335,0.959716796875,0.0,,,,experimental_high_sequence_proxy_low
DBP6,CATGATC,0.20258,0.96435546875,0.0,,,,experimental_high_sequence_proxy_low
DBP6,CATTCCC,0.20765499999999998,0.9666748046875,0.0,,,,experimental_high_sequence_proxy_low
DBP6,CCACACC,-0.023580000000000004,0.48583984375,0.4,,,,sequence_proxy_high_experimental_low
DBP6,CCAGTCA,0.21278000000000002,0.969482421875,0.0,,,,experimental_high_sequence_proxy_low
DBP6,CCGATCA,0.19228499999999998,0.9591064453125,0.0,,,,experimental_high_sequence_proxy_low
DBP6,CCGGTCA,0.34351,0.992431640625,0.0,,,,experimental_high_sequence_proxy_low
DBP6,CCGGTCG,0.220055,0.9716796875,0.0,,,,experimental_high_sequence_proxy_low
DBP6,CCGTTCA,0.24828,0.979736328125,0.0,,,,experimental_high_sequence_proxy_low
DBP6,CCGTTCG,0.259335,0.9822998046875,0.0,,,,experimental_high_sequence_proxy_low
DBP6,CGACCGA,0.18504,0.954833984375,0.0,,,,experimental_high_sequence_proxy_low
DBP6,CGCCCAG,0.18675999999999998,0.9560546875,0.0,,,,experimental_high_sequence_proxy_low
DBP6,CGCCGAC,0.20992,0.9678955078125,0.0,,,,experimental_high_sequence_proxy_low
DBP6,CGCGCGC,0.20541,0.9659423828125,0.0,,,,experimental_high_sequence_proxy_low
DBP6,CGCGTCA,0.18602,0.9554443359375,0.0,,,,experimental_high_sequence_proxy_low
DBP6,CGGTCAA,0.20612999999999998,0.966552734375,0.0,,,,experimental_high_sequence_proxy_low
DBP6,CGGTCAG,0.19040500000000002,0.9578857421875,0.0,,,,experimental_high_sequence_proxy_low
DBP6,CGGTCGC,0.30435999999999996,0.9891357421875,0.0,,,,experimental_high_sequence_proxy_low
DBP6,CGTTCAG,0.19299,0.9593505859375,0.0,,,,experimental_high_sequence_proxy_low
DBP6,CGTTCGC,0.19124,0.9586181640625,0.0,,,,experimental_high_sequence_proxy_low
DBP6,CGTTGAC,0.185485,0.9552001953125,0.0,,,,experimental_high_sequence_proxy_low
DBP6,CTAGCAC,-0.028769999999999997,0.4652099609375,0.4,,,,sequence_proxy_high_experimental_low
DBP6,GAACGGA,0.177365,0.950439453125,0.0,,,,experimental_high_sequence_proxy_low
DBP6,GACCATA,0.255245,0.9814453125,0.0,,,,experimental_high_sequence_proxy_low
DBP6,GACCGAC,0.20406999999999997,0.96484375,0.0,,,,experimental_high_sequence_proxy_low
DBP6,GACCGGA,0.21147500000000002,0.9686279296875,0.0,,,,experimental_high_sequence_proxy_low
DBP6,GATGACC,0.179535,0.9517822265625,0.0,,,,experimental_high_sequence_proxy_low
DBP6,GCGATCA,0.19851,0.9625244140625,0.0,,,,experimental_high_sequence_proxy_low
DBP6,GCGCCCA,0.190535,0.9580078125,0.0,,,,experimental_high_sequence_proxy_low
DBP6,GCGCGCC,0.20120500000000002,0.9638671875,0.0,,,,experimental_high_sequence_proxy_low
DBP6,GCGCTCA,0.232095,0.975341796875,0.0,,,,experimental_high_sequence_proxy_low
DBP6,GCGGTCA,0.26196,0.9832763671875,0.0,,,,experimental_high_sequence_proxy_low
DBP6,GCGTTCA,0.24204,0.978759765625,0.0,,,,experimental_high_sequence_proxy_low
DBP6,GGAGTCA,0.185105,0.9549560546875,0.0,,,,experimental_high_sequence_proxy_low
DBP6,GGCCACA,-0.037745,0.427978515625,0.4,,,,sequence_proxy_high_experimental_low
DBP6,GGGGTCA,0.20597,0.96630859375,0.0,,,,experimental_high_sequence_proxy_low
DBP6,GTCGCTA,0.18726500000000001,0.956298828125,0.0,,,,experimental_high_sequence_proxy_low
DBP6,TAAGTCA,0.18312499999999998,0.95361328125,0.0,,,,experimental_high_sequence_proxy_low
DBP6,TCGGTCA,0.28126,0.9866943359375,0.0,,,,experimental_high_sequence_proxy_low
DBP6,TGACCAA,0.19841999999999999,0.96240234375,0.0,,,,experimental_high_sequence_proxy_low
DBP6,TGACTAA,0.184595,0.954345703125,0.0,,,,experimental_high_sequence_proxy_low
DBP6,TGACTCA,0.21623499999999998,0.9708251953125,0.0,,,,experimental_high_sequence_proxy_low
DBP9,AAAAAAT,0.22372,0.9613037109375,0.0,,,,experimental_high_sequence_proxy_low
DBP9,AAAATTT,0.25133,0.9727783203125,0.0,,,,experimental_high_sequence_proxy_low
DBP9,AAATATT,0.210505,0.9549560546875,0.0,,,,experimental_high_sequence_proxy_low
DBP9,AAATTAA,0.215105,0.9583740234375,0.0,,,,experimental_high_sequence_proxy_low
DBP9,AACACAC,-0.024125,0.4891357421875,0.5,,,,sequence_proxy_high_experimental_low
DBP9,AACGAAC,0.21208499999999997,0.955810546875,0.0,,,,experimental_high_sequence_proxy_low
DBP9,AACGCGC,0.26464,0.9781494140625,0.0,,,,experimental_high_sequence_proxy_low
DBP9,AACGCTC,0.23827,0.9674072265625,0.0,,,,experimental_high_sequence_proxy_low
DBP9,AACGTAC,0.24555000000000002,0.9705810546875,0.0,,,,experimental_high_sequence_proxy_low
DBP9,AACGTCC,0.24013,0.9686279296875,0.0,,,,experimental_high_sequence_proxy_low
DBP9,AACGTTC,0.31936,0.99072265625,0.0,,,,experimental_high_sequence_proxy_low
DBP9,AAGTTCA,0.20697,0.9530029296875,0.0,,,,experimental_high_sequence_proxy_low
DBP9,AATAATT,0.21633000000000002,0.958740234375,0.0,,,,experimental_high_sequence_proxy_low
DBP9,AATCAAT,0.224945,0.962158203125,0.0,,,,experimental_high_sequence_proxy_low
DBP9,AATGAAC,0.33184,0.992919921875,0.0,,,,experimental_high_sequence_proxy_low
DBP9,AATGATC,0.228065,0.96435546875,0.0,,,,experimental_high_sequence_proxy_low
DBP9,AATTAAT,0.256925,0.974853515625,0.0,,,,experimental_high_sequence_proxy_low
DBP9,AATTCAT,0.21257500000000001,0.956298828125,0.0,,,,experimental_high_sequence_proxy_low
DBP9,AATTGAA,0.22924,0.9647216796875,0.0,,,,experimental_high_sequence_proxy_low
DBP9,AATTGGT,0.22767500000000002,0.964111328125,0.0,,,,experimental_high_sequence_proxy_low
DBP9,ACACAGA,-0.05503,0.379638671875,0.4,,,,sequence_proxy_high_experimental_low
DBP9,ACACCCC,-0.11029,0.20257568359375,0.4,,,,sequence_proxy_high_experimental_low
DBP9,ACACCGG,-0.07497,0.314697265625,0.4,,,,sequence_proxy_high_experimental_low
DBP9,ACACTGC,-0.046555,0.41339111328125,0.6,,,,sequence_proxy_high_experimental_low
DBP9,ACATGCC,-0.096595,0.2442626953125,0.4,,,,sequence_proxy_high_experimental_low
DBP9,ACCACAC,-0.032205,0.4635009765625,0.4,,,,sequence_proxy_high_experimental_low
DBP9,ACCGATC,0.20599,0.9525146484375,0.0,,,,experimental_high_sequence_proxy_low
DBP9,ACCGGAC,0.239815,0.968505859375,0.0,,,,experimental_high_sequence_proxy_low
DBP9,ACCGGTC,0.254065,0.9735107421875,0.0,,,,experimental_high_sequence_proxy_low
DBP9,ACCGTTC,0.249535,0.972412109375,0.0,,,,experimental_high_sequence_proxy_low
DBP9,ACGAACG,0.332415,0.9932861328125,0.0,,,,experimental_high_sequence_proxy_low
DBP9,ACGACCA,0.245525,0.9703369140625,0.0,,,,experimental_high_sequence_proxy_low
DBP9,ACGACCG,0.261145,0.977294921875,0.0,,,,experimental_high_sequence_proxy_low
DBP9,ACGATCA,0.28232999999999997,0.984130859375,0.0,,,,experimental_high_sequence_proxy_low
DBP9,ACGCGCG,0.274315,0.9810791015625,0.0,,,,experimental_high_sequence_proxy_low
DBP9,ACGCTCA,0.32499500000000003,0.9920654296875,0.0,,,,experimental_high_sequence_proxy_low
DBP9,ACGCTCG,0.22508,0.96240234375,0.0,,,,experimental_high_sequence_proxy_low
DBP9,ACGGGAA,0.2185,0.95947265625,0.0,,,,experimental_high_sequence_proxy_low
DBP9,ACGGTCG,0.23118500000000003,0.9656982421875,0.0,,,,experimental_high_sequence_proxy_low
DBP9,ACGGTTC,0.22240500000000002,0.9603271484375,0.0,,,,experimental_high_sequence_proxy_low
DBP9,ACGTACG,0.24471500000000002,0.9700927734375,0.0,,,,experimental_high_sequence_proxy_low
DBP9,ACGTTCA,0.33526500000000004,0.9935302734375,0.0,,,,experimental_high_sequence_proxy_low
DBP9,ACGTTCG,0.327195,0.9925537109375,0.0,,,,experimental_high_sequence_proxy_low
DBP9,ACTGAAC,0.276055,0.9818115234375,0.0,,,,experimental_high_sequence_proxy_low
DBP9,AGCGAAC,0.27968000000000004,0.983154296875,0.0,,,,experimental_high_sequence_proxy_low
DBP9,AGCGCGC,0.205865,0.952392578125,0.0,,,,experimental_high_sequence_proxy_low
DBP9,AGCGTTC,0.26373,0.97802734375,0.0,,,,experimental_high_sequence_proxy_low
DBP9,AGTGTGG,-0.113075,0.19482421875,0.4,,,,sequence_proxy_high_experimental_low
DBP9,ATAAATA,0.21178000000000002,0.9556884765625,0.0,,,,experimental_high_sequence_proxy_low
DBP9,ATAATTA,0.21326,0.9571533203125,0.0,,,,experimental_high_sequence_proxy_low
DBP9,ATAATTG,0.21955999999999998,0.959716796875,0.0,,,,experimental_high_sequence_proxy_low
DBP9,ATACGCG,0.205785,0.9522705078125,0.0,,,,experimental_high_sequence_proxy_low
DBP9,ATCGCGC,0.22202499999999997,0.960205078125,0.0,,,,experimental_high_sequence_proxy_low
DBP9,ATGAACG,0.335795,0.99365234375,0.0,,,,experimental_high_sequence_proxy_low
DBP9,ATGACCA,0.232655,0.966064453125,0.0,,,,experimental_high_sequence_proxy_low
DBP9,ATGACCG,0.302055,0.9876708984375,0.0,,,,experimental_high_sequence_proxy_low
DBP9,ATGAGCG,0.203965,0.9512939453125,0.0,,,,experimental_high_sequence_proxy_low
DBP9,ATGATCA,0.30096,0.987548828125,0.0,,,,experimental_high_sequence_proxy_low
DBP9,ATGATCG,0.31144,0.9892578125,0.0,,,,experimental_high_sequence_proxy_low
DBP9,ATGGGCG,0.22163,0.9600830078125,0.0,,,,experimental_high_sequence_proxy_low
DBP9,ATGGTCA,0.260515,0.976806640625,0.0,,,,experimental_high_sequence_proxy_low
DBP9,ATGGTCG,0.2595,0.975830078125,0.0,,,,experimental_high_sequence_proxy_low
DBP9,ATTAATA,0.245885,0.97119140625,0.0,,,,experimental_high_sequence_proxy_low
DBP9,ATTAATC,0.203895,0.9510498046875,0.0,,,,experimental_high_sequence_proxy_low
DBP9,ATTAATG,0.24207499999999998,0.969482421875,0.0,,,,experimental_high_sequence_proxy_low
DBP9,ATTACGA,0.20577499999999999,0.9521484375,0.0,,,,experimental_high_sequence_proxy_low
DBP9,ATTGAAC,0.260455,0.9765625,0.0,,,,experimental_high_sequence_proxy_low
DBP9,ATTTATA,0.223115,0.9610595703125,0.0,,,,experimental_high_sequence_proxy_low
DBP9,CAAATTG,0.27219499999999996,0.9801025390625,0.0,,,,experimental_high_sequence_proxy_low
DBP9,CAAGAGC,0.202795,0.9500732421875,0.0,,,,experimental_high_sequence_proxy_low
DBP9,CAATCGA,0.209305,0.9541015625,0.0,,,,experimental_high_sequence_proxy_low
DBP9,CAATTCA,0.23382000000000003,0.96630859375,0.0,,,,experimental_high_sequence_proxy_low
DBP9,CAGTTCA,0.21315,0.95703125,0.0,,,,experimental_high_sequence_proxy_low
DBP9,CATGAAC,0.207295,0.953369140625,0.0,,,,experimental_high_sequence_proxy_low
DBP9,CATGATC,0.23002,0.9652099609375,0.0,,,,experimental_high_sequence_proxy_low
DBP9,CATGTGG,-0.137895,0.128662109375,0.4,,,,sequence_proxy_high_experimental_low
DBP9,CCACACA,-0.07869,0.302490234375,0.5,,,,sequence_proxy_high_experimental_low
DBP9,CCACACC,-0.16514,0.0782470703125,0.4,,,,sequence_proxy_high_experimental_low
DBP9,CCCCACA,-0.070065,0.33087158203125,0.4,,,,sequence_proxy_high_experimental_low
DBP9,CCGAACG,0.300105,0.9873046875,0.0,,,,experimental_high_sequence_proxy_low
DBP9,CCGACCA,0.23893999999999999,0.9678955078125,0.0,,,,experimental_high_sequence_proxy_low
DBP9,CCGACCG,0.20732,0.9534912109375,0.0,,,,experimental_high_sequence_proxy_low
DBP9,CCGATCA,0.27088,0.9794921875,0.0,,,,experimental_high_sequence_proxy_low
DBP9,CCGCTCA,0.222585,0.9605712890625,0.0,,,,experimental_high_sequence_proxy_low
DBP9,CCGGCAC,-0.11926,0.1763916015625,0.4,,,,sequence_proxy_high_experimental_low
DBP9,CCGGTCA,0.325905,0.9923095703125,0.0,,,,experimental_high_sequence_proxy_low
DBP9,CCGGTCG,0.21031,0.954833984375,0.0,,,,experimental_high_sequence_proxy_low
DBP9,CCGTTCA,0.385515,0.9974365234375,0.0,,,,experimental_high_sequence_proxy_low
DBP9,CCGTTCG,0.36766,0.996826171875,0.0,,,,experimental_high_sequence_proxy_low
DBP9,CCTGAAC,0.211385,0.9554443359375,0.0,,,,experimental_high_sequence_proxy_low
DBP9,CGAACGA,0.28098,0.9835205078125,0.0,,,,experimental_high_sequence_proxy_low
DBP9,CGAACGC,0.311285,0.9891357421875,0.0,,,,experimental_high_sequence_proxy_low
DBP9,CGACCAA,0.209735,0.9544677734375,0.0,,,,experimental_high_sequence_proxy_low
DBP9,CGACCGA,0.22257,0.96044921875,0.0,,,,experimental_high_sequence_proxy_low
DBP9,CGACCGC,0.236665,0.9666748046875,0.0,,,,experimental_high_sequence_proxy_low
DBP9,CGAGCGC,0.24762,0.9718017578125,0.0,,,,experimental_high_sequence_proxy_low
DBP9,CGATCGC,0.26025,0.9761962890625,0.0,,,,experimental_high_sequence_proxy_low
DBP9,CGCCCAG,0.24117,0.968994140625,0.0,,,,experimental_high_sequence_proxy_low
DBP9,CGCGAAC,0.28117499999999995,0.98370361328125,0.0,,,,experimental_high_sequence_proxy_low
DBP9,CGCGCGA,0.29358,0.98583984375,0.0,,,,experimental_high_sequence_proxy_low
DBP9,CGCGCGC,0.28769500000000003,0.98486328125,0.0,,,,experimental_high_sequence_proxy_low
DBP9,CGCGCTC,0.23642000000000002,0.966552734375,0.0,,,,experimental_high_sequence_proxy_low
DBP9,CGCGTTC,0.23531000000000002,0.9664306640625,0.0,,,,experimental_high_sequence_proxy_low
DBP9,CGCTCAA,0.28225500000000003,0.9840087890625,0.0,,,,experimental_high_sequence_proxy_low
DBP9,CGCTCAG,0.246425,0.9713134765625,0.0,,,,experimental_high_sequence_proxy_low
DBP9,CGGTCAA,0.25531000000000004,0.9742431640625,0.0,,,,experimental_high_sequence_proxy_low
DBP9,CGGTCGC,0.297995,0.9864501953125,0.0,,,,experimental_high_sequence_proxy_low
DBP9,CGTACGA,0.245735,0.970947265625,0.0,,,,experimental_high_sequence_proxy_low
DBP9,CGTTCAA,0.32333,0.99169921875,0.0,,,,experimental_high_sequence_proxy_low
DBP9,CGTTCAG,0.364535,0.996337890625,0.0,,,,experimental_high_sequence_proxy_low
DBP9,CGTTCGA,0.224835,0.9619140625,0.0,,,,experimental_high_sequence_proxy_low
DBP9,CGTTCGC,0.3788,0.9970703125,0.0,,,,experimental_high_sequence_proxy_low
DBP9,CTAGCAC,-0.14845999999999998,0.106689453125,0.4,,,,sequence_proxy_high_experimental_low
DBP9,CTCGTTC,0.213905,0.9576416015625,0.0,,,,experimental_high_sequence_proxy_low
DBP9,CTGTGTC,-0.045225,0.417724609375,0.4,,,,sequence_proxy_high_experimental_low
DBP9,GAACGAA,0.27715,0.9822998046875,0.0,,,,experimental_high_sequence_proxy_low
DBP9,GAACGAC,0.24567499999999998,0.970703125,0.0,,,,experimental_high_sequence_proxy_low
DBP9,GAACGGA,0.260775,0.97705078125,0.0,,,,experimental_high_sequence_proxy_low
DBP9,GAACGGC,0.25963,0.97607421875,0.0,,,,experimental_high_sequence_proxy_low
DBP9,GAACGTC,0.281665,0.98388671875,0.0,,,,experimental_high_sequence_proxy_low
DBP9,GACATGC,-0.10447999999999999,0.2197265625,0.4,,,,sequence_proxy_high_experimental_low
DBP9,GACCATA,0.217645,0.9591064453125,0.0,,,,experimental_high_sequence_proxy_low
DBP9,GACGAAC,0.2424,0.9696044921875,0.0,,,,experimental_high_sequence_proxy_low
DBP9,GCCACAC,-0.126865,0.1566162109375,0.4,,,,sequence_proxy_high_experimental_low
DBP9,GCCGCGC,0.22672,0.963623046875,0.0,,,,experimental_high_sequence_proxy_low
DBP9,GCGACCA,0.260335,0.976318359375,0.0,,,,experimental_high_sequence_proxy_low
DBP9,GCGATCA,0.29316,0.98565673828125,0.0,,,,experimental_high_sequence_proxy_low
DBP9,GCGCCCA,0.25434,0.973876953125,0.0,,,,experimental_high_sequence_proxy_low
DBP9,GCGCGCC,0.28054,0.9832763671875,0.0,,,,experimental_high_sequence_proxy_low
DBP9,GCGCGGA,0.228075,0.9644775390625,0.0,,,,experimental_high_sequence_proxy_low
DBP9,GCGCGTA,0.33160500000000004,0.9927978515625,0.0,,,,experimental_high_sequence_proxy_low
DBP9,GCGCTCA,0.317885,0.990234375,0.0,,,,experimental_high_sequence_proxy_low
DBP9,GCGGTCA,0.266155,0.9783935546875,0.0,,,,experimental_high_sequence_proxy_low
DBP9,GCGTTCA,0.35508,0.9951171875,0.0,,,,experimental_high_sequence_proxy_low
DBP9,GGAACGA,0.20374,0.950927734375,0.0,,,,experimental_high_sequence_proxy_low
DBP9,GGCCACA,-0.023885,0.48974609375,0.4,,,,sequence_proxy_high_experimental_low
DBP9,GTACCTA,0.215695,0.95849609375,0.0,,,,experimental_high_sequence_proxy_low
DBP9,GTGTCGA,-0.18661,0.04638671875,0.4,,,,sequence_proxy_high_experimental_low
DBP9,GTGTGGA,-0.07258,0.321533203125,0.4,,,,sequence_proxy_high_experimental_low
DBP9,GTGTTAA,-0.026505,0.48193359375,0.4,,,,sequence_proxy_high_experimental_low
DBP9,GTTCAAA,0.280705,0.9833984375,0.0,,,,experimental_high_sequence_proxy_low
DBP9,GTTCAAC,0.25356,0.9732666015625,0.0,,,,experimental_high_sequence_proxy_low
DBP9,GTTCATA,0.27614,0.98199462890625,0.0,,,,experimental_high_sequence_proxy_low
DBP9,GTTCGTA,0.24868,0.97216796875,0.0,,,,experimental_high_sequence_proxy_low
DBP9,TAATTAA,0.2474,0.9716796875,0.0,,,,experimental_high_sequence_proxy_low
DBP9,TATTTCA,0.21422,0.9578857421875,0.0,,,,experimental_high_sequence_proxy_low
DBP9,TCGATCA,0.20714500000000002,0.9532470703125,0.0,,,,experimental_high_sequence_proxy_low
DBP9,TCGCTCA,0.268475,0.97900390625,0.0,,,,experimental_high_sequence_proxy_low
DBP9,TCGGTCA,0.265715,0.978271484375,0.0,,,,experimental_high_sequence_proxy_low
DBP9,TCGTTCA,0.313625,0.989501953125,0.0,,,,experimental_high_sequence_proxy_low
DBP9,TGAACCA,0.22349000000000002,0.961181640625,0.0,,,,experimental_high_sequence_proxy_low
DBP9,TGACCAA,0.225815,0.962890625,0.0,,,,experimental_high_sequence_proxy_low
DBP9,TGATCAA,0.21353,0.9573974609375,0.0,,,,experimental_high_sequence_proxy_low
DBP9,TGCCACA,-0.036664999999999996,0.4464111328125,0.6,,,,sequence_proxy_high_experimental_low
