dbp_id,candidate,rc_class,experimental_E_score,M0_score,M1_score,M1c_score,M2_score,M3_score,target_hamming,target_edit,target_kmer_overlap,existing_hard_case_category
DBP1,AAACACA,AAACACA,0.16074,0.017922461,1.4047956,0.4431641,-0.5508613,-1.1497077,0.5714285714285714,0.5714285714285714,0.3333333333333333,DeepPBS_not_evaluable
DBP1,AAAGTCA,AAAGTCA,0.244195,-0.11631277,0.9955614,-0.08875775,-0.679432,-1.483226,0.4285714285714286,0.4285714285714286,0.0,DeepPBS_not_evaluable
DBP1,AAAGTGG,AAAGTGG,0.17328,-0.0076617696,1.1645852,0.27108866,0.22341068,-0.60176164,0.5714285714285714,0.5714285714285714,0.125,DeepPBS_not_evaluable
DBP1,AAATATG,AAATATG,0.20124999999999998,-0.004952242,1.3769355,0.38590083,-0.7238223,-1.3907552,0.5714285714285714,0.5714285714285714,0.14285714285714285,DeepPBS_not_evaluable
DBP1,AAATGTC,AAATGTC,0.16239,-0.3553473,1.0796674,0.08213079,-0.9056749,-0.8019312,0.5714285714285714,0.5714285714285714,0.2857142857142857,DeepPBS_not_evaluable
DBP1,AAATGTG,AAATGTG,0.23389500000000002,0.02927955,1.362877,0.47964156,-0.100347154,-0.86809844,0.7142857142857143,0.7142857142857143,0.5,DeepPBS_not_evaluable
DBP1,AACGACA,AACGACA,0.16058,-0.001237303,1.2220789,0.24768348,-0.16104269,-0.6565152,0.4285714285714286,0.4285714285714286,0.125,DeepPBS_not_evaluable
DBP1,AAGATGT,AAGATGT,0.192565,-0.043741923,1.3298656,0.39502707,-0.8575256,-1.0087363,0.8571428571428572,0.8571428571428572,0.5,DeepPBS_not_evaluable
DBP1,AAGCGAC,AAGCGAC,0.224305,0.19025047,0.9351983,0.28188607,-0.33869493,-0.42901444,0.4285714285714286,0.4285714285714286,0.1111111111111111,DeepPBS_not_evaluable
DBP1,AAGGGAC,AAGGGAC,0.16991,0.19025047,0.9351983,0.28188607,-0.33869493,-0.42901444,0.4285714285714286,0.4285714285714286,0.25,DeepPBS_not_evaluable
DBP1,AAGGTGA,AAGGTGA,0.27158,-0.41965857,0.6377369,-0.038703203,-0.4799503,-1.2257525,0.5714285714285714,0.5714285714285714,0.125,DeepPBS_not_evaluable
DBP1,AAGTATA,AAGTATA,0.211245,-0.5395179,1.0129476,-0.015801331,-1.2299132,-1.6529757,0.5714285714285714,0.5714285714285714,0.0,DeepPBS_not_evaluable
DBP1,AAGTATT,AAGTATT,0.16147,-0.8423472,0.87469625,-0.26806763,-1.4400702,-1.7566115,0.5714285714285714,0.5714285714285714,0.0,DeepPBS_not_evaluable
DBP1,AAGTCAC,AAGTCAC,0.45277,0.23936103,1.0047789,0.2773867,-0.6837394,-0.9562133,0.4285714285714286,0.4285714285714286,0.125,DeepPBS_not_evaluable
DBP1,AAGTCTC,AAGTCTC,0.162995,-0.9471247,0.22990508,-0.65156806,-1.3108428,-1.701418,0.4285714285714286,0.4285714285714286,0.0,DeepPBS_not_evaluable
DBP1,AAGTGTC,AAGTGTC,0.29223,-0.14585422,0.9655468,0.17245872,-0.6778589,-0.69608694,0.4285714285714286,0.5714285714285714,0.2857142857142857,DeepPBS_not_evaluable
DBP1,AATGTCA,AATGTCA,0.23210999999999998,0.017922461,1.4047956,0.4431641,-0.5508613,-1.1497077,0.5714285714285714,0.5714285714285714,0.2857142857142857,DeepPBS_not_evaluable
DBP1,ACACATC,ACACATC,0.207135,0.08695119,1.167442,0.35724393,-0.16530056,-0.5624268,1.0,1.0,1.0,DeepPBS_not_evaluable
DBP1,ACACCAA,ACACCAA,0.1801,-0.14153554,1.1138202,0.31166077,-0.5694938,-0.8367858,0.5714285714285714,0.5714285714285714,0.2857142857142857,DeepPBS_not_evaluable
DBP1,ACACTAG,ACACTAG,0.162915,-0.03637466,1.3413571,0.36869565,-0.1571759,-0.7717624,0.5714285714285714,0.5714285714285714,0.3333333333333333,DeepPBS_not_evaluable
DBP1,ACATCTC,ACATCTC,0.1629,-0.031089425,0.9329171,0.14589858,-0.6545152,-0.63827324,0.7142857142857143,0.7142857142857143,0.5,DeepPBS_not_evaluable
DBP1,ACGGATA,ACGGATA,0.172285,-0.40308204,0.83986956,0.023302833,-0.43714926,-0.96405005,0.5714285714285714,0.5714285714285714,0.25,DeepPBS_not_evaluable
DBP1,ACTAAGA,ACTAAGA,0.19749499999999998,-0.7040305,1.1684169,0.11436389,-0.7685206,-1.6868143,0.5714285714285714,0.5714285714285714,0.1111111111111111,DeepPBS_not_evaluable
DBP1,ACTAGTC,ACTAGTC,0.16777,-0.12245661,1.0673455,0.15756993,-0.23925841,-0.7135851,0.5714285714285714,0.5714285714285714,0.14285714285714285,DeepPBS_not_evaluable
DBP1,ACTAGTG,ACTAGTG,0.212735,0.09719285,1.2071265,0.30944738,0.06599411,-0.7527835,0.4285714285714286,0.4285714285714286,0.16666666666666666,DeepPBS_not_evaluable
DBP1,ACTATAG,ACTATAG,0.20005499999999998,-0.3591003,1.3466272,0.2268076,-0.8378516,-1.5130454,0.4285714285714286,0.4285714285714286,0.14285714285714285,DeepPBS_not_evaluable
DBP1,ACTCGTG,ACTCGTG,0.18034,0.012821257,0.92397445,0.10271082,0.27176288,-0.297789,0.5714285714285714,0.5714285714285714,0.125,DeepPBS_not_evaluable
DBP1,ACTTATC,ACTTATC,0.170055,-0.45351803,1.141726,0.22479762,-0.77715915,-1.0990924,0.7142857142857143,0.7142857142857143,0.125,DeepPBS_not_evaluable
DBP1,AGACACC,AGACACC,0.21936499999999998,-0.14598243,0.6148929,-0.38230088,-0.31377813,-0.23597372,0.7142857142857143,0.7142857142857143,0.2857142857142857,DeepPBS_not_evaluable
DBP1,AGACACT,AGACACT,0.20949,-0.4488336,0.7437442,-0.28342012,-0.82431626,-1.0504264,0.5714285714285714,0.5714285714285714,0.2857142857142857,DeepPBS_not_evaluable
DBP1,AGAGACT,AGAGACT,0.171325,-0.4488336,0.7437442,-0.28342012,-0.82431626,-1.0504264,0.5714285714285714,0.5714285714285714,0.0,DeepPBS_not_evaluable
DBP1,AGAGTCA,AGAGTCA,0.16117,0.19505239,1.1433882,0.15905397,-0.28559414,-0.9410465,0.4285714285714286,0.5714285714285714,0.0,DeepPBS_not_evaluable
DBP1,AGATGTG,AGATGTG,0.21756,-0.49522638,0.8155856,-0.20299268,-0.29038557,-0.886694,0.8571428571428572,0.8571428571428572,0.8,DeepPBS_not_evaluable
DBP1,AGCGACA,AGCGACA,0.263255,0.061377108,1.0463384,0.005084256,0.24567598,-0.1226391,0.5714285714285714,0.5714285714285714,0.125,DeepPBS_not_evaluable
DBP1,AGCGTCA,AGCGTCA,0.211405,-0.0026349623,0.8525823,-0.1620555,-0.043289077,-0.35291347,0.5714285714285714,0.5714285714285714,0.1111111111111111,DeepPBS_not_evaluable
DBP1,AGGCGAC,AGGCGAC,0.192935,0.15098046,0.74531025,0.0071531334,-0.16798067,-0.21328855,0.4285714285714286,0.4285714285714286,0.1111111111111111,DeepPBS_not_evaluable
DBP1,AGGGACA,AGGGACA,0.18823,0.09722046,0.9631112,0.022658309,-0.060471226,-0.38299724,0.4285714285714286,0.4285714285714286,0.42857142857142855,DeepPBS_not_evaluable
DBP1,AGGGTGA,AGGGTGA,0.250485,0.2948055,0.8723963,0.19881119,0.06586439,-0.45479035,0.7142857142857143,0.7142857142857143,0.125,DeepPBS_not_evaluable
DBP1,AGGTGTC,AGGTGTC,0.198955,-0.44333306,0.56432337,-0.43785465,-0.8016167,-0.8799639,0.5714285714285714,0.7142857142857143,0.2857142857142857,DeepPBS_not_evaluable
DBP1,AGTCACT,AGTCACT,0.460745,-0.18104106,0.9121401,0.03655408,-0.5142158,-0.72327214,0.4285714285714286,0.5714285714285714,0.14285714285714285,DeepPBS_not_evaluable
DBP1,AGTGAAT,AGTGAAT,0.185275,-0.16088434,1.1426028,0.33317015,-0.9511065,-0.77368695,0.4285714285714286,0.5714285714285714,0.125,DeepPBS_not_evaluable
DBP1,AGTGGCA,AGTGGCA,0.20223000000000002,0.061377108,1.0463384,0.005084256,0.24567598,-0.1226391,0.5714285714285714,0.5714285714285714,0.125,DeepPBS_not_evaluable
DBP1,AGTGTCG,AGTGTCG,0.277665,-0.013242523,0.7840281,-0.106024124,0.23639877,-0.23979926,0.4285714285714286,0.5714285714285714,0.2857142857142857,DeepPBS_not_evaluable
DBP1,AGTTCAC,AGTTCAC,0.17654999999999998,0.18110383,1.0942432,0.3016905,-0.7159372,-0.32005182,0.4285714285714286,0.4285714285714286,0.125,DeepPBS_not_evaluable
DBP1,AGTTGTC,AGTTGTC,0.180465,-0.49125275,0.7500124,-0.16646624,-0.84451944,-1.0481111,0.5714285714285714,0.5714285714285714,0.125,DeepPBS_not_evaluable
DBP1,ATACGCA,ATACGCA,0.20438,-0.28390077,1.0330335,0.02654785,-0.5647153,-0.7342139,0.4285714285714286,0.5714285714285714,0.1111111111111111,DeepPBS_not_evaluable
DBP1,ATAGTCA,ATAGTCA,0.16153,-0.11538281,1.2413927,0.3073555,-0.7550087,-0.9559838,0.4285714285714286,0.4285714285714286,0.1111111111111111,DeepPBS_not_evaluable
DBP1,ATATAAG,ATATAAG,0.18391,-0.38990209,1.3322557,0.16590048,-1.4164481,-1.8371863,0.4285714285714286,0.4285714285714286,0.0,DeepPBS_not_evaluable
DBP1,ATCGTCA,ATCGTCA,0.22725,-0.28390077,1.0330335,0.02654785,-0.5647153,-0.7342139,0.5714285714285714,0.5714285714285714,0.125,DeepPBS_not_evaluable
DBP1,ATGGTCA,ATGGTCA,0.18713,-0.427032,0.72517776,-0.0979599,-0.6723806,-0.9912877,0.4285714285714286,0.4285714285714286,0.125,DeepPBS_not_evaluable
DBP1,ATGGTGA,ATGGTGA,0.19571,-0.14153554,1.1138202,0.31166077,-0.5694938,-0.8367858,0.5714285714285714,0.5714285714285714,0.2857142857142857,DeepPBS_not_evaluable
DBP1,ATGTCTC,ATGTCTC,0.20848499999999998,0.23936103,1.0047789,0.2773867,-0.6837394,-0.9562133,0.4285714285714286,0.5714285714285714,0.2857142857142857,DeepPBS_not_evaluable
DBP1,ATGTTCC,ATGTTCC,0.18676500000000001,-0.07802975,1.0234121,0.13499433,-0.6792254,-0.45235762,0.5714285714285714,0.5714285714285714,0.42857142857142855,DeepPBS_not_evaluable
DBP1,ATTCACA,ATTCACA,0.19163999999999998,-0.0038871914,1.4062171,0.47345242,-0.75136423,-0.7043998,0.4285714285714286,0.4285714285714286,0.2857142857142857,DeepPBS_not_evaluable
DBP1,ATTGTCA,ATTGTCA,0.306735,0.035700887,1.4221805,0.46166226,-0.77302843,-0.729412,0.4285714285714286,0.4285714285714286,0.125,DeepPBS_not_evaluable
DBP1,ATTGTGG,ATTGTGG,0.171965,-0.18838811,1.088307,0.12829004,-0.32289258,-0.9146462,0.5714285714285714,0.5714285714285714,0.2857142857142857,DeepPBS_not_evaluable
DBP1,CAACCCA,CAACCCA,0.19052999999999998,-0.27839032,0.5100403,-0.4383428,-0.08641244,-0.7225335,0.5714285714285714,0.5714285714285714,0.0,DeepPBS_not_evaluable
DBP1,CAAGTCA,CAAGTCA,0.21572999999999998,0.060125817,1.1622487,0.15499692,0.05470541,-0.7158609,0.5714285714285714,0.5714285714285714,0.0,DeepPBS_not_evaluable
DBP1,CAAGTGA,CAAGTGA,0.265565,0.1123027,1.3730497,0.38195023,0.26295865,-0.72623974,0.5714285714285714,0.5714285714285714,0.125,DeepPBS_not_evaluable
DBP1,CACATCA,CACATCA,0.180565,0.11466479,1.3684553,0.5098291,0.15953092,-0.37301064,0.8571428571428572,0.8571428571428572,0.8,DeepPBS_not_evaluable
DBP1,CACGTAA,CACGTAA,0.18036000000000002,-0.12782536,1.0141387,-0.019442558,-0.14627767,-0.93352556,0.5714285714285714,0.5714285714285714,0.14285714285714285,DeepPBS_not_evaluable
DBP1,CAGACAC,CAGACAC,0.18706499999999998,0.2818907,0.92217463,0.14647771,0.072990686,-0.64458865,0.5714285714285714,0.5714285714285714,0.2857142857142857,DeepPBS_not_evaluable
DBP1,CAGGTGA,CAGGTGA,0.173265,-0.29273537,0.51653916,-0.35510978,0.13116115,-0.74591494,0.5714285714285714,0.7142857142857143,0.25,DeepPBS_not_evaluable
DBP1,CAGTCAC,CAGTCAC,0.43996500000000005,0.2818907,0.92217463,0.14647771,0.072990686,-0.64458865,0.4285714285714286,0.5714285714285714,0.125,DeepPBS_not_evaluable
DBP1,CATCGAC,CATCGAC,0.19852,0.23634046,0.9997084,0.3850441,0.3012676,-0.45455003,0.5714285714285714,0.5714285714285714,0.3333333333333333,DeepPBS_not_evaluable
DBP1,CATTACC,CATTACC,0.17298,0.062367667,1.1621027,0.48031083,-0.06692941,-0.5983009,0.5714285714285714,0.5714285714285714,0.125,DeepPBS_not_evaluable
DBP1,CCATTAC,CCATTAC,0.21152500000000002,-0.3266188,1.0125486,0.0042121806,-0.6196402,-0.8940721,0.4285714285714286,0.5714285714285714,0.125,DeepPBS_not_evaluable
DBP1,CGGTGTC,CGGTGTC,0.28659,0.024789304,0.6562756,0.045760494,0.25542134,-0.22868879,0.5714285714285714,0.5714285714285714,0.2857142857142857,DeepPBS_not_evaluable
DBP1,CGTTGTC,CGTTGTC,0.17021999999999998,0.06846837,0.91621804,0.17702143,0.30901536,-0.46951973,0.5714285714285714,0.5714285714285714,0.125,DeepPBS_not_evaluable
DBP1,CTACACA,CTACACA,0.18739,-0.052660923,1.2719865,0.240553,-0.18324213,-0.617819,0.4285714285714286,0.5714285714285714,0.3333333333333333,DeepPBS_not_evaluable
DBP1,CTAGTGA,CTAGTGA,0.2406,-0.26677358,1.1514834,0.16243227,-0.30279878,-0.9815462,0.4285714285714286,0.4285714285714286,0.14285714285714285,DeepPBS_not_evaluable
DBP1,CTCGTCA,CTCGTCA,0.17154999999999998,-0.247523,0.78758377,-0.21402638,0.10457461,-0.46458587,0.5714285714285714,0.5714285714285714,0.0,DeepPBS_not_evaluable
DBP1,CTGGTGA,CTGGTGA,0.16533,-0.34916818,0.5256366,-0.32901245,-0.18072678,-0.7484393,0.4285714285714286,0.5714285714285714,0.125,DeepPBS_not_evaluable
DBP1,CTGTATC,CTGTATC,0.1695,0.07862121,1.2250239,0.4824873,-0.484663,-0.75035906,0.5714285714285714,0.5714285714285714,0.2857142857142857,DeepPBS_not_evaluable
DBP1,GAATATA,GAATATA,0.22876,-0.05109645,1.2255875,0.29054102,-1.1468519,-1.287519,0.5714285714285714,0.5714285714285714,0.0,DeepPBS_not_evaluable
DBP1,GACAACA,GACAACA,0.19401000000000002,-0.07308275,1.3214515,0.29154137,-0.34130108,-0.57626647,0.5714285714285714,0.5714285714285714,0.14285714285714285,DeepPBS_not_evaluable
DBP1,GACACCA,GACACCA,0.331465,0.05183645,0.9505448,0.059161484,-0.19423205,-0.16056539,0.5714285714285714,0.5714285714285714,0.2857142857142857,DeepPBS_not_evaluable
DBP1,GACACCC,GACACCC,0.186705,-0.19602169,0.53334564,-0.3029242,-0.3852737,-0.36677742,0.7142857142857143,0.7142857142857143,0.2857142857142857,DeepPBS_not_evaluable
DBP1,GACACTA,GACACTA,0.20320500000000002,0.16260117,1.1675943,0.39182162,-0.45111063,-0.57526284,0.4285714285714286,0.5714285714285714,0.2857142857142857,DeepPBS_not_evaluable
DBP1,GACACTC,GACACTC,0.28106,0.203481,0.90068835,0.2255029,-0.27880278,-0.3021278,0.5714285714285714,0.7142857142857143,0.2857142857142857,DeepPBS_not_evaluable
DBP1,GACATCA,GACATCA,0.17019499999999999,-0.09018191,1.0999709,0.10381808,-0.46044573,-0.4445978,0.7142857142857143,0.7142857142857143,0.5,DeepPBS_not_evaluable
DBP1,GACATTA,GACATTA,0.17572,0.052047204,1.3225347,0.43735966,-0.6640721,-0.7437641,0.5714285714285714,0.5714285714285714,0.2857142857142857,DeepPBS_not_evaluable
DBP1,GAGGTCA,GAGGTCA,0.16903,-0.41991043,0.31691298,-0.5978264,-0.42140588,-0.676441,0.5714285714285714,0.5714285714285714,0.1111111111111111,DeepPBS_not_evaluable
DBP1,GAGGTGA,GAGGTGA,0.20965499999999998,-0.36003026,0.4256835,-0.36748543,-0.23751473,-0.73748416,0.7142857142857143,0.7142857142857143,0.125,DeepPBS_not_evaluable
DBP1,GATACTA,GATACTA,0.1689,-0.34145132,0.98169136,0.08549646,-1.0274316,-1.2135438,0.5714285714285714,0.5714285714285714,0.125,DeepPBS_not_evaluable
DBP1,GATGTCA,GATGTCA,0.30516,0.19248684,1.332537,0.47005343,-0.086481355,-0.25804985,0.7142857142857143,0.7142857142857143,0.5,DeepPBS_not_evaluable
DBP1,GATGTGA,GATGTGA,0.333605,0.19210242,1.3166,0.3094953,-0.10737244,-0.64345795,0.8571428571428572,0.8571428571428572,0.8,DeepPBS_not_evaluable
DBP1,GGACATA,GGACATA,0.16696,0.19248684,1.332537,0.47005343,-0.086481355,-0.25804985,0.5714285714285714,0.5714285714285714,0.42857142857142855,DeepPBS_not_evaluable
DBP1,GTAACTA,GTAACTA,0.171125,-0.18576592,1.1895212,0.25367633,-1.0808388,-1.179564,0.4285714285714286,0.4285714285714286,0.1111111111111111,DeepPBS_not_evaluable
DBP1,GTATATA,GTATATA,0.17291499999999999,-0.24733154,1.4376224,0.3840439,-1.2801101,-1.1952982,0.5714285714285714,0.5714285714285714,0.0,DeepPBS_not_evaluable
DBP1,GTCCCTA,GTCCCTA,0.16156,0.06491754,0.914151,0.063863434,-0.3637712,-0.5872008,0.4285714285714286,0.4285714285714286,0.25,DeepPBS_not_evaluable
DBP1,GTGACTA,GTGACTA,0.449005,-0.10443094,0.9967065,0.12676537,-0.6903479,-1.0701653,0.4285714285714286,0.5714285714285714,0.125,DeepPBS_not_evaluable
DBP1,GTGCCAA,GTGCCAA,0.27736,-0.019023418,0.85053277,0.07030636,-0.4537178,-0.8782789,0.2857142857142857,0.4285714285714286,0.125,DeepPBS_not_evaluable
DBP1,GTGGTCA,GTGGTCA,0.225885,-0.16477723,0.7286003,-0.089531265,-0.31446937,-0.25122824,0.4285714285714286,0.4285714285714286,0.125,DeepPBS_not_evaluable
DBP1,GTGGTGA,GTGGTGA,0.16848999999999997,-0.21429424,0.7641003,-0.06612065,-0.31181815,-0.4862542,0.5714285714285714,0.5714285714285714,0.14285714285714285,DeepPBS_not_evaluable
DBP1,GTGTATA,GTGTATA,0.20875,0.031382915,1.3461752,0.33926138,-1.0120789,-0.96252507,0.4285714285714286,0.5714285714285714,0.3333333333333333,DeepPBS_not_evaluable
DBP1,GTGTCTA,GTGTCTA,0.18206499999999998,-0.10443094,0.9967065,0.12676537,-0.6903479,-1.0701652,0.4285714285714286,0.5714285714285714,0.2857142857142857,DeepPBS_not_evaluable
DBP1,GTTCACA,GTTCACA,0.215605,0.17992061,1.2756935,0.3849033,-0.3278842,-0.28296813,0.2857142857142857,0.2857142857142857,0.2857142857142857,DeepPBS_not_evaluable
DBP1,GTTGTCA,GTTGTCA,0.30733,0.121015966,1.2500085,0.35708237,-0.4564462,-0.2756376,0.5714285714285714,0.5714285714285714,0.125,DeepPBS_not_evaluable
DBP1,TAAGTCA,TAAGTCA,0.16917,0.26192623,1.449644,0.5231602,-0.40834042,-1.0779229,0.4285714285714286,0.4285714285714286,0.0,DeepPBS_not_evaluable
DBP1,TACACTA,TACACTA,0.16725500000000001,-0.23777266,1.2532805,0.34215483,-0.6968901,-0.9920632,0.4285714285714286,0.5714285714285714,0.2857142857142857,DeepPBS_not_evaluable
DBP1,TAGGTCA,TAGGTCA,0.180585,-0.3397787,0.81030226,-0.1501437,-0.5978589,-1.1660237,0.4285714285714286,0.4285714285714286,0.25,DeepPBS_not_evaluable
DBP1,TAGGTGA,TAGGTGA,0.20781,-0.32505938,0.7899906,-0.19338453,-0.44676137,-1.0950547,0.5714285714285714,0.5714285714285714,0.25,DeepPBS_not_evaluable
DBP1,TCACAAA,TCACAAA,0.16123500000000002,-0.21880497,1.3184967,0.2686011,-0.8293727,-1.0156604,0.5714285714285714,0.5714285714285714,0.2857142857142857,DeepPBS_not_evaluable
DBP1,TCACCAA,TCACCAA,0.23884,-0.20509453,0.8653515,-0.05932047,-0.64223135,-0.82825875,0.4285714285714286,0.4285714285714286,0.125,DeepPBS_not_evaluable
DBP3,AAAATGT,AAAATGT,0.20056000000000002,0.16476528,-0.9543956,-2.6028445,-0.7271134,-0.9702621,0.7142857142857143,0.7142857142857143,0.3333333333333333,DeepPBS_not_evaluable
DBP3,AAAGTCA,AAAGTCA,0.277795,-0.11631277,-0.7991584,-2.5147898,-0.679432,-1.5185089,0.4285714285714286,0.4285714285714286,0.0,DeepPBS_not_evaluable
DBP3,AAAGTGA,AAAGTGA,0.38072,0.2402984,-0.5170055,-1.9673887,-0.37846616,-1.1481252,0.5714285714285714,0.5714285714285714,0.125,DeepPBS_not_evaluable
DBP3,AAAGTGG,AAAGTGG,0.199205,-0.0076617696,0.23364715,-1.4801356,0.22341068,-0.61990064,0.5714285714285714,0.5714285714285714,0.125,DeepPBS_not_evaluable
DBP3,AAATGTG,AAATGTG,0.293255,0.02927955,-0.009938161,-2.1734622,-0.100347154,-0.8856473,0.7142857142857143,0.7142857142857143,0.5,DeepPBS_not_evaluable
DBP3,AACATGT,AACATGT,0.238875,-0.08759292,-0.034354288,-2.191357,-0.46432033,-0.9070048,0.7142857142857143,0.7142857142857143,0.4,DeepPBS_not_evaluable
DBP3,AACGTGA,AACGTGA,0.24715,0.0049416223,0.586625,-1.3476173,-0.027906338,-0.57353014,0.5714285714285714,0.5714285714285714,0.14285714285714285,DeepPBS_not_evaluable
DBP3,AAGACAC,AAGACAC,0.24136999999999997,0.23936103,0.61091566,-1.1648201,-0.6837394,-0.973151,0.4285714285714286,0.5714285714285714,0.2857142857142857,DeepPBS_not_evaluable
DBP3,AAGCGAC,AAGCGAC,0.33824,0.19025047,1.3915533,0.022362987,-0.33869493,-0.4297893,0.4285714285714286,0.4285714285714286,0.1111111111111111,DeepPBS_not_evaluable
DBP3,AAGGAAC,AAGGAAC,0.21283000000000002,-0.22497654,0.45416036,-1.2428999,-0.81879944,-0.8802643,0.5714285714285714,0.5714285714285714,0.25,DeepPBS_not_evaluable
DBP3,AAGGCAC,AAGGCAC,0.2972,-0.43114486,0.7087605,-0.5090251,-0.7863607,-1.199721,0.4285714285714286,0.4285714285714286,0.25,DeepPBS_not_evaluable
DBP3,AAGGGAC,AAGGGAC,0.27602499999999996,0.19025047,1.3915533,0.022362987,-0.33869493,-0.4297893,0.4285714285714286,0.4285714285714286,0.25,DeepPBS_not_evaluable
DBP3,AAGGTGA,AAGGTGA,0.29664999999999997,-0.41965857,0.038406927,-1.6740398,-0.4799503,-1.252358,0.5714285714285714,0.5714285714285714,0.125,DeepPBS_not_evaluable
DBP3,AAGGTGT,AAGGTGT,0.210875,-0.49599794,0.14963733,-1.77941,-0.45883512,-1.27626,0.7142857142857143,0.7142857142857143,0.2857142857142857,DeepPBS_not_evaluable
DBP3,AAGTCAC,AAGTCAC,0.47712,0.23936103,0.61091566,-1.1648201,-0.6837394,-0.973151,0.4285714285714286,0.4285714285714286,0.125,DeepPBS_not_evaluable
DBP3,AAGTCGC,AAGTCGC,0.28032999999999997,-0.1651989,1.1724113,-0.5331084,-0.3282061,-0.7078681,0.4285714285714286,0.4285714285714286,0.0,DeepPBS_not_evaluable
DBP3,AAGTCTC,AAGTCTC,0.23364999999999997,-0.9471247,-0.096898414,-2.1012583,-1.3108428,-1.7286628,0.4285714285714286,0.4285714285714286,0.0,DeepPBS_not_evaluable
DBP3,AAGTGAA,AAGTGAA,0.21692,0.1512238,0.26454276,-1.8354317,-0.721299,-1.182692,0.4285714285714286,0.4285714285714286,0.125,DeepPBS_not_evaluable
DBP3,AAGTGCC,AAGTGCC,0.34616,-0.44333306,1.1092128,-0.8146427,-0.80161667,-0.8921799,0.4285714285714286,0.4285714285714286,0.125,DeepPBS_not_evaluable
DBP3,AAGTGGC,AAGTGGC,0.20905,0.16154629,1.6420374,-0.25453046,0.032350685,-0.19038762,0.4285714285714286,0.4285714285714286,0.125,DeepPBS_not_evaluable
DBP3,AAGTGTC,AAGTGTC,0.380435,-0.14585422,0.62948865,-1.371056,-0.6778589,-0.7045948,0.4285714285714286,0.5714285714285714,0.2857142857142857,DeepPBS_not_evaluable
DBP3,AAGTGTG,AAGTGTG,0.203235,0.12785284,0.7475357,-1.0449649,0.13854791,-0.6272748,0.5714285714285714,0.5714285714285714,0.3333333333333333,DeepPBS_not_evaluable
DBP3,AATGACA,AATGACA,0.301125,0.22968306,0.29035452,-1.4978756,-0.31287298,-0.77379006,0.4285714285714286,0.4285714285714286,0.2857142857142857,DeepPBS_not_evaluable
DBP3,AATGTCA,AATGTCA,0.240845,0.017922461,-0.21085869,-1.9599042,-0.5508613,-1.1808156,0.5714285714285714,0.5714285714285714,0.2857142857142857,DeepPBS_not_evaluable
DBP3,AATGTGA,AATGTGA,0.4192,0.17993188,-0.16287585,-1.9192575,-0.39954376,-0.97163725,0.7142857142857143,0.7142857142857143,0.5,DeepPBS_not_evaluable
DBP3,AATGTGC,AATGTGC,0.20339000000000002,0.08695119,0.6725704,-1.4195051,-0.16530056,-0.5834759,0.7142857142857143,0.7142857142857143,0.5,DeepPBS_not_evaluable
DBP3,AATGTGT,AATGTGT,0.22504999999999997,0.099341534,-0.2370853,-2.1419857,-0.3622817,-0.85914344,0.8571428571428572,0.8571428571428572,0.6,DeepPBS_not_evaluable
DBP3,ACAAGTC,ACAAGTC,0.26303,-0.1037533,0.8334572,-1.5757264,-0.20781292,-0.49499652,0.7142857142857143,0.7142857142857143,0.125,DeepPBS_not_evaluable
DBP3,ACAAGTG,ACAAGTG,0.248425,-0.06569584,0.7108507,-1.4405403,0.07011319,-0.62475383,0.5714285714285714,0.5714285714285714,0.2857142857142857,DeepPBS_not_evaluable
DBP3,ACACAAT,ACACAAT,0.22071000000000002,0.26722482,-0.047585327,-2.0630333,-0.6963859,-0.77897286,0.7142857142857143,0.7142857142857143,0.3333333333333333,DeepPBS_not_evaluable
DBP3,ACACATA,ACACATA,0.198055,0.17993188,-0.16287585,-1.9192575,-0.39954376,-0.97163725,0.8571428571428572,0.8571428571428572,0.6,DeepPBS_not_evaluable
DBP3,ACACATC,ACACATC,0.22033999999999998,0.08695119,0.6725704,-1.4195051,-0.16530056,-0.5834759,1.0,1.0,1.0,DeepPBS_not_evaluable
DBP3,ACACATG,ACACATG,0.25232,0.063309655,0.5910489,-1.2907324,0.26071587,-0.61793965,0.8571428571428572,0.8571428571428572,0.75,DeepPBS_not_evaluable
DBP3,ACACCTC,ACACCTC,0.24692999999999998,-0.3737636,1.0056415,-0.69408965,-0.31364152,-0.7924568,0.8571428571428572,0.8571428571428572,0.2857142857142857,DeepPBS_not_evaluable
DBP3,ACACGTG,ACACGTG,0.240095,-0.101513065,1.3998452,-0.41363665,0.19480927,-0.23364316,0.7142857142857143,0.7142857142857143,0.4,DeepPBS_not_evaluable
DBP3,ACACTAC,ACACTAC,0.243595,0.20521551,0.86422426,-1.2741289,-0.473982,-0.3231969,0.7142857142857143,0.7142857142857143,0.2857142857142857,DeepPBS_not_evaluable
DBP3,ACACTTA,ACACTTA,0.264425,0.2402984,-0.5170055,-1.9673887,-0.37846622,-1.1481252,0.7142857142857143,0.7142857142857143,0.2857142857142857,DeepPBS_not_evaluable
DBP3,ACACTTG,ACACTTG,0.23699,-0.0076617696,0.23364715,-1.4801356,0.22341068,-0.61990064,0.7142857142857143,0.7142857142857143,0.2857142857142857,DeepPBS_not_evaluable
DBP3,ACATGTA,ACATGTA,0.211535,0.107143104,-0.06669613,-2.0615242,-0.47216454,-0.947841,0.5714285714285714,0.5714285714285714,0.4,DeepPBS_not_evaluable
DBP3,ACATGTC,ACATGTC,0.327425,-0.1037533,0.8334572,-1.5757264,-0.20781292,-0.49499652,0.7142857142857143,0.7142857142857143,0.4,DeepPBS_not_evaluable
DBP3,ACATGTG,ACATGTG,0.35488,-0.06569584,0.7108507,-1.4405403,0.07011319,-0.62475383,0.7142857142857143,0.7142857142857143,0.75,DeepPBS_not_evaluable
DBP3,ACCGTCA,ACCGTCA,0.21889999999999998,0.12893873,1.3225087,-0.2892051,0.27953592,-0.21139432,0.4285714285714286,0.5714285714285714,0.0,DeepPBS_not_evaluable
DBP3,ACGGTCA,ACGGTCA,0.202565,0.2948055,1.1077629,-0.3329772,0.06586439,-0.466289,0.4285714285714286,0.4285714285714286,0.0,DeepPBS_not_evaluable
DBP3,ACGTGTC,ACGTGTC,0.33318000000000003,0.16154629,1.6420374,-0.25453046,0.032350685,-0.19038762,0.5714285714285714,0.5714285714285714,0.3333333333333333,DeepPBS_not_evaluable
DBP3,ACGTGTG,ACGTGTG,0.27385499999999996,0.10484936,1.5780987,-0.15300696,0.20910285,-0.28266087,0.5714285714285714,0.5714285714285714,0.4,DeepPBS_not_evaluable
DBP3,ACTACCC,ACTACCC,0.196295,-0.1441093,1.154559,-0.80210495,-0.13951738,-0.48907003,0.5714285714285714,0.5714285714285714,0.1111111111111111,DeepPBS_not_evaluable
DBP3,ACTAGTC,ACTAGTC,0.29585,-0.12245661,0.63702524,-1.7158136,-0.23925841,-0.73084086,0.5714285714285714,0.5714285714285714,0.14285714285714285,DeepPBS_not_evaluable
DBP3,ACTAGTG,ACTAGTG,0.307205,0.09719285,0.60366994,-1.5552398,0.06599411,-0.77162415,0.4285714285714286,0.4285714285714286,0.16666666666666666,DeepPBS_not_evaluable
DBP3,ACTCGTG,ACTCGTG,0.22641,0.012821257,1.4427716,-0.33963525,0.27176288,-0.30683538,0.5714285714285714,0.5714285714285714,0.125,DeepPBS_not_evaluable
DBP3,ACTTCAC,ACTTCAC,0.21202,0.0052156746,0.8354072,-1.3498993,-0.5354092,-0.6918509,0.5714285714285714,0.5714285714285714,0.125,DeepPBS_not_evaluable
DBP3,ACTTCTG,ACTTCTG,0.28829,-0.036325924,0.48305997,-1.521973,-0.037221294,-0.6330674,0.5714285714285714,0.5714285714285714,0.1111111111111111,DeepPBS_not_evaluable
DBP3,ACTTGTC,ACTTGTC,0.281065,-0.12245661,0.63702524,-1.7158136,-0.23925841,-0.73084086,0.5714285714285714,0.5714285714285714,0.125,DeepPBS_not_evaluable
DBP3,AGAAGTG,AGAAGTG,0.23301,-0.49522638,0.27231908,-1.9483649,-0.29038557,-0.9041156,0.7142857142857143,0.7142857142857143,0.125,DeepPBS_not_evaluable
DBP3,AGACACC,AGACACC,0.31022000000000005,-0.14598243,1.1175127,-0.8966388,-0.31377813,-0.23852904,0.7142857142857143,0.7142857142857143,0.2857142857142857,DeepPBS_not_evaluable
DBP3,AGACACG,AGACACG,0.24276,-0.013242523,1.1804556,-0.47922674,0.23639877,-0.24184929,0.5714285714285714,0.5714285714285714,0.2857142857142857,DeepPBS_not_evaluable
DBP3,AGACACT,AGACACT,0.29596999999999996,-0.4488336,0.0066933236,-2.0200064,-0.82431626,-1.0745984,0.5714285714285714,0.5714285714285714,0.2857142857142857,DeepPBS_not_evaluable
DBP3,AGAGACT,AGAGACT,0.2836,-0.4488336,0.0066933236,-2.0200064,-0.82431626,-1.0745984,0.5714285714285714,0.5714285714285714,0.0,DeepPBS_not_evaluable
DBP3,AGAGTCA,AGAGTCA,0.28107,0.19505239,0.06325976,-1.5183073,-0.28559414,-0.96262723,0.4285714285714286,0.5714285714285714,0.0,DeepPBS_not_evaluable
DBP3,AGATGAC,AGATGAC,0.22377,-0.31514567,0.5837765,-1.7906475,-0.71940786,-0.8104047,0.5714285714285714,0.5714285714285714,0.2857142857142857,DeepPBS_not_evaluable
DBP3,AGATGTG,AGATGTG,0.204345,-0.49522638,0.27231908,-1.9483649,-0.29038557,-0.9041156,0.8571428571428572,0.8571428571428572,0.8,DeepPBS_not_evaluable
DBP3,AGCGACA,AGCGACA,0.36651999999999996,0.061377108,1.4653673,-0.3012915,0.24567598,-0.12893282,0.5714285714285714,0.5714285714285714,0.125,DeepPBS_not_evaluable
DBP3,AGCGACT,AGCGACT,0.23755500000000002,-0.7281663,0.7548537,-1.2514442,-0.5948351,-0.7600084,0.4285714285714286,0.5714285714285714,0.1111111111111111,DeepPBS_not_evaluable
DBP3,AGCGTCA,AGCGTCA,0.31916,-0.0026349623,1.1482118,-0.65071994,-0.043289077,-0.36059287,0.5714285714285714,0.5714285714285714,0.1111111111111111,DeepPBS_not_evaluable
DBP3,AGGCACA,AGGCACA,0.31779999999999997,0.09722046,1.3544122,-0.2785056,-0.060471226,-0.38570747,0.4285714285714286,0.5714285714285714,0.2857142857142857,DeepPBS_not_evaluable
DBP3,AGGCACT,AGGCACT,0.2903,-0.69498235,0.75087637,-1.1949517,-0.9245127,-1.1640116,0.5714285714285714,0.5714285714285714,0.25,DeepPBS_not_evaluable
DBP3,AGGGACA,AGGGACA,0.30065,0.09722046,1.3544122,-0.2785056,-0.060471226,-0.38570747,0.4285714285714286,0.4285714285714286,0.42857142857142855,DeepPBS_not_evaluable
DBP3,AGGGACT,AGGGACT,0.20571,-0.69498235,0.75087637,-1.1949517,-0.9245127,-1.1640116,0.5714285714285714,0.5714285714285714,0.25,DeepPBS_not_evaluable
DBP3,AGGGTCA,AGGGTCA,0.239215,-0.16187395,0.8146842,-0.9537067,-0.36491382,-0.9346423,0.5714285714285714,0.5714285714285714,0.1111111111111111,DeepPBS_not_evaluable
DBP3,AGGGTGA,AGGGTGA,0.312695,0.2948055,1.1077629,-0.3329772,0.06586439,-0.466289,0.7142857142857143,0.7142857142857143,0.125,DeepPBS_not_evaluable
DBP3,AGGTGAA,AGGTGAA,0.19838,0.13382997,0.83169866,-1.1609234,-0.29451257,-0.5466106,0.5714285714285714,0.5714285714285714,0.125,DeepPBS_not_evaluable
DBP3,AGGTGCC,AGGTGCC,0.31711,-0.6470911,1.6834587,-0.5100573,-0.4964297,-0.6738594,0.4285714285714286,0.5714285714285714,0.25,DeepPBS_not_evaluable
DBP3,AGGTGTC,AGGTGTC,0.351825,-0.44333306,1.1092128,-0.8146427,-0.8016167,-0.89217997,0.5714285714285714,0.7142857142857143,0.2857142857142857,DeepPBS_not_evaluable
DBP3,AGTCACT,AGTCACT,0.47992500000000005,-0.18104106,0.32853267,-1.5817509,-0.5142158,-0.7431621,0.4285714285714286,0.5714285714285714,0.14285714285714285,DeepPBS_not_evaluable
DBP3,AGTCCCA,AGTCCCA,0.20909499999999998,0.09722046,1.3544122,-0.2785056,-0.060471267,-0.38570747,0.4285714285714286,0.4285714285714286,0.1111111111111111,DeepPBS_not_evaluable
DBP3,AGTCGCA,AGTCGCA,0.31106999999999996,0.061377108,1.4653673,-0.3012915,0.24567598,-0.12893282,0.5714285714285714,0.5714285714285714,0.1111111111111111,DeepPBS_not_evaluable
DBP3,AGTGAAA,AGTGAAA,0.22757,-0.0038871914,-0.0007578929,-2.016266,-0.75136423,-0.73863095,0.4285714285714286,0.4285714285714286,0.125,DeepPBS_not_evaluable
DBP3,AGTGAAC,AGTGAAC,0.20895,0.089627184,0.6379,-1.2926127,-0.5902686,-0.29389933,0.4285714285714286,0.4285714285714286,0.125,DeepPBS_not_evaluable
DBP3,AGTGCCA,AGTGCCA,0.40447,0.09722046,1.3544122,-0.2785056,-0.060471226,-0.38570747,0.5714285714285714,0.5714285714285714,0.125,DeepPBS_not_evaluable
DBP3,AGTGGCA,AGTGGCA,0.286105,0.061377108,1.4653673,-0.3012915,0.24567598,-0.12893282,0.5714285714285714,0.5714285714285714,0.125,DeepPBS_not_evaluable
DBP3,AGTGTCG,AGTGTCG,0.319905,-0.013242523,1.1804556,-0.47922674,0.23639877,-0.24184929,0.4285714285714286,0.5714285714285714,0.2857142857142857,DeepPBS_not_evaluable
DBP3,AGTTCAC,AGTTCAC,0.25715,0.18110383,0.68604285,-1.4363722,-0.7159372,-0.33823648,0.4285714285714286,0.4285714285714286,0.125,DeepPBS_not_evaluable
DBP3,AGTTGTC,AGTTGTC,0.214775,-0.49125275,0.33867005,-1.940432,-0.84451944,-1.0742252,0.5714285714285714,0.5714285714285714,0.125,DeepPBS_not_evaluable
DBP3,ATAAGTG,ATAAGTG,0.21592,0.0033592384,0.07938055,-2.0324922,-0.40737233,-1.0441717,0.5714285714285714,0.5714285714285714,0.125,DeepPBS_not_evaluable
DBP3,ATAGTGA,ATAGTGA,0.33485,0.16864581,-0.22502084,-1.9261354,-0.62104386,-1.1125442,0.5714285714285714,0.5714285714285714,0.125,DeepPBS_not_evaluable
DBP3,ATATGAC,ATATGAC,0.22325,0.15048817,0.47442523,-1.9009963,-0.86794543,-0.83056027,0.4285714285714286,0.5714285714285714,0.14285714285714285,DeepPBS_not_evaluable
DBP3,ATCGTCA,ATCGTCA,0.28288,-0.28390077,0.4539331,-1.6241693,-0.5647153,-0.7523653,0.5714285714285714,0.5714285714285714,0.125,DeepPBS_not_evaluable
DBP3,ATCTGTC,ATCTGTC,0.21058,0.2090996,1.05834,-0.87982744,-0.27685085,-0.6281006,0.5714285714285714,0.7142857142857143,0.2857142857142857,DeepPBS_not_evaluable
DBP3,ATCTGTG,ATCTGTG,0.210365,0.19295824,0.9462557,-0.9330829,0.2217503,-0.6125706,0.5714285714285714,0.5714285714285714,0.5,DeepPBS_not_evaluable
DBP3,ATGAGTG,ATGAGTG,0.19588,0.28850034,0.9164855,-0.80552405,-0.061686236,-0.7194845,0.4285714285714286,0.5714285714285714,0.2857142857142857,DeepPBS_not_evaluable
DBP3,ATGGTAC,ATGGTAC,0.20061,0.1344419,0.8958335,-1.0960052,-0.82274395,-0.64478296,0.5714285714285714,0.5714285714285714,0.14285714285714285,DeepPBS_not_evaluable
DBP3,ATGGTCA,ATGGTCA,0.22344,-0.427032,0.22509868,-1.7307166,-0.6723806,-1.0126692,0.4285714285714286,0.4285714285714286,0.125,DeepPBS_not_evaluable
DBP3,ATGGTGA,ATGGTGA,0.26990499999999995,-0.14153554,0.51276535,-1.3658222,-0.5694938,-0.85949546,0.5714285714285714,0.5714285714285714,0.2857142857142857,DeepPBS_not_evaluable
DBP3,ATGTCTC,ATGTCTC,0.323935,0.23936103,0.61091566,-1.1648201,-0.6837394,-0.973151,0.4285714285714286,0.5714285714285714,0.2857142857142857,DeepPBS_not_evaluable
DBP3,ATTCACA,ATTCACA,0.2026,-0.0038871914,-0.0007578929,-2.016266,-0.75136423,-0.73863095,0.4285714285714286,0.4285714285714286,0.2857142857142857,DeepPBS_not_evaluable
DBP3,ATTGGTG,ATTGGTG,0.20401,0.09288805,0.63435215,-1.2282399,-0.09435626,-0.80396706,0.4285714285714286,0.4285714285714286,0.125,DeepPBS_not_evaluable
DBP3,ATTGTCA,ATTGTCA,0.317875,0.035700887,-0.11922654,-2.0715945,-0.77302843,-0.75586677,0.4285714285714286,0.4285714285714286,0.125,DeepPBS_not_evaluable
DBP3,ATTGTGA,ATTGTGA,0.313525,0.0018887917,-0.32816735,-2.1729715,-0.76768,-1.0944282,0.5714285714285714,0.5714285714285714,0.2857142857142857,DeepPBS_not_evaluable
DBP3,CAAGTCA,CAAGTCA,0.275285,0.060125817,0.20337582,-1.3003017,0.05470541,-0.7377526,0.5714285714285714,0.5714285714285714,0.0,DeepPBS_not_evaluable
DBP3,CAAGTGA,CAAGTGA,0.34297,0.1123027,0.32688627,-1.1756824,0.26295865,-0.75087184,0.5714285714285714,0.5714285714285714,0.125,DeepPBS_not_evaluable
DBP3,CAATGTC,CAATGTC,0.2383,0.21944647,0.7708571,-1.0103834,0.13378504,-0.4445702,0.5714285714285714,0.5714285714285714,0.2857142857142857,DeepPBS_not_evaluable
DBP3,CACAACC,CACAACC,0.20815,0.06846837,1.5064988,-0.24559355,0.30901536,-0.4806699,0.8571428571428572,0.8571428571428572,0.2857142857142857,DeepPBS_not_evaluable
DBP3,CACACAA,CACACAA,0.292365,0.27983847,0.9223073,-0.7758221,-0.03142943,-0.69890636,0.5714285714285714,0.5714285714285714,0.4,DeepPBS_not_evaluable
DBP3,CACATAA,CACATAA,0.20715,0.03884848,0.009323478,-1.9493374,-0.39676332,-1.1413723,0.7142857142857143,0.7142857142857143,0.5,DeepPBS_not_evaluable
DBP3,CACATCC,CACATCC,0.21415,-0.22858872,1.2699333,-0.6279836,0.035442654,-0.36127713,1.0,1.0,1.0,DeepPBS_not_evaluable
DBP3,CACATGG,CACATGG,0.26121,0.24248958,1.4957398,-0.28948638,0.20453657,-0.3545663,0.7142857142857143,0.7142857142857143,0.6,DeepPBS_not_evaluable
DBP3,CACATTA,CACATTA,0.24316000000000002,0.28677,0.12472574,-1.6605934,-0.07164828,-0.89196116,0.7142857142857143,0.7142857142857143,0.5,DeepPBS_not_evaluable
DBP3,CACATTC,CACATTC,0.239895,0.21944647,0.7708571,-1.0103834,0.13378504,-0.4445702,0.8571428571428572,0.8571428571428572,0.5,DeepPBS_not_evaluable
DBP3,CACGTGA,CACGTGA,0.38436,-0.03639288,1.4242445,-0.28773773,0.2564387,-0.3253615,0.5714285714285714,0.5714285714285714,0.16666666666666666,DeepPBS_not_evaluable
DBP3,CACTAGG,CACTAGG,0.25211,0.20748235,1.3545316,-0.25832006,0.29213342,-0.6993413,0.5714285714285714,0.5714285714285714,0.2857142857142857,DeepPBS_not_evaluable
DBP3,CACTCAA,CACTCAA,0.20883000000000002,0.27983847,0.9223073,-0.7758221,-0.03142943,-0.6989064,0.4285714285714286,0.5714285714285714,0.125,DeepPBS_not_evaluable
DBP3,CACTTAC,CACTTAC,0.221435,0.24811423,0.91885394,-1.0204937,-0.10570062,-0.5483052,0.7142857142857143,0.7142857142857143,0.125,DeepPBS_not_evaluable
DBP3,CACTTTA,CACTTTA,0.314795,0.28677,0.12472574,-1.6605934,-0.07164826,-0.89196116,0.5714285714285714,0.5714285714285714,0.125,DeepPBS_not_evaluable
DBP3,CACTTTC,CACTTTC,0.21989,0.21944647,0.7708571,-1.0103834,0.13378504,-0.4445702,0.7142857142857143,0.7142857142857143,0.125,DeepPBS_not_evaluable
DBP3,CAGACAC,CAGACAC,0.23879,0.2818907,1.4347138,0.052483875,0.072990686,-0.6548796,0.5714285714285714,0.5714285714285714,0.2857142857142857,DeepPBS_not_evaluable
DBP3,CAGGTGA,CAGGTGA,0.28014,-0.29273537,0.91988564,-0.65452665,0.13116115,-0.7627072,0.5714285714285714,0.7142857142857143,0.25,DeepPBS_not_evaluable
DBP3,CAGGTGG,CAGGTGG,0.20828000000000002,-0.23386474,1.7912836,0.027798811,0.16269167,-0.57708454,0.7142857142857143,0.7142857142857143,0.25,DeepPBS_not_evaluable
DBP3,CAGTCAC,CAGTCAC,0.47113,0.2818907,1.4347138,0.052483875,0.072990686,-0.6548796,0.4285714285714286,0.5714285714285714,0.125,DeepPBS_not_evaluable
DBP3,CATGTGA,CATGTGA,0.35936,0.18116057,0.66057247,-1.0018474,0.29807806,-0.6663656,0.7142857142857143,0.7142857142857143,0.6,DeepPBS_not_evaluable
DBP3,CATGTGC,CATGTGC,0.30996,0.16254786,1.5223547,-0.30593276,0.30969265,-0.4539392,0.7142857142857143,0.7142857142857143,0.6,DeepPBS_not_evaluable
DBP3,CCCGTGA,CCCGTGA,0.21690500000000001,-0.1749403,1.7186753,0.2193361,-0.058277685,-0.917706,0.5714285714285714,0.5714285714285714,0.125,DeepPBS_not_evaluable
DBP3,CCGGTGA,CCGGTGA,0.23770000000000002,0.18957569,1.7808236,0.29416916,0.1536531,-0.60291165,0.5714285714285714,0.5714285714285714,0.14285714285714285,DeepPBS_not_evaluable
DBP3,CCTGTGA,CCTGTGA,0.23551,-0.15508454,1.0332026,-0.16257302,0.00488281,-0.9370888,0.7142857142857143,0.7142857142857143,0.2857142857142857,DeepPBS_not_evaluable
DBP3,CGACAAG,CGACAAG,0.20419500000000002,-0.18155695,1.3192234,-0.44382325,-0.022065938,-0.8007281,0.4285714285714286,0.4285714285714286,0.125,DeepPBS_not_evaluable
DBP3,CGTTGTC,CGTTGTC,0.24342,0.06846837,1.5064988,-0.24559355,0.30901536,-0.4806699,0.5714285714285714,0.5714285714285714,0.125,DeepPBS_not_evaluable
DBP3,CTAGTCA,CTAGTCA,0.20612999999999998,-0.12778902,0.26062074,-1.431891,-0.24082321,-0.7125532,0.4285714285714286,0.4285714285714286,0.125,DeepPBS_not_evaluable
DBP3,CTAGTGA,CTAGTGA,0.327085,-0.26677358,0.17916997,-1.4546131,-0.30279878,-1.0127333,0.4285714285714286,0.4285714285714286,0.14285714285714285,DeepPBS_not_evaluable
DBP3,CTCGTCA,CTCGTCA,0.23127999999999999,-0.247523,1.3474828,-0.58412,0.10457461,-0.4773403,0.5714285714285714,0.5714285714285714,0.0,DeepPBS_not_evaluable
DBP3,CTGTCTC,CTGTCTC,0.23053,0.2818907,1.4347138,0.052483875,0.072990686,-0.6548796,0.4285714285714286,0.5714285714285714,0.125,DeepPBS_not_evaluable
DBP3,CTTCACA,CTTCACA,0.23397500000000002,0.027442455,0.65023786,-1.0218204,-0.23753335,-0.7943825,0.4285714285714286,0.4285714285714286,0.2857142857142857,DeepPBS_not_evaluable
DBP3,CTTGGCA,CTTGGCA,0.20715,-0.40417632,1.3395904,-0.5022777,0.002616157,-0.76165324,0.5714285714285714,0.5714285714285714,0.1111111111111111,DeepPBS_not_evaluable
DBP3,CTTGTCA,CTTGTCA,0.381455,-0.052660923,0.62186664,-1.1742802,-0.18324213,-0.64354074,0.5714285714285714,0.5714285714285714,0.125,DeepPBS_not_evaluable
DBP3,CTTGTGA,CTTGTGA,0.301865,-0.3168412,0.018376628,-1.5952249,-0.5653331,-1.1430308,0.5714285714285714,0.5714285714285714,0.2857142857142857,DeepPBS_not_evaluable
DBP3,CTTTCAC,CTTTCAC,0.20489000000000002,-0.14759181,0.7650439,-1.1161638,-0.76873773,-1.0451167,0.4285714285714286,0.4285714285714286,0.125,DeepPBS_not_evaluable
DBP3,GAAGTCA,GAAGTCA,0.222995,0.016183743,0.16100143,-1.6386557,-0.39676782,-0.69662935,0.5714285714285714,0.5714285714285714,0.0,DeepPBS_not_evaluable
DBP3,GAAGTGA,GAAGTGA,0.258475,0.1753521,0.4042039,-1.3920771,-0.2526114,-0.84616023,0.7142857142857143,0.7142857142857143,0.125,DeepPBS_not_evaluable
DBP3,GACAAAC,GACAAAC,0.22573,0.14033444,0.91700697,-1.0374179,-0.5393639,-0.66240597,0.5714285714285714,0.5714285714285714,0.125,DeepPBS_not_evaluable
DBP3,GACAACA,GACAACA,0.22879500000000003,-0.07308275,0.88528806,-1.3026487,-0.34130108,-0.5981179,0.5714285714285714,0.5714285714285714,0.14285714285714285,DeepPBS_not_evaluable
DBP3,GACAACC,GACAACC,0.205185,-0.33269253,1.2234896,-0.66348165,-0.32839242,-0.62392414,0.7142857142857143,0.7142857142857143,0.125,DeepPBS_not_evaluable
DBP3,GACACCA,GACACCA,0.36077000000000004,0.05183645,1.5090071,-0.24483056,-0.19423205,-0.16732597,0.5714285714285714,0.5714285714285714,0.2857142857142857,DeepPBS_not_evaluable
DBP3,GACACCC,GACACCC,0.31266499999999997,-0.19602169,2.004868,0.29229856,-0.3852737,-0.3676467,0.7142857142857143,0.7142857142857143,0.2857142857142857,DeepPBS_not_evaluable
DBP3,GACACTA,GACACTA,0.322415,0.16260117,0.8290057,-1.0475465,-0.45111063,-0.58739275,0.4285714285714286,0.5714285714285714,0.2857142857142857,DeepPBS_not_evaluable
DBP3,GACACTC,GACACTC,0.384345,0.203481,1.4002829,-0.00053858757,-0.27880278,-0.30230227,0.5714285714285714,0.7142857142857143,0.2857142857142857,DeepPBS_not_evaluable
DBP3,GACATCC,GACATCC,0.201035,-0.49090204,1.0988568,-0.9780421,-0.62338513,-0.5568437,0.8571428571428572,0.8571428571428572,0.6666666666666666,DeepPBS_not_evaluable
DBP3,GACGTGA,GACGTGA,0.3134,0.030452348,1.5467206,-0.4197829,0.19161035,-0.1981936,0.7142857142857143,0.7142857142857143,0.14285714285714285,DeepPBS_not_evaluable
DBP3,GAGACAA,GAGACAA,0.27436,-0.10443094,0.6602195,-1.2131782,-0.6903479,-1.0928822,0.2857142857142857,0.4285714285714286,0.125,DeepPBS_not_evaluable
DBP3,GAGACTA,GAGACTA,0.20276,-0.73891073,0.05795153,-1.914703,-0.9814668,-1.5087162,0.4285714285714286,0.4285714285714286,0.1111111111111111,DeepPBS_not_evaluable
DBP3,GAGACTC,GAGACTC,0.275235,-0.5124169,0.6134955,-0.8044362,-0.9085445,-1.1446651,0.4285714285714286,0.5714285714285714,0.0,DeepPBS_not_evaluable
DBP3,GAGGCAC,GAGGCAC,0.250755,-0.19793604,1.6733713,0.363934,-0.47358295,-0.98482555,0.4285714285714286,0.5714285714285714,0.25,DeepPBS_not_evaluable
DBP3,GAGGTGA,GAGGTGA,0.22695500000000002,-0.36003026,0.9842722,-0.765354,-0.23751473,-0.7520754,0.7142857142857143,0.7142857142857143,0.125,DeepPBS_not_evaluable
DBP3,GAGGTGC,GAGGTGC,0.22747,-0.41741955,1.808668,0.08342028,-0.11453516,-0.5118759,0.7142857142857143,0.7142857142857143,0.25,DeepPBS_not_evaluable
DBP3,GAGTCGC,GAGTCGC,0.26712,-0.0044525266,1.8977844,0.243957,-0.21201114,-0.5674737,0.4285714285714286,0.5714285714285714,0.0,DeepPBS_not_evaluable
DBP3,GAGTGCC,GAGTGCC,0.30928500000000003,-0.19602169,2.004868,0.29229856,-0.3852737,-0.3676467,0.4285714285714286,0.5714285714285714,0.125,DeepPBS_not_evaluable
DBP3,GATGTCA,GATGTCA,0.345445,0.19248684,0.82071143,-0.9769165,-0.086481355,-0.2653592,0.7142857142857143,0.7142857142857143,0.5,DeepPBS_not_evaluable
DBP3,GATGTGA,GATGTGA,0.39192,0.19210242,0.77052563,-1.2631066,-0.10737244,-0.665083,0.8571428571428572,0.8571428571428572,0.8,DeepPBS_not_evaluable
DBP3,GCTGTGA,GCTGTGA,0.25706,0.12861967,1.3792014,-0.40205133,0.28839016,-0.6988888,0.7142857142857143,0.7142857142857143,0.2857142857142857,DeepPBS_not_evaluable
DBP3,GGTTCAC,GGTTCAC,0.19674,-0.03473388,1.4965919,-0.29191944,-0.34978768,-0.14956778,0.4285714285714286,0.4285714285714286,0.125,DeepPBS_not_evaluable
DBP3,GTAGTCA,GTAGTCA,0.20806,-0.012865703,0.47599086,-1.4795594,-0.53523654,-0.44142857,0.4285714285714286,0.4285714285714286,0.1111111111111111,DeepPBS_not_evaluable
DBP3,GTAGTGA,GTAGTGA,0.20496999999999999,0.015706697,0.5935613,-1.4110355,-0.5080214,-0.6995557,0.5714285714285714,0.5714285714285714,0.125,DeepPBS_not_evaluable
DBP3,GTCCCTA,GTCCCTA,0.23121999999999998,0.06491754,1.39573,-0.15633218,-0.3637712,-0.5933818,0.4285714285714286,0.4285714285714286,0.25,DeepPBS_not_evaluable
DBP3,GTCGCTA,GTCGCTA,0.262645,0.06491754,1.39573,-0.15633218,-0.3637712,-0.5933818,0.5714285714285714,0.5714285714285714,0.25,DeepPBS_not_evaluable
DBP3,GTGACTA,GTGACTA,0.477225,-0.10443094,0.6602195,-1.2131782,-0.6903479,-1.092882,0.4285714285714286,0.5714285714285714,0.125,DeepPBS_not_evaluable
DBP3,GTGCCAA,GTGCCAA,0.409545,-0.019023418,1.2955853,-0.14820361,-0.4537178,-0.89803964,0.2857142857142857,0.4285714285714286,0.125,DeepPBS_not_evaluable
DBP3,GTGCCGA,GTGCCGA,0.19971499999999998,-0.27509657,1.8971472,0.22493272,-0.030889094,-0.53104043,0.4285714285714286,0.4285714285714286,0.125,DeepPBS_not_evaluable
DBP3,GTGCCTA,GTGCCTA,0.26021,-0.6676895,0.68970126,-0.7253623,-0.849942,-1.1791412,0.4285714285714286,0.5714285714285714,0.42857142857142855,DeepPBS_not_evaluable
DBP3,GTGGTCA,GTGGTCA,0.231615,-0.16477723,1.2465644,-0.57129854,-0.31446937,-0.25605908,0.4285714285714286,0.4285714285714286,0.125,DeepPBS_not_evaluable
DBP3,GTGGTGA,GTGGTGA,0.28054500000000004,-0.21429424,1.3816589,-0.5065631,-0.31181815,-0.50193954,0.5714285714285714,0.5714285714285714,0.14285714285714285,DeepPBS_not_evaluable
DBP3,GTGTCTA,GTGTCTA,0.213495,-0.10443094,0.6602195,-1.2131782,-0.6903479,-1.092882,0.4285714285714286,0.5714285714285714,0.2857142857142857,DeepPBS_not_evaluable
DBP3,GTTCACA,GTTCACA,0.336055,0.17992061,0.83796614,-1.0315237,-0.3278842,-0.30465624,0.2857142857142857,0.2857142857142857,0.2857142857142857,DeepPBS_not_evaluable
DBP3,GTTGACA,GTTGACA,0.23584499999999997,0.17992061,0.83796614,-1.0315237,-0.3278842,-0.30465618,0.4285714285714286,0.4285714285714286,0.125,DeepPBS_not_evaluable
DBP3,GTTGGCA,GTTGGCA,0.220865,-0.1635351,1.4569412,-0.41514722,-0.116721846,-0.37721786,0.4285714285714286,0.4285714285714286,0.1111111111111111,DeepPBS_not_evaluable
DBP3,GTTGTCA,GTTGTCA,0.33777999999999997,0.121015966,0.8150378,-1.2026815,-0.4564462,-0.2932017,0.5714285714285714,0.5714285714285714,0.125,DeepPBS_not_evaluable
DBP3,TAAGTCA,TAAGTCA,0.26311,0.26192623,-0.37062958,-1.7467204,-0.40834042,-1.109621,0.4285714285714286,0.4285714285714286,0.0,DeepPBS_not_evaluable
DBP3,TACGTGA,TACGTGA,0.239015,0.14292467,0.6714351,-1.2513912,0.02570953,-0.5722955,0.5714285714285714,0.5714285714285714,0.14285714285714285,DeepPBS_not_evaluable
DBP3,TAGGTCA,TAGGTCA,0.215235,-0.3397787,0.24946098,-1.546608,-0.5978589,-1.1904763,0.4285714285714286,0.4285714285714286,0.25,DeepPBS_not_evaluable
DBP3,TAGGTGA,TAGGTGA,0.280275,-0.32505938,0.13510914,-1.6733605,-0.44676137,-1.1229292,0.5714285714285714,0.5714285714285714,0.25,DeepPBS_not_evaluable
DBP3,TATGTGA,TATGTGA,0.31657,0.25247902,-0.0622344,-1.7473096,-0.24540006,-0.88287824,0.7142857142857143,0.7142857142857143,0.5,DeepPBS_not_evaluable
DBP3,TCACAAA,TCACAAA,0.28204,-0.21880497,-0.55900854,-2.240146,-0.8293727,-1.0569441,0.5714285714285714,0.5714285714285714,0.2857142857142857,DeepPBS_not_evaluable
DBP3,TCACAGA,TCACAGA,0.26682,0.2385906,0.32388473,-0.8899711,-0.00566263,-0.6910413,0.5714285714285714,0.5714285714285714,0.2857142857142857,DeepPBS_not_evaluable
DBP3,TCACCAA,TCACCAA,0.29301499999999997,-0.20509453,0.2521919,-1.6019773,-0.64223135,-0.85602814,0.4285714285714286,0.4285714285714286,0.125,DeepPBS_not_evaluable
DBP3,TCACTAA,TCACTAA,0.237115,0.26053858,-0.39407298,-1.9940294,-0.6402049,-1.1064881,0.4285714285714286,0.4285714285714286,0.125,DeepPBS_not_evaluable
DBP3,TGACAAA,TGACAAA,0.34636999999999996,0.12288163,0.14805198,-1.6901313,-0.59239197,-0.7222759,0.4285714285714286,0.4285714285714286,0.125,DeepPBS_not_evaluable
DBP3,TGACGAA,TGACGAA,0.21689999999999998,0.14170033,0.7281906,-1.317097,-0.39357814,-0.50850946,0.4285714285714286,0.4285714285714286,0.0,DeepPBS_not_evaluable
DBP3,TGTGAAA,TGTGAAA,0.197455,0.12496901,0.1410821,-1.6879843,-0.56018203,-0.73591423,0.4285714285714286,0.4285714285714286,0.2857142857142857,DeepPBS_not_evaluable
DBP35,AAAAGCG,AAAAGCG,0.22096,0.30893168,2.0589464,-2.331763,0.6964281,0.5982906,0.4285714285714286,0.4285714285714286,0.0,mixed_or_unclassified
DBP35,AAAAGTG,AAAAGTG,0.257765,0.5275263,1.9873067,-2.0959709,1.0131946,0.6681022,0.5714285714285714,0.5714285714285714,0.14285714285714285,mixed_or_unclassified
DBP35,AAAGCGA,AAAGCGA,0.19939,0.07414101,1.9746757,-2.350745,0.48490748,0.5365668,0.4285714285714286,0.4285714285714286,0.0,mixed_or_unclassified
DBP35,AAAGGGA,AAAGGGA,0.20946,0.34664622,2.3156126,-1.9803168,0.7371965,0.51912326,0.4285714285714286,0.4285714285714286,0.0,mixed_or_unclassified
DBP35,AAAGGTG,AAAGGTG,0.243695,0.20878546,1.9615027,-1.8994228,0.81957746,0.54563195,0.5714285714285714,0.5714285714285714,0.125,mixed_or_unclassified
DBP35,AAAGTCA,AAAGTCA,0.30457500000000004,-0.16904505,1.1457065,-2.9284894,0.4773291,0.6377285,0.4285714285714286,0.5714285714285714,0.0,mixed_or_unclassified
DBP35,AAAGTGA,AAAGTGA,0.39410999999999996,0.39158642,1.821695,-2.2658763,0.7444248,0.5947142,0.5714285714285714,0.5714285714285714,0.125,mixed_or_unclassified
DBP35,AAAGTGC,AAAGTGC,0.20651,0.42996064,2.1741552,-2.0285892,0.7021261,0.5228708,0.7142857142857143,0.7142857142857143,0.2857142857142857,both_methods_high
DBP35,AAAGTGG,AAAGTGG,0.23465999999999998,0.5589538,2.2250392,-1.9319607,0.788001,0.5083384,0.5714285714285714,0.5714285714285714,0.125,mixed_or_unclassified
DBP35,AAAGTGT,AAAGTGT,0.21531499999999998,0.19532935,1.5791731,-2.4256423,0.66010123,0.57845324,0.5714285714285714,0.5714285714285714,0.2857142857142857,both_methods_high
DBP35,AAATGTC,AAATGTC,0.18581,0.41147128,1.7467426,-2.2988794,0.90789765,0.67858154,0.5714285714285714,0.5714285714285714,0.2857142857142857,mixed_or_unclassified
DBP35,AAATGTG,AAATGTG,0.278555,0.5275263,1.9873067,-2.0959709,1.0131946,0.6681022,0.7142857142857143,0.7142857142857143,0.5,both_methods_high
DBP35,AACATGT,AACATGT,0.17348,0.43802312,1.9966207,-2.2199712,0.742466,0.628745,0.5714285714285714,0.5714285714285714,0.4,mixed_or_unclassified
DBP35,AACGTGA,AACGTGA,0.223555,0.34664622,2.3156126,-1.9803168,0.7371965,0.51912326,0.5714285714285714,0.5714285714285714,0.14285714285714285,mixed_or_unclassified
DBP35,AAGATGT,AAGATGT,0.230715,0.18422164,1.7659211,-2.5821097,0.7036645,0.65707827,0.7142857142857143,0.7142857142857143,0.42857142857142855,mixed_or_unclassified
DBP35,AAGCGAC,AAGCGAC,0.32614,0.6385146,2.6467636,-1.6499103,0.72319764,0.5140651,0.4285714285714286,0.4285714285714286,0.0,common_low_prediction
DBP35,AAGGAAC,AAGGAAC,0.276675,0.0076649436,1.8669672,-2.5218544,0.486335,0.5937769,0.4285714285714286,0.4285714285714286,0.0,both_methods_low
DBP35,AAGGGAC,AAGGGAC,0.293435,0.6385146,2.6467636,-1.6499103,0.72319764,0.5140651,0.4285714285714286,0.4285714285714286,0.0,common_low_prediction
DBP35,AAGGTGA,AAGGTGA,0.307535,0.07414101,1.9746757,-2.350745,0.48490748,0.5365668,0.5714285714285714,0.5714285714285714,0.125,mixed_or_unclassified
DBP35,AAGGTGT,AAGGTGT,0.2097,-0.118469216,1.7815838,-2.4911294,0.42430964,0.5213486,0.5714285714285714,0.5714285714285714,0.2857142857142857,both_methods_high
DBP35,AATGAGT,AATGAGT,0.209515,0.2272768,1.583602,-2.374403,0.61413497,0.58084303,0.5714285714285714,0.5714285714285714,0.125,DeepPBS_resolves_sequence_disagreement
DBP35,AATGTCA,AATGTCA,0.25569,0.3331622,1.4025167,-2.5525033,0.76227814,0.63985795,0.5714285714285714,0.7142857142857143,0.2857142857142857,mixed_or_unclassified
DBP35,AATGTCG,AATGTCG,0.17268499999999998,0.30765334,1.8864647,-2.1401985,0.8017016,0.5543608,0.5714285714285714,0.5714285714285714,0.2857142857142857,mixed_or_unclassified
DBP35,AATGTCT,AATGTCT,0.19085000000000002,-0.21847342,0.86032933,-3.0794265,0.3888919,0.611522,0.5714285714285714,0.5714285714285714,0.2857142857142857,mixed_or_unclassified
DBP35,AATGTGA,AATGTGA,0.411625,0.42224503,1.7513682,-2.2942886,0.73898625,0.59649515,0.7142857142857143,0.7142857142857143,0.5,both_methods_high
DBP35,AATGTGC,AATGTGC,0.20931,0.31217048,2.139762,-2.010393,0.6951663,0.52620465,0.8571428571428572,0.8571428571428572,0.8,both_methods_high
DBP35,AATGTGT,AATGTGT,0.25842,0.30746207,1.6315311,-2.3480482,0.65826494,0.5782511,0.7142857142857143,0.7142857142857143,0.6,both_methods_high
DBP35,ACAAGTG,ACAAGTG,0.19668000000000002,0.5150899,2.4796183,-1.685863,0.863916,0.55453694,0.5714285714285714,0.5714285714285714,0.2857142857142857,mixed_or_unclassified
DBP35,ACACAAT,ACACAAT,0.239835,0.33179504,1.658318,-2.1915483,0.64250994,0.60866547,0.5714285714285714,0.5714285714285714,0.3333333333333333,both_methods_high
DBP35,ACACAGG,ACACAGG,0.17879,0.6389926,2.5179505,-1.1376864,1.0196453,0.4124621,0.5714285714285714,0.5714285714285714,0.6,both_methods_high
DBP35,ACACATC,ACACATC,0.2121,0.31217048,2.139762,-2.010393,0.6951663,0.52620465,0.8571428571428572,0.8571428571428572,0.8,both_methods_high
DBP35,ACACATG,ACACATG,0.254705,0.4988123,2.1720288,-1.8782121,0.7852108,0.5126603,0.7142857142857143,0.7142857142857143,0.75,both_methods_high
DBP35,ACACCAC,ACACCAC,0.19511499999999998,0.45971742,2.883178,-1.3089286,0.81593376,0.4992181,0.5714285714285714,0.5714285714285714,0.3333333333333333,mixed_or_unclassified
DBP35,ACACCTC,ACACCTC,0.21857,0.1779638,2.5556538,-1.848821,0.5752355,0.4685065,0.7142857142857143,0.7142857142857143,0.2857142857142857,both_methods_high
DBP35,ACACGTG,ACACGTG,0.169885,0.4618312,2.7604668,-1.3840395,0.891228,0.44292066,0.5714285714285714,0.5714285714285714,0.4,both_methods_high
DBP35,ACACTAC,ACACTAC,0.19883,0.51532125,2.2964008,-1.8067294,0.7503751,0.5483534,0.5714285714285714,0.5714285714285714,0.2857142857142857,mixed_or_unclassified
DBP35,ACACTTA,ACACTTA,0.259285,0.39158642,1.821695,-2.2658763,0.7444248,0.5947142,0.5714285714285714,0.5714285714285714,0.2857142857142857,mixed_or_unclassified
DBP35,ACAGGTA,ACAGGTA,0.16806,0.34664622,2.3156126,-1.9803168,0.7371965,0.51912326,0.5714285714285714,0.5714285714285714,0.2857142857142857,mixed_or_unclassified
DBP35,ACAGGTG,ACAGGTG,0.20333,0.4618312,2.7604668,-1.3840395,0.891228,0.44292066,0.5714285714285714,0.5714285714285714,0.5,mixed_or_unclassified
DBP35,ACATGAC,ACATGAC,0.214715,0.4509848,2.3377485,-1.790205,0.7993331,0.5890263,0.4285714285714286,0.5714285714285714,0.3333333333333333,mixed_or_unclassified
DBP35,ACATGAT,ACATGAT,0.185795,0.4601814,1.9663421,-2.0195992,0.7215316,0.65945935,0.4285714285714286,0.5714285714285714,0.5,mixed_or_unclassified
DBP35,ACATGTC,ACATGTC,0.27026,0.46084997,2.4311974,-1.8463683,0.83408505,0.56700593,0.5714285714285714,0.5714285714285714,0.4,mixed_or_unclassified
DBP35,ACATGTG,ACATGTG,0.34277,0.5150899,2.4796183,-1.685863,0.863916,0.55453694,0.7142857142857143,0.7142857142857143,0.75,mixed_or_unclassified
DBP35,ACATTCT,ACATTCT,0.211635,0.38814676,1.6549953,-2.0814123,0.9337034,0.6517135,0.4285714285714286,0.5714285714285714,0.2857142857142857,mixed_or_unclassified
DBP35,ACATTTC,ACATTTC,0.172365,0.37001994,1.9593958,-2.3783598,0.746027,0.651854,0.5714285714285714,0.5714285714285714,0.2857142857142857,mixed_or_unclassified
DBP35,ACATTTG,ACATTTG,0.196885,0.5181971,2.0657058,-2.2330348,0.79589224,0.6343092,0.7142857142857143,0.7142857142857143,0.2857142857142857,mixed_or_unclassified
DBP35,ACCAGGG,ACCAGGG,0.18454,0.43935642,2.7705238,-1.0908185,0.92300844,0.3837408,0.4285714285714286,0.4285714285714286,0.14285714285714285,common_low_prediction
DBP35,ACCATTA,ACCATTA,0.1725,0.36365435,2.0900028,-2.307552,0.70335954,0.64069915,0.4285714285714286,0.4285714285714286,0.125,both_methods_low
DBP35,ACCCAGC,ACCCAGC,0.18026999999999999,0.20678884,2.718296,-1.3081377,0.82791567,0.36126915,0.5714285714285714,0.5714285714285714,0.14285714285714285,DeepPBS_resolves_sequence_disagreement
DBP35,ACTACCC,ACTACCC,0.24700499999999997,0.20204456,2.4146516,-1.7086949,0.69624543,0.5281538,0.5714285714285714,0.5714285714285714,0.0,mixed_or_unclassified
DBP35,ACTAGTC,ACTAGTC,0.16578,0.348514,2.0805361,-2.016655,0.7240587,0.56792337,0.4285714285714286,0.5714285714285714,0.0,common_low_prediction
DBP35,ACTAGTG,ACTAGTG,0.23169,0.4332179,2.2045515,-1.764794,0.76669,0.5564162,0.4285714285714286,0.4285714285714286,0.16666666666666666,sequence_only_resolves_DeepPBS_disagreement
DBP35,ACTCAGT,ACTCAGT,0.166165,0.38467038,1.8409351,-1.6393481,0.90350294,0.48344943,0.4285714285714286,0.4285714285714286,0.16666666666666666,mixed_or_unclassified
DBP35,ACTGTCA,ACTGTCA,0.31227000000000005,0.64541817,2.172283,-1.3361667,1.0341696,0.5326079,0.4285714285714286,0.7142857142857143,0.2857142857142857,mixed_or_unclassified
DBP35,ACTTATC,ACTTATC,0.17970999999999998,0.16502453,1.4770919,-2.6805162,0.58659655,0.6518839,0.5714285714285714,0.5714285714285714,0.14285714285714285,mixed_or_unclassified
DBP35,ACTTCTG,ACTTCTG,0.23761500000000002,0.30682313,2.165108,-2.1694686,0.6843719,0.57701045,0.7142857142857143,0.7142857142857143,0.3333333333333333,mixed_or_unclassified
DBP35,ACTTTGA,ACTTTGA,0.19201,0.40688562,1.6338967,-1.9863926,0.8945752,0.6106808,0.4285714285714286,0.5714285714285714,0.0,mixed_or_unclassified
DBP35,AGAAGTG,AGAAGTG,0.2545,0.30893168,2.0589464,-2.331763,0.6964281,0.5982906,0.7142857142857143,0.7142857142857143,0.2857142857142857,mixed_or_unclassified
DBP35,AGAGTCA,AGAGTCA,0.18446,0.08622539,1.6694971,-1.8990965,0.98112935,0.57706964,0.4285714285714286,0.5714285714285714,0.14285714285714285,mixed_or_unclassified
DBP35,AGATGTC,AGATGTC,0.17796,0.12918933,1.8944424,-2.5184667,0.6166899,0.6081679,0.7142857142857143,0.7142857142857143,0.42857142857142855,mixed_or_unclassified
DBP35,AGATGTG,AGATGTG,0.208405,0.30893168,2.0589464,-2.331763,0.6964281,0.5982906,0.8571428571428572,0.8571428571428572,0.6666666666666666,both_methods_high
DBP35,AGCGTCA,AGCGTCA,0.25347000000000003,0.28923216,2.3257945,-1.4817077,0.91258353,0.5062073,0.5714285714285714,0.5714285714285714,0.0,common_low_prediction
DBP35,AGGCGAC,AGGCGAC,0.269985,0.3902841,2.9824803,-1.1419822,0.660647,0.45496285,0.4285714285714286,0.4285714285714286,0.0,common_low_prediction
DBP35,AGGGTGA,AGGGTGA,0.263985,0.4224241,2.6039197,-1.1626095,0.93162084,0.47902143,0.4285714285714286,0.5714285714285714,0.125,mixed_or_unclassified
DBP35,AGGTAAC,AGGTAAC,0.177955,0.19243853,2.0471234,-2.1687284,0.62765604,0.6577319,0.4285714285714286,0.4285714285714286,0.0,mixed_or_unclassified
DBP35,ATAAGTG,ATAAGTG,0.207515,0.45208347,1.9520569,-2.4446042,0.6793203,0.6811922,0.5714285714285714,0.5714285714285714,0.125,mixed_or_unclassified
DBP35,ATACTTC,ATACTTC,0.169825,-0.013039385,1.314971,-3.195264,0.21774642,0.65216416,0.5714285714285714,0.5714285714285714,0.0,both_methods_low
DBP35,ATAGTGA,ATAGTGA,0.30879999999999996,0.44704047,1.7986761,-2.1565435,0.7554801,0.6199712,0.4285714285714286,0.7142857142857143,0.125,mixed_or_unclassified
DBP35,ATGGTAC,ATGGTAC,0.19968,0.16238879,2.2333496,-2.139702,0.5204382,0.6294604,0.4285714285714286,0.5714285714285714,0.14285714285714285,both_methods_low
DBP35,ATTGTGA,ATTGTGA,0.322565,0.30530956,1.6037053,-2.31725,0.6590139,0.61518914,0.5714285714285714,0.7142857142857143,0.2857142857142857,mixed_or_unclassified
DBP35,CAAGTGA,CAAGTGA,0.31443,0.56819135,2.1987755,-1.9730911,0.8780465,0.5363977,0.5714285714285714,0.5714285714285714,0.125,mixed_or_unclassified
DBP35,CACAACC,CACAACC,0.16862,0.56320626,2.7490327,-1.0192438,1.0254905,0.5618084,0.5714285714285714,0.5714285714285714,0.2857142857142857,sequence_only_resolves_DeepPBS_disagreement
DBP35,CACATCC,CACATCC,0.21111000000000002,0.6509023,2.750284,-1.3247055,0.93494225,0.5554678,0.7142857142857143,0.7142857142857143,0.6666666666666666,both_methods_high
DBP35,CACATGA,CACATGA,0.24248999999999998,0.49893427,2.4093466,-1.8229669,0.8343505,0.57758206,0.5714285714285714,0.5714285714285714,0.6,sequence_only_resolves_DeepPBS_disagreement
DBP35,CACATGC,CACATGC,0.22692500000000002,0.66910726,2.8245583,-1.1329378,1.0158831,0.5064023,0.5714285714285714,0.7142857142857143,1.0,mixed_or_unclassified
DBP35,CACCAAC,CACCAAC,0.17056,0.5653239,2.8322372,-0.9773681,1.0328934,0.521136,0.4285714285714286,0.5714285714285714,0.125,mixed_or_unclassified
DBP35,CACCCTA,CACCCTA,0.16703,0.40962592,2.285658,-1.4862248,0.78801566,0.5244859,0.4285714285714286,0.4285714285714286,0.125,mixed_or_unclassified
DBP35,CACGTGA,CACGTGA,0.31820499999999996,0.4496409,2.6852462,-1.4223782,0.9419463,0.47443783,0.5714285714285714,0.5714285714285714,0.16666666666666666,mixed_or_unclassified
DBP35,CACTAGG,CACTAGG,0.19474,0.50471807,2.5551846,-0.8678952,1.0306869,0.50623804,0.2857142857142857,0.4285714285714286,0.14285714285714285,mixed_or_unclassified
DBP35,CAGGTGA,CAGGTGA,0.23345,0.29321423,2.3465002,-1.8791455,0.6498485,0.4806969,0.5714285714285714,0.5714285714285714,0.2857142857142857,mixed_or_unclassified
DBP35,CATATGC,CATATGC,0.1708,0.3451698,2.1408207,-2.05015,0.7517274,0.581816,0.7142857142857143,0.7142857142857143,0.4,mixed_or_unclassified
DBP35,CATGTGA,CATGTGA,0.35440000000000005,0.49730337,2.1053326,-1.8875047,0.9058781,0.5419903,0.7142857142857143,0.7142857142857143,0.6,both_methods_high
DBP35,CATGTGC,CATGTGC,0.31969000000000003,0.45444772,2.5942996,-1.4111881,0.88402987,0.474453,0.8571428571428572,0.8571428571428572,1.0,both_methods_high
DBP35,CATTCCC,CATTCCC,0.178305,0.38671684,2.643243,-1.6156448,0.7836981,0.5693207,0.4285714285714286,0.4285714285714286,0.125,mixed_or_unclassified
DBP35,CATTGGG,CATTGGG,0.181765,0.50471807,2.5551846,-0.8678952,1.0306869,0.50623804,0.4285714285714286,0.4285714285714286,0.125,both_methods_low
DBP35,CCATATA,CCATATA,0.18093,0.28443033,1.8003699,-2.4876237,0.7166098,0.6549498,0.5714285714285714,0.5714285714285714,0.16666666666666666,both_methods_low
DBP35,CCATTAC,CCATTAC,0.24728,0.16174652,2.133955,-2.167419,0.6932717,0.5904806,0.4285714285714286,0.4285714285714286,0.125,both_methods_low
DBP35,CCCGTGA,CCCGTGA,0.17831,0.45329604,2.8731306,-0.9738198,1.0187544,0.37154007,0.4285714285714286,0.4285714285714286,0.125,mixed_or_unclassified
DBP35,CCTTGAG,CCTTGAG,0.202305,0.07764044,2.1128643,-1.5905491,0.6331025,0.49121425,0.4285714285714286,0.4285714285714286,0.0,common_low_prediction
DBP35,CTAGTGA,CTAGTGA,0.2822,0.28393814,1.9564953,-2.1615198,0.7095404,0.5413451,0.4285714285714286,0.5714285714285714,0.14285714285714285,mixed_or_unclassified
DBP35,CTTGTGA,CTTGTGA,0.258855,0.13353062,1.7579545,-2.1849167,0.6431804,0.53979486,0.5714285714285714,0.5714285714285714,0.2857142857142857,mixed_or_unclassified
DBP35,GAAGCGA,GAAGCGA,0.167345,0.26697636,2.5363615,-1.7907248,0.57739395,0.49209377,0.5714285714285714,0.5714285714285714,0.0,common_low_prediction
DBP35,GAAGTGA,GAAGTGA,0.281605,0.47743973,2.271971,-1.9865533,0.7585981,0.54746395,0.7142857142857143,0.7142857142857143,0.125,mixed_or_unclassified
DBP35,GACATGA,GACATGA,0.22019,0.44176364,2.4118948,-1.966839,0.77312154,0.5868693,0.5714285714285714,0.5714285714285714,0.3333333333333333,mixed_or_unclassified
DBP35,GACATTA,GACATTA,0.195865,0.60692745,2.1226296,-2.134928,0.9291611,0.7089646,0.4285714285714286,0.5714285714285714,0.2857142857142857,mixed_or_unclassified
DBP35,GACGTGA,GACGTGA,0.28192,0.36827362,2.758756,-1.504187,0.82107973,0.4797616,0.7142857142857143,0.7142857142857143,0.14285714285714285,mixed_or_unclassified
DBP35,GAGGTGA,GAGGTGA,0.269525,0.26697636,2.5363615,-1.7907248,0.57739395,0.49209377,0.7142857142857143,0.7142857142857143,0.125,mixed_or_unclassified
DBP35,GATGTGA,GATGTGA,0.390255,0.38860705,2.1888163,-1.9920081,0.7821622,0.55237365,0.8571428571428572,0.8571428571428572,0.6666666666666666,both_methods_high
DBP35,GCTGTGA,GCTGTGA,0.19371,0.4181715,2.356419,-1.3734156,0.9704077,0.44042948,0.7142857142857143,0.7142857142857143,0.5,mixed_or_unclassified
DBP35,GGCGTGA,GGCGTGA,0.18023499999999998,0.44627452,3.020405,-0.8308816,0.92714936,0.42572775,0.5714285714285714,0.5714285714285714,0.125,mixed_or_unclassified
DBP35,GTCGCTA,GTCGCTA,0.21833999999999998,0.5064125,2.63149,-1.6200461,0.6674711,0.5406422,0.4285714285714286,0.5714285714285714,0.0,common_low_prediction
DBP35,TAAGTCA,TAAGTCA,0.18489,0.33464524,1.6008717,-2.442355,0.86056477,0.67324,0.4285714285714286,0.5714285714285714,0.0,mixed_or_unclassified
DBP35,TAAGTGA,TAAGTGA,0.311365,0.48085868,1.8144087,-2.2834275,0.8493152,0.6217613,0.5714285714285714,0.5714285714285714,0.125,mixed_or_unclassified
DBP35,TACGTGA,TACGTGA,0.21275,0.3386717,2.2787476,-2.010793,0.8320561,0.55053526,0.5714285714285714,0.5714285714285714,0.14285714285714285,mixed_or_unclassified
DBP35,TAGGTGA,TAGGTGA,0.266745,0.20052533,1.9214044,-2.3460643,0.57828826,0.56228024,0.5714285714285714,0.5714285714285714,0.125,mixed_or_unclassified
DBP35,TCACTAA,TCACTAA,0.21863499999999997,0.3618747,1.6208872,-2.3462074,0.8156822,0.63362557,0.4285714285714286,0.5714285714285714,0.125,mixed_or_unclassified
DBP48,AAACGTC,AAACGTC,0.28052,-0.2544832,2.474055,-0.6415336,-0.3640183,0.0626988,0.5714285714285714,0.5714285714285714,0.125,sequence_only_resolves_DeepPBS_disagreement
DBP48,AACCGTC,AACCGTC,0.28666,0.19693887,2.666487,-0.31446055,0.07966138,0.5010027,0.5714285714285714,0.7142857142857143,0.125,sequence_only_resolves_DeepPBS_disagreement
DBP48,AACGCCG,AACGCCG,0.38451,-0.68206334,2.1799183,-0.8840998,-0.6013488,-0.44499946,0.8571428571428572,0.8571428571428572,0.5,mixed_or_unclassified
DBP48,AACGTCA,AACGTCA,0.30296,-0.044258546,2.6322606,-0.17115544,-0.4243624,0.41255912,0.5714285714285714,0.5714285714285714,0.0,mixed_or_unclassified
DBP48,AACGTCC,AACGTCC,0.33637,-0.75306624,2.1854098,-1.0937921,-0.77822477,-0.25238493,0.5714285714285714,0.5714285714285714,0.0,mixed_or_unclassified
DBP48,AACGTCG,AACGTCG,0.33829,-0.43142402,2.4974718,-0.4452984,-0.6071966,-0.027298868,0.7142857142857143,0.7142857142857143,0.0,mixed_or_unclassified
DBP48,AAGGTCG,AAGGTCG,0.29792,-1.0446544,1.621561,-1.0947113,-0.8802073,-0.5833636,0.7142857142857143,0.7142857142857143,0.1111111111111111,mixed_or_unclassified
DBP48,ACACGAC,ACACGAC,0.28425,0.50937676,2.6554887,0.0887841,0.16295438,0.40219793,0.4285714285714286,0.4285714285714286,0.0,sequence_only_resolves_DeepPBS_disagreement
DBP48,ACACGTC,ACACGTC,0.32458,0.18671386,2.7866642,-0.20194848,0.060825437,0.36450884,0.4285714285714286,0.4285714285714286,0.0,sequence_only_resolves_DeepPBS_disagreement
DBP48,ACCCGTC,ACCCGTC,0.29196,-0.4709301,2.4857242,-0.54000515,-0.3593539,-0.0029116299,0.5714285714285714,0.5714285714285714,0.125,sequence_only_resolves_DeepPBS_disagreement
DBP48,ACCGCGG,ACCGCGG,0.27669,-0.09236357,2.6698844,-0.343052,-0.121722855,0.007470747,0.5714285714285714,0.7142857142857143,0.4,mixed_or_unclassified
DBP48,ACCGGCA,ACCGGCA,0.31355,-0.56968373,2.2423368,-0.67726445,-0.6384439,-0.26648435,0.5714285714285714,0.5714285714285714,0.3333333333333333,mixed_or_unclassified
DBP48,ACCGTCC,ACCGTCC,0.29923,-0.117404185,2.5205374,-0.4113656,-0.4254097,0.14601918,0.4285714285714286,0.5714285714285714,0.125,both_methods_high
DBP48,ACCGTGC,ACCGTGC,0.28393,0.49016404,2.797706,0.3383963,0.3877213,0.41280547,0.4285714285714286,0.5714285714285714,0.125,mixed_or_unclassified
DBP48,ACGACCC,ACGACCC,0.28565,0.074570276,2.2489555,-0.43114626,0.13085014,0.1390992,0.5714285714285714,0.5714285714285714,0.1111111111111111,mixed_or_unclassified
DBP48,ACGCAGC,ACGCAGC,0.2912,0.25883397,2.563423,-0.43757805,-0.39097127,-0.6249704,0.7142857142857143,0.7142857142857143,0.2857142857142857,mixed_or_unclassified
DBP48,ACGCCCA,ACGCCCA,0.28291,-0.5339566,2.5088916,-0.58512247,-0.76827765,-0.26708043,0.5714285714285714,0.7142857142857143,0.6666666666666666,mixed_or_unclassified
DBP48,ACGCCGA,ACGCCGA,0.37489,-0.023305416,2.5691955,-0.3914102,-0.49693012,-0.36453918,0.7142857142857143,0.7142857142857143,0.5,mixed_or_unclassified
DBP48,ACGCCGC,ACGCCGC,0.39065,-0.2756532,2.2176113,-0.38370547,-0.64450634,-0.7153351,0.8571428571428572,0.8571428571428572,0.6,mixed_or_unclassified
DBP48,ACGCCGT,ACGCCGT,0.35373,0.20067339,2.5642478,0.30034414,-0.22647053,0.008671284,0.7142857142857143,0.7142857142857143,0.6,mixed_or_unclassified
DBP48,ACGCGAC,ACGCGAC,0.31535,0.48381022,2.69154,0.15986614,0.29044607,0.44792953,0.5714285714285714,0.5714285714285714,0.14285714285714285,sequence_only_resolves_DeepPBS_disagreement
DBP48,ACGCGCC,ACGCGCC,0.3089,-0.3686053,2.3153188,-0.8205374,-0.40095782,-0.20034592,0.5714285714285714,0.5714285714285714,0.4,mixed_or_unclassified
DBP48,ACGCGGA,ACGCGGA,0.28475,0.20193136,2.696892,0.04675603,0.010047804,0.16397795,0.5714285714285714,0.5714285714285714,0.3333333333333333,mixed_or_unclassified
DBP48,ACGCGTC,ACGCGTC,0.37056,-0.3671902,2.5686376,-0.6553369,-0.44724214,-0.23543076,0.5714285714285714,0.5714285714285714,0.16666666666666666,sequence_only_resolves_DeepPBS_disagreement
DBP48,ACGCTGG,ACGCTGG,0.2833,0.59560275,2.9987824,0.31731522,0.19584449,0.36693916,0.5714285714285714,0.5714285714285714,0.2857142857142857,mixed_or_unclassified
DBP48,ACGGCGA,ACGGCGA,0.27996,-0.023305416,2.5691955,-0.3914102,-0.49693012,-0.36453918,0.5714285714285714,0.5714285714285714,0.5,mixed_or_unclassified
DBP48,ACGGCGC,ACGGCGC,0.35131,-0.2756532,2.2176113,-0.38370547,-0.64450634,-0.7153351,0.7142857142857143,0.7142857142857143,0.6,mixed_or_unclassified
DBP48,ACGGGCA,ACGGGCA,0.2779,0.15525553,2.6599646,-0.27438834,-0.17212527,0.18100734,0.5714285714285714,0.5714285714285714,0.2857142857142857,mixed_or_unclassified
DBP48,ACTCGAC,ACTCGAC,0.28707,-0.19503252,2.3256202,-0.6339907,-0.37360826,-0.20784836,0.4285714285714286,0.4285714285714286,0.0,mixed_or_unclassified
DBP48,ACTCGTC,ACTCGTC,0.28082,-0.097762875,2.5927877,-0.45826378,-0.07108289,0.14334336,0.4285714285714286,0.4285714285714286,0.0,sequence_only_resolves_DeepPBS_disagreement
DBP48,AGACGAC,AGACGAC,0.35282,-0.34837,2.2374072,-0.6199411,-0.5612373,-0.20435767,0.5714285714285714,0.5714285714285714,0.0,mixed_or_unclassified
DBP48,AGACGCC,AGACGCC,0.31327,-0.61704737,2.0626802,-0.96675825,-0.87319535,-0.06106807,0.7142857142857143,0.7142857142857143,0.2857142857142857,sequence_only_resolves_DeepPBS_disagreement
DBP48,AGACGCG,AGACGCG,0.3032,-0.7194107,2.3350108,-0.65582025,-0.9448955,-0.12115046,0.8571428571428572,0.8571428571428572,0.14285714285714285,mixed_or_unclassified
DBP48,AGACGTC,AGACGTC,0.4079,-0.75306624,2.1854098,-1.0937921,-0.77822477,-0.25238493,0.5714285714285714,0.5714285714285714,0.0,sequence_only_resolves_DeepPBS_disagreement
DBP48,AGCCGAC,AGCCGAC,0.28407,-1.0207692,1.7074286,-1.1459833,-0.9135776,-0.6131379,0.7142857142857143,0.7142857142857143,0.5,mixed_or_unclassified
DBP48,AGCGCCG,AGCGCCG,0.29511,-0.92162275,2.0362816,-1.0099167,-0.9696024,-0.6067078,0.7142857142857143,0.7142857142857143,1.0,mixed_or_unclassified
DBP48,AGCGGCA,AGCGGCA,0.31388,-0.7356624,1.9013335,-0.89664906,-0.73340136,-0.009119824,0.7142857142857143,0.7142857142857143,0.8,mixed_or_unclassified
DBP48,AGCGGCG,AGCGGCG,0.36971,-1.3009747,1.9173756,-1.227215,-1.2307245,-0.7414196,0.8571428571428572,0.8571428571428572,1.0,mixed_or_unclassified
DBP48,AGCGTCA,AGCGTCA,0.36893,0.3516039,2.8647244,0.11824384,0.08961466,1.0966302,0.5714285714285714,0.5714285714285714,0.2857142857142857,both_methods_high
DBP48,AGCGTCC,AGCGTCC,0.30818,-0.61704737,2.0626802,-0.96675825,-0.87319535,-0.06106807,0.5714285714285714,0.5714285714285714,0.2857142857142857,mixed_or_unclassified
DBP48,AGCGTCG,AGCGTCG,0.40232,-0.7194107,2.3350108,-0.65582025,-0.9448955,-0.12115046,0.7142857142857143,0.7142857142857143,0.2857142857142857,both_methods_high
DBP48,AGCGTGC,AGCGTGC,0.30335,-0.117404185,2.5205374,-0.4113656,-0.4254097,0.1460192,0.4285714285714286,0.5714285714285714,0.2857142857142857,mixed_or_unclassified
DBP48,AGGCGAC,AGGCGAC,0.32002,-0.004533718,2.342802,-0.35092345,0.030985123,0.22200072,0.5714285714285714,0.5714285714285714,0.2857142857142857,mixed_or_unclassified
DBP48,AGGCGCC,AGGCGCC,0.32253,-0.80950475,1.8213528,-1.1258467,-0.9079208,-0.5456851,0.7142857142857143,0.7142857142857143,0.4,common_low_prediction
DBP48,AGGCGCG,AGGCGCG,0.28925,-0.92162275,2.0362816,-1.0099167,-0.9696024,-0.6067079,0.8571428571428572,0.8571428571428572,0.4,mixed_or_unclassified
DBP48,AGGCGGC,AGGCGGC,0.31464,-0.3686053,2.3153188,-0.8205374,-0.40095782,-0.20034592,0.7142857142857143,0.7142857142857143,0.6,common_low_prediction
DBP48,AGGCGTC,AGGCGTC,0.30568,-1.1247485,1.9760822,-1.2929932,-0.8192704,-0.6120364,0.5714285714285714,0.5714285714285714,0.2857142857142857,sequence_only_resolves_DeepPBS_disagreement
DBP48,AGGGCCG,AGGGCCG,0.3281,-1.2529227,1.4224914,-1.074021,-1.2501513,-0.79556155,0.7142857142857143,0.7142857142857143,0.3333333333333333,mixed_or_unclassified
DBP48,AGTCGAC,AGTCGAC,0.39512,-0.61154014,2.1114619,-0.72958183,-0.6519757,-0.36466762,0.5714285714285714,0.5714285714285714,0.0,mixed_or_unclassified
DBP48,AGTCGTC,AGTCGTC,0.36683,-0.47397164,2.2708898,-0.805422,-0.7573061,0.050377782,0.5714285714285714,0.5714285714285714,0.0,mixed_or_unclassified
DBP48,ATCGGCG,ATCGGCG,0.33248,-1.0173594,2.0321484,-1.2227114,-0.91006225,-0.748236,0.7142857142857143,0.7142857142857143,0.5,mixed_or_unclassified
DBP48,ATCGTCA,ATCGTCA,0.34583,0.074379824,2.6381705,-0.19726188,-0.16200693,0.28654754,0.4285714285714286,0.4285714285714286,0.0,mixed_or_unclassified
DBP48,ATCGTCG,ATCGTCG,0.36405,-0.3603443,2.3213189,-0.68583727,-0.61728895,-0.21653824,0.5714285714285714,0.5714285714285714,0.0,both_methods_high
DBP48,ATGCGGC,ATGCGGC,0.27777,0.48381022,2.69154,0.15986614,0.29044607,0.44792953,0.7142857142857143,0.7142857142857143,0.5,mixed_or_unclassified
DBP48,ATGCGTC,ATGCGTC,0.32864,0.23561947,2.6332743,-0.24875404,0.10746173,0.4364412,0.5714285714285714,0.5714285714285714,0.125,sequence_only_resolves_DeepPBS_disagreement
DBP48,CAACGAC,CAACGAC,0.28673,0.152401,2.7644165,-0.38124803,-0.1358159,0.12928906,0.7142857142857143,0.7142857142857143,0.1111111111111111,mixed_or_unclassified
DBP48,CAACGCC,CAACGCC,0.27693,-0.21695304,2.6714623,-0.43226516,-0.25928977,0.051126886,0.8571428571428572,0.8571428571428572,0.42857142857142855,mixed_or_unclassified
DBP48,CAACGTC,CAACGTC,0.3828,0.5220172,3.2157943,0.18516748,0.27832395,0.30436227,0.7142857142857143,0.7142857142857143,0.125,mixed_or_unclassified
DBP48,CACCGAC,CACCGAC,0.37646,0.29143596,2.940749,-0.06377975,0.15762061,0.084571846,0.5714285714285714,0.5714285714285714,0.125,mixed_or_unclassified
DBP48,CACCGGC,CACCGGC,0.31974,0.16635872,2.9531028,-0.21004534,0.124373876,0.03758347,0.5714285714285714,0.5714285714285714,0.3333333333333333,mixed_or_unclassified
DBP48,CACGCCG,CACGCCG,0.3252,-0.026219795,2.9117403,-0.14604545,0.10154406,-0.010321398,0.7142857142857143,0.7142857142857143,0.5,mixed_or_unclassified
DBP48,CACGTCC,CACGTCC,0.3063,-0.21695304,2.6714623,-0.43226516,-0.25928977,0.051126886,0.5714285714285714,0.5714285714285714,0.0,mixed_or_unclassified
DBP48,CACGTCG,CACGTCG,0.40006,0.28194118,3.1668537,0.23527217,0.04519866,0.39532912,0.5714285714285714,0.5714285714285714,0.0,mixed_or_unclassified
DBP48,CAGCACG,CAGCACG,0.28532,-0.010398433,2.6973293,-0.01791056,-0.15062225,0.005407726,0.4285714285714286,0.5714285714285714,0.125,mixed_or_unclassified
DBP48,CAGCGCC,CAGCGCC,0.32642,-0.23690796,2.6257026,-0.62504935,-0.12368721,-0.10702046,0.7142857142857143,0.7142857142857143,0.6,mixed_or_unclassified
DBP48,CAGCGCG,CAGCGCG,0.28046,-0.026219795,2.9117403,-0.14604545,0.10154406,-0.010321398,0.5714285714285714,0.7142857142857143,0.4,mixed_or_unclassified
DBP48,CAGCGGC,CAGCGGC,0.35495,-0.11405206,2.7812893,-0.6243728,-0.22476147,-0.24011117,0.7142857142857143,0.7142857142857143,0.8,mixed_or_unclassified
DBP48,CAGCGTC,CAGCGTC,0.40751,0.121095575,2.8840802,-0.15966205,-0.10514457,-0.019002577,0.5714285714285714,0.5714285714285714,0.2857142857142857,sequence_only_resolves_DeepPBS_disagreement
DBP48,CAGGCCG,CAGGCCG,0.33056,-1.1967057,1.4693289,-1.1523503,-1.0774149,-1.2329015,0.7142857142857143,0.7142857142857143,0.3333333333333333,mixed_or_unclassified
DBP48,CATCGAC,CATCGAC,0.28418,0.29546258,2.8618536,-0.18844967,0.113542564,0.06660616,0.5714285714285714,0.5714285714285714,0.0,mixed_or_unclassified
DBP48,CCCCGTC,CCCCGTC,0.28953,0.16635872,2.9531028,-0.21004534,0.124373876,0.03758347,0.4285714285714286,0.4285714285714286,0.14285714285714285,sequence_only_resolves_DeepPBS_disagreement
DBP48,CCCGTCA,CCCGTCA,0.34063,0.30129713,3.1151638,0.18349129,-0.057514623,0.44424263,0.5714285714285714,0.5714285714285714,0.125,mixed_or_unclassified
DBP48,CCCGTCC,CCCGTCC,0.34062,-0.2932237,2.4386346,-0.8532912,-0.54607314,-0.43301365,0.5714285714285714,0.5714285714285714,0.125,mixed_or_unclassified
DBP48,CCGCGAC,CCGCGAC,0.32403,-0.47494876,2.322851,-0.74994034,-0.56519216,-0.50956863,0.4285714285714286,0.5714285714285714,0.3333333333333333,mixed_or_unclassified
DBP48,CCGCGCA,CCGCGCA,0.2822,-0.003997604,2.7246609,-0.4873573,-0.37359753,-0.20265402,0.4285714285714286,0.5714285714285714,0.4,common_low_prediction
DBP48,CCGCGGC,CCGCGGC,0.27546,-0.67503923,2.0037315,-1.1028877,-0.8085508,-1.0209721,0.5714285714285714,0.7142857142857143,0.75,mixed_or_unclassified
DBP48,CCGCGTC,CCGCGTC,0.35298,-0.11405206,2.7812893,-0.6243728,-0.22476147,-0.24011117,0.5714285714285714,0.5714285714285714,0.3333333333333333,sequence_only_resolves_DeepPBS_disagreement
DBP48,CCGGCCA,CCGGCCA,0.28522,-0.46744847,2.412019,-0.7559088,-0.9761222,-0.48752055,0.5714285714285714,0.5714285714285714,0.4,mixed_or_unclassified
DBP48,CCGGGAC,CCGGGAC,0.27894,-0.47494876,2.322851,-0.74994034,-0.56519216,-0.50956863,0.4285714285714286,0.4285714285714286,0.14285714285714285,mixed_or_unclassified
DBP48,CCGTGCC,CCGTGCC,0.27745,-0.47000018,2.4132357,-0.9688735,-0.20120923,-0.59428316,0.5714285714285714,0.5714285714285714,0.2857142857142857,mixed_or_unclassified
DBP48,CCTCGTC,CCTCGTC,0.32532,0.097651206,2.8956554,-0.2711536,0.10640731,-0.054993767,0.4285714285714286,0.4285714285714286,0.0,sequence_only_resolves_DeepPBS_disagreement
DBP48,CGACCCC,CGACCCC,0.3204,-0.27136993,1.9477547,-0.814714,-0.75378686,0.036509413,0.5714285714285714,0.5714285714285714,0.125,mixed_or_unclassified
DBP48,CGACCCG,CGACCCG,0.28199,-0.49888602,2.0390275,-0.5809837,-0.67744595,-0.217606,0.5714285714285714,0.5714285714285714,0.125,mixed_or_unclassified
DBP48,CGACGAA,CGACGAA,0.30665,-0.014183253,2.4666166,-0.25554958,-0.37632713,-0.12619376,0.7142857142857143,0.7142857142857143,0.0,mixed_or_unclassified
DBP48,CGACGAC,CGACGAC,0.44152,-0.28742984,2.2178862,-0.8511186,-0.54692596,-0.3983511,0.5714285714285714,0.5714285714285714,0.0,mixed_or_unclassified
DBP48,CGACGAG,CGACGAG,0.38591,-0.27758282,2.2476072,-0.61483717,-0.4826032,-0.5247169,0.5714285714285714,0.5714285714285714,0.0,mixed_or_unclassified
DBP48,CGACGCC,CGACGCC,0.4532,-0.5325584,2.2050862,-0.8190976,-0.7409143,0.09421831,0.7142857142857143,0.7142857142857143,0.2857142857142857,both_methods_high
DBP48,CGACGCG,CGACGCG,0.41736,-0.3156679,2.5192447,-0.36871037,-0.6629701,-0.029264808,0.7142857142857143,0.7142857142857143,0.14285714285714285,mixed_or_unclassified
DBP48,CGACGTA,CGACGTA,0.34856,0.288385,3.1290607,0.2805415,-0.06656567,0.75866145,0.5714285714285714,0.5714285714285714,0.0,mixed_or_unclassified
DBP48,CGACGTC,CGACGTC,0.46393,-0.21695304,2.6714623,-0.43226516,-0.25928977,0.051126886,0.5714285714285714,0.5714285714285714,0.0,mixed_or_unclassified
DBP48,CGAGCGC,CGAGCGC,0.2843,-0.26605088,2.3113139,-0.92111975,-0.5793006,-0.3396056,0.5714285714285714,0.5714285714285714,0.3333333333333333,mixed_or_unclassified
DBP48,CGAGGCG,CGAGGCG,0.29772,-0.3156679,2.5192447,-0.36871037,-0.6629701,-0.029264808,0.7142857142857143,0.7142857142857143,0.2857142857142857,mixed_or_unclassified
DBP48,CGATGAC,CGATGAC,0.29942,-0.3488667,2.1204915,-0.8405972,-0.43265486,-0.07280504,0.5714285714285714,0.5714285714285714,0.0,mixed_or_unclassified
DBP48,CGATGCC,CGATGCC,0.30108,-1.021659,1.8622586,-1.1714071,-0.8890268,-0.5239405,0.7142857142857143,0.7142857142857143,0.125,DeepPBS_resolves_sequence_disagreement
DBP48,CGCAACG,CGCAACG,0.30061,-0.29899493,2.5173686,-0.24981415,-0.41855815,-0.024543753,0.7142857142857143,0.7142857142857143,0.25,mixed_or_unclassified
DBP48,CGCACCG,CGCACCG,0.30566,-0.34354213,2.3864877,-0.5805153,-0.236048,-0.47131062,0.5714285714285714,0.5714285714285714,0.2857142857142857,mixed_or_unclassified
DBP48,CGCAGCG,CGCAGCG,0.28017,-0.71267194,2.3202057,-0.67473906,-0.4956757,-0.5162373,0.7142857142857143,0.7142857142857143,0.3333333333333333,mixed_or_unclassified
DBP48,CGCCCAC,CGCCCAC,0.28786,-0.12275141,2.5142345,-0.5515314,-0.2988095,-0.1396562,0.8571428571428572,0.8571428571428572,0.6666666666666666,mixed_or_unclassified
DBP48,CGCCGAC,CGCCGAC,0.4535,-0.7187243,2.0247996,-0.96525425,-0.76075524,-0.727884,0.7142857142857143,0.7142857142857143,0.5,mixed_or_unclassified
DBP48,CGCCGAG,CGCCGAG,0.2807,-0.5041716,2.088711,-0.80434114,-0.4866095,-0.7844953,0.7142857142857143,0.7142857142857143,0.5,mixed_or_unclassified
DBP48,CGCCGCA,CGCCGCA,0.39387,-0.5547343,2.4381878,-0.36401126,-0.47759828,0.23732436,0.7142857142857143,0.7142857142857143,0.6,mixed_or_unclassified
DBP48,CGCCGCC,CGCCGCC,0.36493,-1.1463174,1.9486023,-1.0938324,-1.0428382,-0.60121554,0.7142857142857143,0.7142857142857143,0.75,mixed_or_unclassified
DBP48,CGCCGCG,CGCCGCG,0.31469,-0.65767074,2.4528067,-0.5726927,-0.6965721,-0.5955635,0.8571428571428572,0.8571428571428572,0.75,mixed_or_unclassified
DBP48,CGCCGTC,CGCCGTC,0.4337,-0.022373885,2.8486748,-0.31877336,-0.03414339,0.033366825,0.5714285714285714,0.5714285714285714,0.5,mixed_or_unclassified
DBP48,CGCGACC,CGCGACC,0.33065,0.009287422,2.4717283,-0.5205948,0.13090914,0.8878986,0.7142857142857143,0.7142857142857143,0.14285714285714285,mixed_or_unclassified
DBP48,CGCGCCC,CGCGCCC,0.30688,-0.48647812,2.2424948,-0.918124,-0.74026126,-0.091708384,0.7142857142857143,0.7142857142857143,0.6,mixed_or_unclassified
DBP48,CGCGCCG,CGCGCCG,0.37891,-0.3436241,2.4136398,-0.6034899,-0.42453888,-0.4256599,0.7142857142857143,0.7142857142857143,0.75,mixed_or_unclassified
DBP48,CGCGGCA,CGCGGCA,0.29951,-0.5547343,2.4381878,-0.36401126,-0.47759828,0.23732436,0.8571428571428572,0.8571428571428572,0.6,mixed_or_unclassified
DBP48,CGCGGCC,CGCGGCC,0.36715,-1.1463174,1.9486023,-1.0938324,-1.0428382,-0.60121554,0.8571428571428572,0.8571428571428572,0.75,mixed_or_unclassified
DBP48,CGCGGTC,CGCGGTC,0.28476,-0.022373885,2.8486748,-0.31877336,-0.03414339,0.033366825,0.7142857142857143,0.7142857142857143,0.3333333333333333,mixed_or_unclassified
DBP48,CGCGTCC,CGCGTCC,0.28686,-0.5325584,2.2050862,-0.8190976,-0.7409143,0.09421835,0.7142857142857143,0.7142857142857143,0.14285714285714285,mixed_or_unclassified
DBP48,CGCGTGC,CGCGTGC,0.28185,-0.2932237,2.4386346,-0.8532912,-0.54607314,-0.43301365,0.5714285714285714,0.7142857142857143,0.14285714285714285,mixed_or_unclassified
DBP48,CGCTGAC,CGCTGAC,0.36463,-0.43083405,2.1186368,-0.64173967,-0.37325573,-0.023664027,0.5714285714285714,0.5714285714285714,0.2857142857142857,mixed_or_unclassified
DBP48,CGCTGCC,CGCTGCC,0.34421,-1.2087682,1.7154984,-1.1327779,-0.8414195,-0.4744164,0.7142857142857143,0.7142857142857143,0.5,mixed_or_unclassified
DBP48,CGCTGGC,CGCTGGC,0.30399,-1.0500515,1.8501949,-1.1864326,-0.7205953,-0.64874434,0.5714285714285714,0.7142857142857143,0.5,mixed_or_unclassified
DBP48,CGGCGAC,CGGCGAC,0.41335,-0.12275141,2.5142345,-0.5515314,-0.2988095,-0.1396562,0.5714285714285714,0.5714285714285714,0.5,mixed_or_unclassified
DBP48,CGGCGCA,CGGCGCA,0.27555,0.1537472,2.6343691,-0.16881327,-0.22232878,0.79862124,0.5714285714285714,0.5714285714285714,0.6,mixed_or_unclassified
DBP48,CGGCGCC,CGGCGCC,0.44628,-0.48647812,2.2424948,-0.918124,-0.74026126,-0.091708384,0.5714285714285714,0.5714285714285714,0.75,mixed_or_unclassified
DBP48,CGGCGTC,CGGCGTC,0.44085,-0.23690796,2.6257026,-0.62504935,-0.12368721,-0.10702046,0.7142857142857143,0.7142857142857143,0.5,mixed_or_unclassified
DBP48,CGTGCAG,CGTGCAG,0.28289,-0.49879956,2.3355896,-0.66963,-0.55642,-0.6240184,0.5714285714285714,0.5714285714285714,0.0,both_methods_high
DBP48,CGTTGAC,CGTTGAC,0.29759,-0.37354314,2.1373398,-0.71150446,-0.47938237,-0.17426224,0.5714285714285714,0.5714285714285714,0.1111111111111111,mixed_or_unclassified
DBP48,CTACGTC,CTACGTC,0.34274,0.152401,2.7644165,-0.38124803,-0.1358159,0.12928906,0.5714285714285714,0.5714285714285714,0.0,mixed_or_unclassified
DBP48,CTCCGAC,CTCCGAC,0.27983,-0.64533013,1.9218268,-0.587188,-0.5199649,-0.5133304,0.5714285714285714,0.5714285714285714,0.125,mixed_or_unclassified
DBP48,CTCGTCA,CTCGTCA,0.31771,-0.014183253,2.4666166,-0.25554958,-0.37632713,-0.12619376,0.5714285714285714,0.5714285714285714,0.0,mixed_or_unclassified
DBP48,CTGCGTC,CTGCGTC,0.34616,0.28701177,2.9333572,-0.10966432,-0.094904184,0.06815219,0.5714285714285714,0.5714285714285714,0.125,mixed_or_unclassified
DBP48,CTTCGTC,CTTCGTC,0.33424,0.29546258,2.8618536,-0.18844967,0.113542564,0.06660616,0.5714285714285714,0.5714285714285714,0.1111111111111111,mixed_or_unclassified
DBP48,GACAGGC,GACAGGC,0.27508,-0.02193054,2.358167,-0.32983342,0.010168354,0.35366067,0.5714285714285714,0.5714285714285714,0.125,sequence_only_resolves_DeepPBS_disagreement
DBP48,GACCGAC,GACCGAC,0.28839,0.01764823,2.5818794,-0.2011116,0.06427484,0.22744717,0.5714285714285714,0.5714285714285714,0.14285714285714285,mixed_or_unclassified
DBP48,GACCGCA,GACCGCA,0.27636,-0.33814526,2.460321,-0.38914347,-0.30206692,0.049751867,0.5714285714285714,0.5714285714285714,0.2857142857142857,mixed_or_unclassified
DBP48,GACCGCC,GACCGCC,0.30789,-0.5690701,2.1745303,-0.8507499,-0.5104589,-0.047821295,0.5714285714285714,0.5714285714285714,0.5,mixed_or_unclassified
DBP48,GACCGGC,GACCGGC,0.31321,-0.3928388,2.3567858,-0.8133971,-0.14682205,-0.30957246,0.5714285714285714,0.5714285714285714,0.3333333333333333,mixed_or_unclassified
DBP48,GACCGTC,GACCGTC,0.4331,0.5440718,2.9509022,-0.14015381,0.3306447,0.6125506,0.4285714285714286,0.5714285714285714,0.14285714285714285,sequence_only_resolves_DeepPBS_disagreement
DBP48,GACGACA,GACGACA,0.35342,0.23310347,2.8034747,0.06682384,0.06256694,0.90132546,0.5714285714285714,0.5714285714285714,0.0,mixed_or_unclassified
DBP48,GACGACC,GACGACC,0.39612,-0.1443337,2.4051836,-0.74982375,-0.34641838,0.022639593,0.4285714285714286,0.4285714285714286,0.0,mixed_or_unclassified
DBP48,GACGAGC,GACGAGC,0.28838,-0.3772517,2.3217506,-1.085727,-0.4353585,-0.6390838,0.4285714285714286,0.4285714285714286,0.125,sequence_only_resolves_DeepPBS_disagreement
DBP48,GACGATC,GACGATC,0.30684,0.15786593,2.81581,-0.28771496,0.027867397,-0.058326542,0.4285714285714286,0.4285714285714286,0.0,mixed_or_unclassified
DBP48,GACGCAA,GACGCAA,0.31561,-0.053949,2.617718,-0.3356122,-0.14457563,-0.081840314,0.5714285714285714,0.5714285714285714,0.25,sequence_only_resolves_DeepPBS_disagreement
DBP48,GACGCAC,GACGCAC,0.34712,0.40014637,2.8354511,-0.10092437,0.46301952,0.79903835,0.4285714285714286,0.4285714285714286,0.125,mixed_or_unclassified
DBP48,GACGCCA,GACGCCA,0.33716,-0.18865478,2.489302,-0.6076089,-0.4223986,-0.058094073,0.5714285714285714,0.5714285714285714,0.42857142857142855,sequence_only_resolves_DeepPBS_disagreement
DBP48,GACGCCC,GACGCCC,0.3662,-0.5771443,2.2677572,-1.0095066,-0.397566,-0.21147971,0.5714285714285714,0.5714285714285714,0.42857142857142855,sequence_only_resolves_DeepPBS_disagreement
DBP48,GACGCGA,GACGCGA,0.29884,-0.23728009,2.5516088,-0.82876086,-0.39055276,-0.42635632,0.4285714285714286,0.5714285714285714,0.14285714285714285,sequence_only_resolves_DeepPBS_disagreement
DBP48,GACGCGC,GACGCGC,0.34983,-0.537983,2.3881395,-0.9982721,-0.44112062,-0.6893716,0.5714285714285714,0.5714285714285714,0.16666666666666666,sequence_only_resolves_DeepPBS_disagreement
DBP48,GACGCTC,GACGCTC,0.33065,-0.25315416,2.4977276,-0.60094076,-0.24195106,-0.18457331,0.5714285714285714,0.5714285714285714,0.2857142857142857,sequence_only_resolves_DeepPBS_disagreement
DBP48,GACGGAA,GACGGAA,0.2904,-0.12989618,2.552676,-0.31826353,-0.031533737,0.017793676,0.5714285714285714,0.5714285714285714,0.125,sequence_only_resolves_DeepPBS_disagreement
DBP48,GACGGAC,GACGGAC,0.31868,0.01764823,2.5818794,-0.2011116,0.06427484,0.22744717,0.4285714285714286,0.4285714285714286,0.14285714285714285,sequence_only_resolves_DeepPBS_disagreement
DBP48,GACGGCA,GACGGCA,0.4019,-0.33814526,2.460321,-0.38914347,-0.30206692,0.049751867,0.5714285714285714,0.5714285714285714,0.2857142857142857,sequence_only_resolves_DeepPBS_disagreement
DBP48,GACGGCC,GACGGCC,0.37353,-0.5690701,2.1745303,-0.8507499,-0.5104589,-0.047821295,0.5714285714285714,0.5714285714285714,0.3333333333333333,sequence_only_resolves_DeepPBS_disagreement
DBP48,GACGGGA,GACGGGA,0.31914,-0.1944751,2.6275256,-0.36981452,-0.08133903,0.038002953,0.4285714285714286,0.4285714285714286,0.125,sequence_only_resolves_DeepPBS_disagreement
DBP48,GACGGGC,GACGGGC,0.37383,-0.3928388,2.3567858,-0.8133971,-0.14682205,-0.30957246,0.5714285714285714,0.5714285714285714,0.2857142857142857,sequence_only_resolves_DeepPBS_disagreement
DBP48,GACGTAC,GACGTAC,0.32264,-1.202027e-06,2.5594342,-0.64805746,-0.25227895,0.023063695,0.4285714285714286,0.4285714285714286,0.0,mixed_or_unclassified
DBP48,GACGTCA,GACGTCA,0.43369,0.038886596,2.6838586,-0.274654,-0.3393174,0.4019929,0.4285714285714286,0.4285714285714286,0.0,mixed_or_unclassified
DBP48,GACGTCC,GACGTCC,0.40884,-0.50067323,2.273039,-1.1143855,-0.5738531,-0.31329355,0.4285714285714286,0.4285714285714286,0.0,sequence_only_resolves_DeepPBS_disagreement
DBP48,GACGTGA,GACGTGA,0.30119,0.3112003,2.8620014,-0.0596325,-0.10081178,0.21526526,0.4285714285714286,0.4285714285714286,0.0,sequence_only_resolves_DeepPBS_disagreement
DBP48,GACGTGC,GACGTGC,0.36339,-0.19168313,2.4661634,-0.9210057,-0.36062646,-0.3882775,0.4285714285714286,0.4285714285714286,0.0,sequence_only_resolves_DeepPBS_disagreement
DBP48,GAGGCGC,GAGGCGC,0.28126,-1.2812104,1.646855,-1.3839284,-1.058164,-1.1593376,0.7142857142857143,0.7142857142857143,0.3333333333333333,mixed_or_unclassified
DBP48,GATCGAC,GATCGAC,0.2898,-0.058409292,2.5615466,-0.5197532,-0.20629461,-0.25304344,0.4285714285714286,0.4285714285714286,0.0,mixed_or_unclassified
DBP48,GCACGAC,GCACGAC,0.32723,-0.20096268,2.2097397,-0.68420434,-0.34432444,-0.24662755,0.5714285714285714,0.5714285714285714,0.0,sequence_only_resolves_DeepPBS_disagreement
DBP48,GCCACCC,GCCACCC,0.27996,-0.5617618,1.9640812,-1.0774693,-0.3568412,-0.10035344,0.4285714285714286,0.4285714285714286,0.42857142857142855,common_low_prediction
DBP48,GCCCGAC,GCCCGAC,0.34055,-0.8385771,1.8474382,-1.0439838,-0.59392434,-0.6490753,0.7142857142857143,0.7142857142857143,0.2857142857142857,mixed_or_unclassified
DBP48,GCCCGGC,GCCCGGC,0.32954,-0.9999099,1.5452108,-1.5057821,-0.98356897,-1.0488325,0.5714285714285714,0.5714285714285714,0.4,common_low_prediction
DBP48,GCCGCAC,GCCGCAC,0.31787,0.088839404,2.3717594,-0.41652837,0.027142486,0.04107654,0.5714285714285714,0.5714285714285714,0.5,mixed_or_unclassified
DBP48,GCCGCCC,GCCGCCC,0.32515,-0.652303,2.101332,-1.1485289,-0.7628487,-0.6834958,0.5714285714285714,0.5714285714285714,0.6,common_low_prediction
DBP48,GCCGCGA,GCCGCGA,0.35345,-0.5622117,2.068526,-0.9174902,-0.7824686,-0.9825124,0.5714285714285714,0.7142857142857143,0.6,mixed_or_unclassified
DBP48,GCCGGAC,GCCGGAC,0.28102,-0.8385771,1.8474382,-1.0439838,-0.59392434,-0.6490753,0.5714285714285714,0.5714285714285714,0.3333333333333333,mixed_or_unclassified
DBP48,GCCGGCA,GCCGGCA,0.36353,-0.8338687,2.0472438,-1.1249067,-0.86979836,-0.7198884,0.5714285714285714,0.5714285714285714,0.4,mixed_or_unclassified
DBP48,GCCGGCC,GCCGGCC,0.38387,-1.3251647,1.5527458,-1.6944733,-1.215262,-0.97525865,0.5714285714285714,0.5714285714285714,0.5,common_low_prediction
DBP48,GCCGTCA,GCCGTCA,0.41184,0.18138511,2.7918837,-0.16948843,-0.14299963,0.24173145,0.5714285714285714,0.5714285714285714,0.2857142857142857,mixed_or_unclassified
DBP48,GCCGTCC,GCCGTCC,0.39252,-0.46484685,2.095999,-1.2492472,-0.65746045,-0.709147,0.4285714285714286,0.5714285714285714,0.2857142857142857,mixed_or_unclassified
DBP48,GCCTGCA,GCCTGCA,0.30416,-0.9791584,1.8095145,-1.0582029,-0.81858635,-0.43323573,0.5714285714285714,0.5714285714285714,0.14285714285714285,mixed_or_unclassified
DBP48,GCCTGCC,GCCTGCC,0.31399,-1.4447867,1.2601296,-1.5156689,-0.9865113,-0.5232016,0.4285714285714286,0.5714285714285714,0.14285714285714285,mixed_or_unclassified
DBP48,GCGCCCC,GCGCCCC,0.27994,-0.39202824,1.8458953,-0.90927476,-0.68803734,-0.7045787,0.5714285714285714,0.5714285714285714,0.6,mixed_or_unclassified
DBP48,GCGCCGA,GCGCCGA,0.36076,-0.7045284,1.8874544,-1.0067681,-1.0991826,-1.1432184,0.5714285714285714,0.5714285714285714,0.6,mixed_or_unclassified
DBP48,GCGCCGC,GCGCCGC,0.40419,-0.76737756,1.5880398,-0.8382581,-1.0609576,-1.1742777,0.7142857142857143,0.7142857142857143,0.75,mixed_or_unclassified
DBP48,GCGCGAC,GCGCGAC,0.35659,0.088839404,2.3717594,-0.41652837,0.027142486,0.04107654,0.5714285714285714,0.5714285714285714,0.16666666666666666,mixed_or_unclassified
DBP48,GCGCGCC,GCGCGCC,0.34288,-0.652303,2.101332,-1.1485289,-0.7628487,-0.6834958,0.4285714285714286,0.5714285714285714,0.5,common_low_prediction
DBP48,GCGCTGA,GCGCTGA,0.30832,0.14593738,2.5236251,-0.37933412,-0.39519024,-0.50378937,0.5714285714285714,0.5714285714285714,0.3333333333333333,mixed_or_unclassified
DBP48,GCGGCCA,GCGGCCA,0.28492,-0.20179655,2.386825,-0.76928836,-0.7685595,-0.44201973,0.7142857142857143,0.7142857142857143,0.6,mixed_or_unclassified
DBP48,GCGGCGA,GCGGCGA,0.27768,-0.7045284,1.8874544,-1.0067681,-1.0991826,-1.1432184,0.7142857142857143,0.7142857142857143,0.6,mixed_or_unclassified
DBP48,GCGGGAC,GCGGGAC,0.27691,0.088839404,2.3717594,-0.41652837,0.027142486,0.04107654,0.5714285714285714,0.5714285714285714,0.2857142857142857,mixed_or_unclassified
DBP48,GCGTGCC,GCGTGCC,0.27666,-0.5617618,1.9640812,-1.0774693,-0.3568412,-0.10035344,0.4285714285714286,0.5714285714285714,0.2857142857142857,mixed_or_unclassified
DBP48,GGACGAC,GGACGAC,0.4141,-0.45605186,2.1515598,-0.75738907,-0.5916669,-0.38763165,0.4285714285714286,0.4285714285714286,0.0,mixed_or_unclassified
DBP48,GGACGCC,GGACGCC,0.3597,-0.4595509,1.9573092,-1.1182657,-0.70193624,0.00388969,0.5714285714285714,0.5714285714285714,0.2857142857142857,sequence_only_resolves_DeepPBS_disagreement
DBP48,GGACGTA,GGACGTA,0.29212,0.038886596,2.6838586,-0.274654,-0.3393174,0.40199292,0.4285714285714286,0.4285714285714286,0.0,mixed_or_unclassified
DBP48,GGATGAC,GGATGAC,0.28775,-0.57599014,1.9589001,-0.79542476,-0.2117871,0.28356174,0.4285714285714286,0.4285714285714286,0.0,sequence_only_resolves_DeepPBS_disagreement
DBP48,GGCCGAC,GGCCGAC,0.41203,-1.0389209,1.8140182,-0.9071939,-0.8088717,-0.2054736,0.5714285714285714,0.5714285714285714,0.3333333333333333,mixed_or_unclassified
DBP48,GGCCGCA,GGCCGCA,0.28114,-0.6383006,1.8805901,-0.77293897,-0.3134187,0.42413554,0.7142857142857143,0.7142857142857143,0.6,mixed_or_unclassified
DBP48,GGCCGCC,GGCCGCC,0.37861,-1.1912974,1.3906709,-1.3917898,-1.2585086,-0.24295922,0.7142857142857143,0.7142857142857143,0.75,common_low_prediction
DBP48,GGCGACC,GGCGACC,0.30016,0.07539829,2.0047517,-0.8349111,-0.026771894,0.72800946,0.5714285714285714,0.5714285714285714,0.2857142857142857,mixed_or_unclassified
DBP48,GGCGCAC,GGCGCAC,0.27791,-0.014860471,2.4875515,-0.2881516,0.18989359,0.6555121,0.5714285714285714,0.5714285714285714,0.3333333333333333,mixed_or_unclassified
DBP48,GGCGCCA,GGCGCCA,0.34478,0.33114815,2.420976,-0.32177737,0.13393004,0.9026397,0.5714285714285714,0.5714285714285714,0.6,mixed_or_unclassified
DBP48,GGCGCCC,GGCGCCC,0.31254,-0.38222075,1.9575375,-0.9734486,-0.4734849,0.20217055,0.5714285714285714,0.5714285714285714,0.6,common_low_prediction
DBP48,GGCGCGA,GGCGCGA,0.27767,-0.12488205,2.5270672,-0.7222244,-0.41163397,-0.5111731,0.5714285714285714,0.5714285714285714,0.4,mixed_or_unclassified
DBP48,GGCGGCA,GGCGGCA,0.35291,-0.6383006,1.8805901,-0.77293897,-0.3134187,0.42413554,0.7142857142857143,0.7142857142857143,0.6,mixed_or_unclassified
DBP48,GGCGTGA,GGCGTGA,0.27781,0.18138511,2.7918837,-0.16948843,-0.14299963,0.24173145,0.5714285714285714,0.5714285714285714,0.2857142857142857,sequence_only_resolves_DeepPBS_disagreement
DBP48,GGGTGGA,GGGTGGA,0.27591,-0.24625434,2.5201013,-0.63207406,-0.3185709,-0.11988455,0.4285714285714286,0.4285714285714286,0.25,common_low_prediction
DBP48,GGTCGAC,GGTCGAC,0.39976,-0.48915613,2.1248562,-0.7132037,-0.5185461,-0.12577327,0.4285714285714286,0.4285714285714286,0.0,mixed_or_unclassified
DBP48,GGTGGAC,GGTGGAC,0.29086,-0.48915613,2.1248562,-0.7132037,-0.5185461,-0.12577327,0.5714285714285714,0.5714285714285714,0.1111111111111111,mixed_or_unclassified
DBP48,GTCATGA,GTCATGA,0.3014,-0.0009944836,2.4183571,-0.33199492,-0.11433447,0.069443524,0.4285714285714286,0.4285714285714286,0.0,sequence_only_resolves_DeepPBS_disagreement
DBP48,GTCCCGA,GTCCCGA,0.27784,-0.27689067,2.2602403,-0.49322525,-0.33156306,-0.28952202,0.5714285714285714,0.5714285714285714,0.125,mixed_or_unclassified
DBP48,GTCCGAC,GTCCGAC,0.35249,-0.400704,2.1204827,-0.2450989,0.11562103,0.24116479,0.5714285714285714,0.5714285714285714,0.14285714285714285,mixed_or_unclassified
DBP48,GTCGACA,GTCGACA,0.38752,-0.17749155,2.3545504,-0.287119,-0.10013477,0.2766868,0.5714285714285714,0.5714285714285714,0.0,mixed_or_unclassified
DBP48,GTCGCCA,GTCGCCA,0.32242,-0.019829446,2.4699333,-0.15878908,-0.12378498,0.14407541,0.4285714285714286,0.4285714285714286,0.42857142857142855,mixed_or_unclassified
DBP48,GTCGCGA,GTCGCGA,0.30509,-0.27689067,2.2602403,-0.49322525,-0.33156306,-0.28952202,0.4285714285714286,0.5714285714285714,0.16666666666666666,mixed_or_unclassified
DBP48,GTCGGCA,GTCGGCA,0.34458,-0.7647538,1.9594612,-0.8024821,-0.68764925,-0.37807474,0.5714285714285714,0.5714285714285714,0.2857142857142857,mixed_or_unclassified
DBP48,GTCGTCA,GTCGTCA,0.35654,-0.05275272,2.4337163,-0.33797303,-0.26079166,-0.08244736,0.4285714285714286,0.4285714285714286,0.0,mixed_or_unclassified
DBP48,GTCGTGA,GTCGTGA,0.31678,-0.09592173,2.4027984,-0.24788792,-0.22544299,-0.06331759,0.4285714285714286,0.4285714285714286,0.0,sequence_only_resolves_DeepPBS_disagreement
DBP48,GTCTGCA,GTCTGCA,0.27961,-0.58291763,2.0539098,-0.57213527,-0.3969958,0.2638654,0.4285714285714286,0.4285714285714286,0.0,mixed_or_unclassified
DBP48,TCGCCGA,TCGCCGA,0.33123,-0.32107717,2.0280404,-0.69802314,-0.8278423,-0.7507517,0.5714285714285714,0.5714285714285714,0.6,mixed_or_unclassified
DBP48,TGACGAA,TGACGAA,0.35966,0.32301798,2.7208881,0.23184289,0.32546362,0.7232139,0.5714285714285714,0.5714285714285714,0.0,mixed_or_unclassified
DBP48,TGCCGAA,TGCCGAA,0.36319,-0.60677046,1.9710168,-0.55739117,-0.34239623,0.061085988,0.7142857142857143,0.7142857142857143,0.2857142857142857,mixed_or_unclassified
DBP5,AAACGAC,AAACGAC,0.18,0.3163054,2.2512598,-2.11234,0.5906518,0.5655455,0.4285714285714286,0.4285714285714286,0.0,DeepPBS_not_evaluable
DBP5,AAAGTCA,AAAGTCA,0.22598,-0.16904505,1.6076636,-2.244232,0.4773291,0.63303584,0.4285714285714286,0.5714285714285714,0.0,DeepPBS_not_evaluable
DBP5,AAAGTGA,AAAGTGA,0.2106,0.39158642,2.2360275,-1.6040044,0.7444248,0.5901097,0.5714285714285714,0.5714285714285714,0.125,DeepPBS_not_evaluable
DBP5,AAATGTG,AAATGTG,0.23302,0.5275263,2.3398058,-1.4716206,1.0131946,0.6629283,0.7142857142857143,0.7142857142857143,0.5,DeepPBS_not_evaluable
DBP5,AACAAGT,AACAAGT,0.22634,0.23543446,2.3169138,-1.8802005,0.5956314,0.621045,0.4285714285714286,0.4285714285714286,0.125,DeepPBS_not_evaluable
DBP5,AACGTTC,AACGTTC,0.18981,0.08486817,1.9201263,-1.9725755,0.6714069,0.5489623,0.5714285714285714,0.5714285714285714,0.0,DeepPBS_not_evaluable
DBP5,AATATGC,AATATGC,0.18361,0.22510491,2.3174765,-1.869823,0.6390958,0.64573854,0.7142857142857143,0.7142857142857143,0.3333333333333333,DeepPBS_not_evaluable
DBP5,AATATGG,AATATGG,0.29152,0.3382245,2.3437564,-1.7698194,0.68443894,0.62914044,0.5714285714285714,0.5714285714285714,0.14285714285714285,DeepPBS_not_evaluable
DBP5,AATCATT,AATCATT,0.2481,-0.02211085,1.6138674,-2.1719935,0.448271,0.67479163,0.4285714285714286,0.5714285714285714,0.2857142857142857,DeepPBS_not_evaluable
DBP5,AATGTCC,AATGTCC,0.21378,0.16255225,1.8728126,-2.2433968,0.6674865,0.56081843,0.7142857142857143,0.7142857142857143,0.2857142857142857,DeepPBS_not_evaluable
DBP5,AATGTGA,AATGTGA,0.301,0.42224503,2.2056592,-1.7416087,0.73898625,0.5920096,0.7142857142857143,0.7142857142857143,0.5,DeepPBS_not_evaluable
DBP5,AATGTGC,AATGTGC,0.24403,0.31217048,2.2395325,-1.8725624,0.6951663,0.5221297,0.8571428571428572,0.8571428571428572,0.8,DeepPBS_not_evaluable
DBP5,AATGTGT,AATGTGT,0.1907,0.30746207,2.2127829,-1.7476029,0.65826494,0.573671,0.7142857142857143,0.7142857142857143,0.6,DeepPBS_not_evaluable
DBP5,ACACATC,ACACATC,0.25365,0.31217048,2.2395325,-1.8725624,0.6951663,0.5221297,0.8571428571428572,0.8571428571428572,0.8,DeepPBS_not_evaluable
DBP5,ACACATG,ACACATG,0.24907,0.4988123,2.1923969,-1.8206987,0.7852108,0.50874275,0.7142857142857143,0.7142857142857143,0.75,DeepPBS_not_evaluable
DBP5,ACACCAT,ACACCAT,0.22337,0.34425464,2.337531,-1.5667788,0.7334216,0.5552198,0.4285714285714286,0.5714285714285714,0.5,DeepPBS_not_evaluable
DBP5,ACACGCT,ACACGCT,0.1817,0.44223055,2.1388254,-1.7721014,0.8443844,0.43707958,0.4285714285714286,0.4285714285714286,0.2857142857142857,DeepPBS_not_evaluable
DBP5,ACACGTG,ACACGTG,0.1808,0.4618312,2.35584,-1.8301014,0.891228,0.43943313,0.5714285714285714,0.5714285714285714,0.4,DeepPBS_not_evaluable
DBP5,ACAGGAC,ACAGGAC,0.1872,0.33816266,2.4164295,-1.8501886,0.7577953,0.463426,0.5714285714285714,0.5714285714285714,0.2857142857142857,DeepPBS_not_evaluable
DBP5,ACAGGTA,ACAGGTA,0.18989,0.34664622,2.3243792,-1.8962494,0.7371965,0.51513404,0.5714285714285714,0.5714285714285714,0.2857142857142857,DeepPBS_not_evaluable
DBP5,ACATACG,ACATACG,0.21002,0.39664456,2.1254365,-1.7823845,0.7210612,0.5606268,0.5714285714285714,0.5714285714285714,0.2857142857142857,DeepPBS_not_evaluable
DBP5,ACATATG,ACATATG,0.1946,0.3382245,2.3437564,-1.7698194,0.68443894,0.62914044,0.7142857142857143,0.7142857142857143,0.4,DeepPBS_not_evaluable
DBP5,ACGGGAT,ACGGGAT,0.18889,0.453346,2.3593156,-1.7139627,0.80083346,0.47495076,0.4285714285714286,0.4285714285714286,0.14285714285714285,DeepPBS_not_evaluable
DBP5,ACTATAG,ACTATAG,0.20922,0.060142696,2.0352697,-1.9338065,0.5401375,0.64425063,0.4285714285714286,0.4285714285714286,0.0,DeepPBS_not_evaluable
DBP5,ACTTATC,ACTTATC,0.24927,0.16502453,2.0332327,-2.1348753,0.58659655,0.64672446,0.5714285714285714,0.5714285714285714,0.14285714285714285,DeepPBS_not_evaluable
DBP5,ACTTCTG,ACTTCTG,0.1979,0.30682313,2.1892016,-2.0129144,0.6843719,0.5722702,0.7142857142857143,0.7142857142857143,0.3333333333333333,DeepPBS_not_evaluable
DBP5,AGAAGTA,AGAAGTA,0.22461,0.064831786,2.0764263,-2.2836006,0.57559156,0.68226033,0.5714285714285714,0.5714285714285714,0.14285714285714285,DeepPBS_not_evaluable
DBP5,AGATGTG,AGATGTG,0.24468,0.30893168,2.112561,-2.1326163,0.6964281,0.59361964,0.8571428571428572,0.8571428571428572,0.6666666666666666,DeepPBS_not_evaluable
DBP5,AGCCAGC,AGCCAGC,0.18893,0.2090381,2.025647,-1.9696398,0.7491111,0.3954097,0.4285714285714286,0.5714285714285714,0.16666666666666666,DeepPBS_not_evaluable
DBP5,AGGGTGA,AGGGTGA,0.26901,0.4224241,2.2235873,-1.4964272,0.93162084,0.47514153,0.4285714285714286,0.5714285714285714,0.125,DeepPBS_not_evaluable
DBP5,AGTATGC,AGTATGC,0.19593,0.23863983,2.0832608,-1.899079,0.68064404,0.5767004,0.5714285714285714,0.5714285714285714,0.2857142857142857,DeepPBS_not_evaluable
DBP5,ATAATGG,ATAATGG,0.18461,0.3304751,2.3121202,-1.5958897,0.65913206,0.65069455,0.4285714285714286,0.4285714285714286,0.125,DeepPBS_not_evaluable
DBP5,ATACCAC,ATACCAC,0.18133,0.16238879,2.3240457,-1.8512806,0.5204382,0.6245586,0.4285714285714286,0.4285714285714286,0.125,DeepPBS_not_evaluable
DBP5,ATACTTC,ATACTTC,0.19432,-0.013039385,1.8252636,-2.4883373,0.21774642,0.6472185,0.5714285714285714,0.5714285714285714,0.0,DeepPBS_not_evaluable
DBP5,ATAGATG,ATAGATG,0.25206,0.1323727,1.863863,-2.4152992,0.39427722,0.6295606,0.5714285714285714,0.5714285714285714,0.3333333333333333,DeepPBS_not_evaluable
DBP5,ATAGGAG,ATAGGAG,0.20593,0.07950766,1.9762329,-2.4561217,0.27351704,0.5687197,0.4285714285714286,0.4285714285714286,0.0,DeepPBS_not_evaluable
DBP5,ATAGGAT,ATAGGAT,0.20471,0.1641667,2.1099117,-2.2698946,0.2334582,0.6553586,0.4285714285714286,0.4285714285714286,0.14285714285714285,DeepPBS_not_evaluable
DBP5,ATAGGGG,ATAGGGG,0.25435,0.34454584,2.1493514,-2.0768325,0.6388081,0.44606104,0.4285714285714286,0.4285714285714286,0.0,DeepPBS_not_evaluable
DBP5,ATAGGTC,ATAGGTC,0.21071,0.3163054,2.2512598,-2.11234,0.5906518,0.5655455,0.5714285714285714,0.5714285714285714,0.0,DeepPBS_not_evaluable
DBP5,ATAGTGA,ATAGTGA,0.20458,0.44704047,2.2511249,-1.4809748,0.7554801,0.61513597,0.4285714285714286,0.7142857142857143,0.125,DeepPBS_not_evaluable
DBP5,ATCAATG,ATCAATG,0.19162,0.4059486,2.2972462,-1.7728916,0.6935453,0.67475146,0.4285714285714286,0.4285714285714286,0.25,DeepPBS_not_evaluable
DBP5,ATCATTG,ATCATTG,0.27241,0.45208347,2.3447921,-1.8215265,0.6793203,0.67586714,0.4285714285714286,0.5714285714285714,0.25,DeepPBS_not_evaluable
DBP5,ATTGTGA,ATTGTGA,0.27753,0.30530956,2.0865717,-1.755536,0.6590139,0.610529,0.5714285714285714,0.7142857142857143,0.2857142857142857,DeepPBS_not_evaluable
DBP5,ATTGTGG,ATTGTGG,0.20007,0.2380538,1.9528503,-1.9989351,0.5893161,0.5199563,0.5714285714285714,0.5714285714285714,0.2857142857142857,DeepPBS_not_evaluable
DBP5,CAAGTGA,CAAGTGA,0.18533,0.56819135,2.1446865,-1.9123424,0.8780465,0.53243047,0.5714285714285714,0.5714285714285714,0.125,DeepPBS_not_evaluable
DBP5,CACATCA,CACATCA,0.23595,0.4986697,2.368009,-1.8839779,0.8536015,0.6274482,0.7142857142857143,0.7142857142857143,0.6666666666666666,DeepPBS_not_evaluable
DBP5,CACATGA,CACATGA,0.23823,0.49893427,2.3529587,-1.7644356,0.8343505,0.5730848,0.5714285714285714,0.5714285714285714,0.6,DeepPBS_not_evaluable
DBP5,CACGTGA,CACGTGA,0.24329,0.4496409,2.2925878,-1.943325,0.9419463,0.4709874,0.5714285714285714,0.5714285714285714,0.16666666666666666,DeepPBS_not_evaluable
DBP5,CACTCGA,CACTCGA,0.20191,0.6118254,2.3486958,-1.9105843,0.8140459,0.518179,0.4285714285714286,0.4285714285714286,0.14285714285714285,DeepPBS_not_evaluable
DBP5,CATAAGA,CATAAGA,0.21023,0.23450105,1.7939253,-2.1291199,0.6892805,0.6518677,0.4285714285714286,0.4285714285714286,0.14285714285714285,DeepPBS_not_evaluable
DBP5,CATACGC,CATACGC,0.2424,0.3920544,2.1331873,-2.0266583,0.80322665,0.52240646,0.5714285714285714,0.5714285714285714,0.125,DeepPBS_not_evaluable
DBP5,CATACTC,CATACTC,0.19485,0.6181197,2.3078659,-1.4799643,1.0212237,0.63396,0.4285714285714286,0.5714285714285714,0.125,DeepPBS_not_evaluable
DBP5,CATATAG,CATATAG,0.21353,0.21419539,2.0244188,-1.9626616,0.64775103,0.6917531,0.5714285714285714,0.5714285714285714,0.16666666666666666,DeepPBS_not_evaluable
DBP5,CATATCA,CATATCA,0.22404,0.42383683,2.2843988,-1.8713903,0.8471686,0.7052297,0.7142857142857143,0.7142857142857143,0.2857142857142857,DeepPBS_not_evaluable
DBP5,CATATGA,CATATGA,0.18836,0.28443033,2.0830138,-1.9642882,0.7166099,0.6499571,0.5714285714285714,0.5714285714285714,0.16666666666666666,DeepPBS_not_evaluable
DBP5,CATATGC,CATATGC,0.19224,0.3451698,2.1414049,-1.9254947,0.7517274,0.5772507,0.7142857142857143,0.7142857142857143,0.4,DeepPBS_not_evaluable
DBP5,CATCGAC,CATCGAC,0.2735,0.5653239,2.3579092,-1.4737185,1.0328934,0.5175754,0.5714285714285714,0.5714285714285714,0.2857142857142857,DeepPBS_not_evaluable
DBP5,CATGTGA,CATGTGA,0.21554,0.49730337,2.0444288,-1.91883,0.9058781,0.5381335,0.7142857142857143,0.7142857142857143,0.6,DeepPBS_not_evaluable
DBP5,CATGTGC,CATGTGC,0.21033,0.45444772,2.1452386,-1.8878516,0.88402987,0.47095954,0.8571428571428572,0.8571428571428572,1.0,DeepPBS_not_evaluable
DBP5,CATGTTA,CATGTTA,0.21444,0.33224484,1.8894914,-1.8300009,1.0255303,0.6552021,0.5714285714285714,0.5714285714285714,0.3333333333333333,DeepPBS_not_evaluable
DBP5,CATTACC,CATTACC,0.25612,0.3880744,2.2665746,-1.5958089,0.97746587,0.635403,0.4285714285714286,0.4285714285714286,0.125,DeepPBS_not_evaluable
DBP5,CCATAAA,CCATAAA,0.18377,-0.101787485,1.712841,-2.2151344,0.53918785,0.6506453,0.4285714285714286,0.4285714285714286,0.125,DeepPBS_not_evaluable
DBP5,CCATACG,CCATACG,0.19545,0.358997,1.9370927,-1.9645692,0.76853967,0.50182396,0.4285714285714286,0.4285714285714286,0.125,DeepPBS_not_evaluable
DBP5,CCATATA,CCATATA,0.26835,0.28443033,2.0830138,-1.9642882,0.7166098,0.6499571,0.5714285714285714,0.5714285714285714,0.16666666666666666,DeepPBS_not_evaluable
DBP5,CCATTAC,CCATTAC,0.21931,0.16174652,2.1519983,-1.9497505,0.6932717,0.585632,0.4285714285714286,0.4285714285714286,0.125,DeepPBS_not_evaluable
DBP5,CCCTATA,CCCTATA,0.26533,0.39964744,2.041313,-1.9249955,0.75961727,0.5758628,0.4285714285714286,0.4285714285714286,0.0,DeepPBS_not_evaluable
DBP5,CCTATAC,CCTATAC,0.19521,-0.043073315,1.8114761,-2.2123852,0.6017514,0.58143705,0.5714285714285714,0.5714285714285714,0.0,DeepPBS_not_evaluable
DBP5,CCTATAG,CCTATAG,0.2108,-0.07402594,1.6512293,-2.290166,0.5372773,0.5632259,0.4285714285714286,0.4285714285714286,0.0,DeepPBS_not_evaluable
DBP5,CCTATCA,CCTATCA,0.20326,0.46509257,2.0458996,-1.7686161,0.81681085,0.58140916,0.5714285714285714,0.5714285714285714,0.14285714285714285,DeepPBS_not_evaluable
DBP5,CCTTACC,CCTTACC,0.19591,0.20116858,1.5348339,-2.2754383,0.70738053,0.511653,0.4285714285714286,0.4285714285714286,0.0,DeepPBS_not_evaluable
DBP5,CCTTATA,CCTTATA,0.20314,0.23450105,1.7939253,-2.1291199,0.6892805,0.6518677,0.4285714285714286,0.4285714285714286,0.0,DeepPBS_not_evaluable
DBP5,CTAGTGA,CTAGTGA,0.23782,0.28393814,1.9070498,-2.0870357,0.7095404,0.53726697,0.4285714285714286,0.5714285714285714,0.14285714285714285,DeepPBS_not_evaluable
DBP5,GACATGA,GACATGA,0.19516,0.44176364,2.403506,-1.8230729,0.77312154,0.58222955,0.5714285714285714,0.5714285714285714,0.3333333333333333,DeepPBS_not_evaluable
DBP5,GACCCCC,GACCCCC,0.18955,0.47470412,2.3354661,-1.5579249,0.90647197,0.40261602,0.5714285714285714,0.5714285714285714,0.0,DeepPBS_not_evaluable
DBP5,GACGTCA,GACGTCA,0.18893,0.30160594,2.3015592,-1.9600592,0.90485877,0.5247801,0.5714285714285714,0.5714285714285714,0.0,DeepPBS_not_evaluable
DBP5,GAGGTGA,GAGGTGA,0.19065,0.26697636,2.1694548,-2.1759121,0.57739395,0.48825416,0.7142857142857143,0.7142857142857143,0.125,DeepPBS_not_evaluable
DBP5,GATAGGA,GATAGGA,0.20133,0.37015903,2.0379622,-2.0859022,0.7039525,0.5843059,0.5714285714285714,0.5714285714285714,0.14285714285714285,DeepPBS_not_evaluable
DBP5,GATGTGA,GATGTGA,0.31332,0.38860705,2.183356,-1.93892,0.7821622,0.5483586,0.8571428571428572,0.8571428571428572,0.6666666666666666,DeepPBS_not_evaluable
DBP5,GCAACCC,GCAACCC,0.22869,0.31429985,2.381788,-1.716393,0.838092,0.47044596,0.5714285714285714,0.5714285714285714,0.125,DeepPBS_not_evaluable
DBP5,GCAGATA,GCAGATA,0.21114,0.38860705,2.183356,-1.93892,0.7821622,0.5483586,0.8571428571428572,0.8571428571428572,0.8,DeepPBS_not_evaluable
DBP5,GCATATA,GCATATA,0.23686,0.24167903,2.144902,-2.054153,0.6548452,0.6632254,0.7142857142857143,0.7142857142857143,0.4,DeepPBS_not_evaluable
DBP5,GGAATGA,GGAATGA,0.27065,0.49271083,2.384065,-1.590993,0.8807747,0.5956817,0.4285714285714286,0.5714285714285714,0.125,DeepPBS_not_evaluable
DBP5,GGATAGA,GGATAGA,0.2362,0.32269737,2.0431435,-1.8815814,0.7561631,0.5940557,0.5714285714285714,0.5714285714285714,0.3333333333333333,DeepPBS_not_evaluable
DBP5,GTTATGA,GTTATGA,0.19536,-0.04742441,1.8835052,-2.1240509,0.58862525,0.67259914,0.5714285714285714,0.5714285714285714,0.125,DeepPBS_not_evaluable
DBP5,TATAGGA,TATAGGA,0.22423,0.3430717,1.9981279,-2.2318478,0.638156,0.6569296,0.4285714285714286,0.4285714285714286,0.0,DeepPBS_not_evaluable
DBP6,AAATGTG,AAATGTG,0.22173,0.093398355,2.4397326,-0.29663002,0.19148779,0.30827963,0.7142857142857143,0.7142857142857143,0.5,DeepPBS_not_evaluable
DBP6,AACGCGC,AACGCGC,0.22862500000000002,0.083899476,0.9234262,-1.4527696,0.03613345,0.068017654,0.5714285714285714,0.5714285714285714,0.0,DeepPBS_not_evaluable
DBP6,AACGTGC,AACGTGC,0.23602499999999998,0.12487558,1.771947,-0.94071776,0.18734874,0.35631868,0.7142857142857143,0.7142857142857143,0.3333333333333333,DeepPBS_not_evaluable
DBP6,AACGTTC,AACGTTC,0.17930000000000001,-0.33851826,1.7663313,-0.7677347,0.09070081,0.18178351,0.5714285714285714,0.5714285714285714,0.0,DeepPBS_not_evaluable
DBP6,AAGGTGA,AAGGTGA,0.252455,-0.09497335,2.1696732,-0.47579643,0.098485224,0.4420333,0.5714285714285714,0.5714285714285714,0.125,DeepPBS_not_evaluable
DBP6,AATGTGC,AATGTGC,0.29928,0.19362213,2.4655468,-0.43741205,0.23601888,0.544203,0.8571428571428572,0.8571428571428572,0.8,DeepPBS_not_evaluable
DBP6,ACAAGTG,ACAAGTG,0.20004,0.2963449,2.2325032,-0.49559298,0.15996803,0.5298286,0.5714285714285714,0.5714285714285714,0.2857142857142857,DeepPBS_not_evaluable
DBP6,ACACATC,ACACATC,0.20787499999999998,0.19362213,2.4655468,-0.43741205,0.23601888,0.544203,0.8571428571428572,0.8571428571428572,0.8,DeepPBS_not_evaluable
DBP6,ACACGGT,ACACGGT,0.18172500000000003,0.29128456,2.1572793,-0.2648852,0.07203023,0.4189314,0.4285714285714286,0.4285714285714286,0.2857142857142857,DeepPBS_not_evaluable
DBP6,ACAGGTC,ACAGGTC,0.19501000000000002,0.12487558,1.771947,-0.94071776,0.18734874,0.35631868,0.7142857142857143,0.7142857142857143,0.2857142857142857,DeepPBS_not_evaluable
DBP6,ACAGTTC,ACAGTTC,0.180835,-0.024433434,2.18459,-0.35568857,0.0428078,0.48490533,0.7142857142857143,0.7142857142857143,0.2857142857142857,DeepPBS_not_evaluable
DBP6,ACATGTG,ACATGTG,0.21576499999999998,0.2963449,2.2325032,-0.49559298,0.15996803,0.5298286,0.7142857142857143,0.7142857142857143,0.75,DeepPBS_not_evaluable
DBP6,ACCCGTG,ACCCGTG,0.259205,0.096214555,1.1429659,-1.3008147,0.050958086,0.042182326,0.4285714285714286,0.4285714285714286,0.125,DeepPBS_not_evaluable
DBP6,ACCGGAC,ACCGGAC,0.1792,-0.21785043,0.5300603,-1.6229593,-0.05504803,-0.29650247,0.5714285714285714,0.5714285714285714,0.0,DeepPBS_not_evaluable
DBP6,ACCGGTC,ACCGGTC,0.19795,0.0835127,0.92575234,-1.4018255,0.09031302,0.09810635,0.5714285714285714,0.5714285714285714,0.0,DeepPBS_not_evaluable
DBP6,ACCGGTG,ACCGGTG,0.20817000000000002,0.096214555,1.1429659,-1.3008147,0.050958086,0.042182326,0.4285714285714286,0.4285714285714286,0.16666666666666666,DeepPBS_not_evaluable
DBP6,ACCGTGA,ACCGTGA,0.183925,0.41940543,2.222582,-0.40384856,0.17458957,0.60755306,0.4285714285714286,0.5714285714285714,0.125,DeepPBS_not_evaluable
DBP6,ACCGTGC,ACCGTGC,0.24108,0.07575484,1.173868,-1.2930666,-0.14471634,0.11201444,0.5714285714285714,0.5714285714285714,0.2857142857142857,DeepPBS_not_evaluable
DBP6,ACCGTTC,ACCGTTC,0.237245,0.12487558,1.771947,-0.94071776,0.18734874,0.35631868,0.5714285714285714,0.5714285714285714,0.0,DeepPBS_not_evaluable
DBP6,ACGACCG,ACGACCG,0.17741,-0.057540417,0.65339786,-1.6020929,-0.40119013,-0.19186042,0.4285714285714286,0.5714285714285714,0.0,DeepPBS_not_evaluable
DBP6,ACGGGTG,ACGGGTG,0.19335999999999998,0.09477621,1.0023738,-1.3718619,-0.113884784,0.032227278,0.4285714285714286,0.4285714285714286,0.125,DeepPBS_not_evaluable
DBP6,ACTACCC,ACTACCC,0.186415,-0.20438059,1.1790451,-1.3429847,-0.06513281,0.030792395,0.5714285714285714,0.5714285714285714,0.0,DeepPBS_not_evaluable
DBP6,ACTGTGC,ACTGTGC,0.316855,0.12620397,1.9776758,-0.53013366,-0.031051068,0.46533468,0.7142857142857143,0.7142857142857143,0.8,DeepPBS_not_evaluable
DBP6,AGACGCG,AGACGCG,0.182245,-0.4532973,0.83144253,-1.4645737,-0.5987653,-0.122042574,0.5714285714285714,0.5714285714285714,0.16666666666666666,DeepPBS_not_evaluable
DBP6,AGCGACC,AGCGACC,0.21543,0.002924174,1.0164505,-1.3517534,-0.0125200525,-0.012702267,0.4285714285714286,0.5714285714285714,0.0,DeepPBS_not_evaluable
DBP6,AGCGTCA,AGCGTCA,0.18991,0.04820475,1.914894,-0.5274986,0.14518295,0.5068812,0.5714285714285714,0.5714285714285714,0.0,DeepPBS_not_evaluable
DBP6,AGCGTGC,AGCGTGC,0.303485,-0.06219113,1.13025,-1.4193834,-0.23893054,0.025032839,0.5714285714285714,0.5714285714285714,0.2857142857142857,DeepPBS_not_evaluable
DBP6,AGGCGAC,AGGCGAC,0.22112,-0.054608088,0.8964594,-1.384854,-0.13449652,-0.22411476,0.4285714285714286,0.4285714285714286,0.0,DeepPBS_not_evaluable
DBP6,AGGGTGA,AGGGTGA,0.21039,0.13419728,2.1990154,-0.37230065,0.15984921,0.48318148,0.4285714285714286,0.5714285714285714,0.125,DeepPBS_not_evaluable
DBP6,ATCGTGC,ATCGTGC,0.20106000000000002,-0.16887093,1.6347042,-0.94879436,0.015509973,0.007922013,0.5714285714285714,0.7142857142857143,0.42857142857142855,DeepPBS_not_evaluable
DBP6,ATTGGTG,ATTGGTG,0.18524000000000002,-0.06546136,1.8540207,-0.7624893,0.16624129,0.32836732,0.4285714285714286,0.4285714285714286,0.125,DeepPBS_not_evaluable
DBP6,ATTGTGC,ATTGTGC,0.2214,-0.13265753,2.3153505,-0.30782476,-0.0031370616,0.14023383,0.7142857142857143,0.7142857142857143,0.5,DeepPBS_not_evaluable
DBP6,CAATGTC,CAATGTC,0.20318999999999998,0.35054436,2.190057,-0.1153034,0.17231189,0.4039193,0.4285714285714286,0.5714285714285714,0.2857142857142857,DeepPBS_not_evaluable
DBP6,CACAGCG,CACAGCG,0.19995000000000002,0.23636468,1.2573335,-0.74475956,-0.19969751,0.022551516,0.5714285714285714,0.5714285714285714,0.5,DeepPBS_not_evaluable
DBP6,CACATCG,CACATCG,0.265385,0.1230607,1.4836591,-0.87985873,-0.12059008,0.2700611,0.7142857142857143,0.7142857142857143,0.6666666666666666,DeepPBS_not_evaluable
DBP6,CACATGC,CACATGC,0.250925,0.17151558,1.5312152,-0.9037347,-0.03127721,0.3885974,0.5714285714285714,0.7142857142857143,1.0,DeepPBS_not_evaluable
DBP6,CACATGG,CACATGG,0.238475,0.4018891,1.7723893,-0.74040455,0.05250919,0.48877072,0.5714285714285714,0.5714285714285714,0.6,DeepPBS_not_evaluable
DBP6,CACATTC,CACATTC,0.264,0.35054436,2.190057,-0.1153034,0.17231189,0.4039193,0.5714285714285714,0.7142857142857143,0.5,DeepPBS_not_evaluable
DBP6,CACCCTC,CACCCTC,0.184725,0.2816826,1.0591608,-0.8431464,0.0069968253,0.21440661,0.4285714285714286,0.5714285714285714,0.125,DeepPBS_not_evaluable
DBP6,CACCTTC,CACCTTC,0.189655,0.25839776,1.9383425,-0.5307287,0.13200174,0.32535222,0.5714285714285714,0.5714285714285714,0.125,DeepPBS_not_evaluable
DBP6,CACGAAC,CACGAAC,0.201565,0.1274906,1.5993133,-0.75667715,0.07484969,0.108144544,0.4285714285714286,0.5714285714285714,0.125,DeepPBS_not_evaluable
DBP6,CACGACC,CACGACC,0.28010999999999997,0.3396584,1.6411377,-0.7672964,0.22607183,0.26583174,0.4285714285714286,0.5714285714285714,0.125,DeepPBS_not_evaluable
DBP6,CACGAGC,CACGAGC,0.212155,0.26360473,1.1573826,-1.2668172,0.16496082,0.17463513,0.5714285714285714,0.5714285714285714,0.125,DeepPBS_not_evaluable
DBP6,CACGCCC,CACGCCC,0.20579,0.045893986,0.4512534,-1.4557694,-0.3470613,-0.13179581,0.4285714285714286,0.4285714285714286,0.125,DeepPBS_not_evaluable
DBP6,CACGCGC,CACGCGC,0.20227499999999998,0.28050962,0.465101,-1.6029059,-0.12753536,0.017197013,0.5714285714285714,0.5714285714285714,0.16666666666666666,DeepPBS_not_evaluable
DBP6,CACGCTC,CACGCTC,0.23978500000000003,0.2816826,1.0591608,-0.8431464,0.0069968253,0.21440661,0.4285714285714286,0.5714285714285714,0.125,DeepPBS_not_evaluable
DBP6,CACGGGA,CACGGGA,0.22714499999999999,0.4512318,1.4955059,-0.98457074,0.25912085,0.21094763,0.4285714285714286,0.4285714285714286,0.125,DeepPBS_not_evaluable
DBP6,CACGTAC,CACGTAC,0.21314,0.0589328,1.6021614,-0.78216153,0.12735865,0.23482196,0.5714285714285714,0.5714285714285714,0.16666666666666666,DeepPBS_not_evaluable
DBP6,CACGTCG,CACGTCG,0.18406,0.10873699,1.3386927,-1.0315406,-0.13780797,0.25021628,0.5714285714285714,0.5714285714285714,0.14285714285714285,DeepPBS_not_evaluable
DBP6,CACGTGC,CACGTGC,0.313295,0.19255503,1.2984406,-1.2299416,0.10095614,0.28488412,0.7142857142857143,0.7142857142857143,0.4,DeepPBS_not_evaluable
DBP6,CACGTTA,CACGTTA,0.212585,0.45317563,2.6686714,-0.088226795,0.34026098,0.59333247,0.4285714285714286,0.4285714285714286,0.14285714285714285,DeepPBS_not_evaluable
DBP6,CACGTTC,CACGTTC,0.204725,0.25839776,1.9383425,-0.5307287,0.13200174,0.32535222,0.5714285714285714,0.5714285714285714,0.14285714285714285,DeepPBS_not_evaluable
DBP6,CATGATC,CATGATC,0.20258,0.39223757,2.5489147,-0.16460037,0.33835784,0.46720788,0.5714285714285714,0.7142857142857143,0.3333333333333333,DeepPBS_not_evaluable
DBP6,CATGTGC,CATGTGC,0.352605,0.15473346,1.7186254,-0.8972381,0.23439252,0.5758056,0.8571428571428572,0.8571428571428572,1.0,DeepPBS_not_evaluable
DBP6,CATTCCC,CATTCCC,0.20765499999999998,-0.035895627,1.0424134,-1.1320466,0.07814913,0.16182522,0.4285714285714286,0.4285714285714286,0.125,DeepPBS_not_evaluable
DBP6,CCCGTGA,CCCGTGA,0.21442,0.32309672,1.253859,-1.1864594,0.047693353,0.40117788,0.4285714285714286,0.4285714285714286,0.125,DeepPBS_not_evaluable
DBP6,CCCGTGC,CCCGTGC,0.26692,-0.20740213,0.24293225,-1.931434,-0.6808403,-0.10848037,0.5714285714285714,0.5714285714285714,0.2857142857142857,DeepPBS_not_evaluable
DBP6,CCGGTCG,CCGGTCG,0.220055,-0.04509576,0.33496833,-1.8168391,-0.50097746,-0.12530231,0.5714285714285714,0.5714285714285714,0.0,DeepPBS_not_evaluable
DBP6,CCGGTGA,CCGGTGA,0.178265,0.23683071,1.2610713,-1.1293741,-0.058199435,0.29543075,0.4285714285714286,0.4285714285714286,0.14285714285714285,DeepPBS_not_evaluable
DBP6,CCTGTGC,CCTGTGC,0.28674,-0.07315427,0.6116769,-1.5216684,-0.4894282,0.15674314,0.7142857142857143,0.7142857142857143,0.8,DeepPBS_not_evaluable
DBP6,CGACCGA,CGACCGA,0.18504,0.2311166,1.5352365,-0.97157794,0.14132029,0.3698492,0.4285714285714286,0.4285714285714286,0.0,DeepPBS_not_evaluable
DBP6,CGCGTCA,CGCGTCA,0.18602,0.30979645,1.6811476,-0.5727787,0.07999757,0.48633802,0.4285714285714286,0.5714285714285714,0.0,DeepPBS_not_evaluable
DBP6,CGCGTGA,CGCGTGA,0.195515,0.3829905,1.6431745,-0.9383071,0.29588652,0.5122914,0.4285714285714286,0.4285714285714286,0.14285714285714285,DeepPBS_not_evaluable
DBP6,CGCGTGC,CGCGTGC,0.246415,-0.010906418,0.49230585,-1.8049184,-0.3744308,-0.056294262,0.5714285714285714,0.5714285714285714,0.3333333333333333,DeepPBS_not_evaluable
DBP6,CGGTCGC,CGGTCGC,0.30435999999999996,0.0839448,-0.07578111,-1.9182078,-0.6036501,-0.07941403,0.4285714285714286,0.5714285714285714,0.0,DeepPBS_not_evaluable
DBP6,CTAGTGA,CTAGTGA,0.235505,0.23449464,2.4164178,-0.13808854,0.2049851,0.5986461,0.4285714285714286,0.5714285714285714,0.14285714285714285,DeepPBS_not_evaluable
DBP6,CTCGTGC,CTCGTGC,0.287045,-0.2792436,0.6323213,-1.5788614,-0.29434666,-0.25126645,0.5714285714285714,0.5714285714285714,0.2857142857142857,DeepPBS_not_evaluable
DBP6,CTTGTGA,CTTGTGA,0.23215999999999998,0.18200319,2.3246784,-0.33175325,0.1397985,0.36083236,0.5714285714285714,0.5714285714285714,0.2857142857142857,DeepPBS_not_evaluable
DBP6,CTTGTGC,CTTGTGC,0.21019,-0.30888602,1.1458455,-1.1850289,-0.2535505,-0.1301835,0.7142857142857143,0.7142857142857143,0.5,DeepPBS_not_evaluable
DBP6,GAACGGA,GAACGGA,0.177365,0.21902703,1.9250304,-0.8444746,0.3231856,0.52672726,0.5714285714285714,0.5714285714285714,0.0,DeepPBS_not_evaluable
DBP6,GACCGAC,GACCGAC,0.20406999999999997,0.37628508,1.1684812,-0.82115555,0.1355647,0.06469109,0.5714285714285714,0.5714285714285714,0.0,DeepPBS_not_evaluable
DBP6,GACCGGA,GACCGGA,0.21147500000000002,0.31669188,1.0817387,-1.2375687,0.14755173,0.17757042,0.5714285714285714,0.5714285714285714,0.0,DeepPBS_not_evaluable
DBP6,GACGTGA,GACGTGA,0.22206,0.21902703,1.9250304,-0.8444746,0.3231856,0.52672726,0.7142857142857143,0.7142857142857143,0.14285714285714285,DeepPBS_not_evaluable
DBP6,GACGTGC,GACGTGC,0.23792000000000002,-0.07488898,0.7399406,-1.5583857,-0.0024393697,0.28635445,0.8571428571428572,0.8571428571428572,0.3333333333333333,DeepPBS_not_evaluable
DBP6,GAGGTGA,GAGGTGA,0.206025,-0.38803768,1.2212265,-1.2645799,0.062333256,0.30943194,0.7142857142857143,0.7142857142857143,0.125,DeepPBS_not_evaluable
DBP6,GATGTGC,GATGTGC,0.223885,-0.23581989,0.94975424,-1.4207131,-0.036283642,0.28019366,1.0,1.0,1.0,DeepPBS_not_evaluable
DBP6,GCACAAC,GCACAAC,0.21866000000000002,-0.65023357,0.697809,-1.4487833,-0.42989373,-0.27746567,0.8571428571428572,0.8571428571428572,0.5,DeepPBS_not_evaluable
DBP6,GCACAGC,GCACAGC,0.25052,-0.5496643,0.06952584,-1.9001516,-0.8003624,-0.14915967,0.8571428571428572,0.8571428571428572,0.8,DeepPBS_not_evaluable
DBP6,GCACGAC,GCACGAC,0.217785,-0.3510507,0.5848241,-1.6429983,-0.25462973,-0.23898922,0.7142857142857143,0.7142857142857143,0.2857142857142857,DeepPBS_not_evaluable
DBP6,GCACGGA,GCACGGA,0.20488,-0.0013284286,0.86937404,-1.5006399,-0.2333767,0.280593,0.5714285714285714,0.5714285714285714,0.2857142857142857,DeepPBS_not_evaluable
DBP6,GCACGGC,GCACGGC,0.22385,-0.53425604,-0.24903059,-2.20377,-0.83491945,-0.292927,0.7142857142857143,0.7142857142857143,0.2857142857142857,DeepPBS_not_evaluable
DBP6,GCACTCC,GCACTCC,0.1987,-0.21379994,0.5073035,-1.5835108,-0.4917303,0.18597443,0.7142857142857143,0.7142857142857143,0.2857142857142857,DeepPBS_not_evaluable
DBP6,GCACTGC,GCACTGC,0.191975,-0.3239223,0.21516378,-1.6279985,-0.79988426,0.046293896,0.7142857142857143,0.7142857142857143,0.6,DeepPBS_not_evaluable
DBP6,GCATGAC,GCATGAC,0.20776,-0.1894757,1.100633,-1.2153186,-0.3688328,0.0063879886,0.5714285714285714,0.7142857142857143,0.3333333333333333,DeepPBS_not_evaluable
DBP6,GCTGTGA,GCTGTGA,0.265845,0.21524782,1.5318084,-0.8514006,-0.024869248,0.5782048,0.7142857142857143,0.7142857142857143,0.5,DeepPBS_not_evaluable
DBP6,GGCGTGA,GGCGTGA,0.20841500000000002,0.23592526,1.4027157,-1.1672827,0.16765708,0.40079603,0.5714285714285714,0.5714285714285714,0.125,DeepPBS_not_evaluable
DBP6,GTCGCTA,GTCGCTA,0.18726500000000001,0.106366694,1.317317,-0.9547338,0.07431552,0.098700635,0.4285714285714286,0.5714285714285714,0.0,DeepPBS_not_evaluable
DBP6,GTCGTGA,GTCGTGA,0.186995,-0.27219304,1.2870547,-1.1871973,-0.18638809,-0.097555496,0.5714285714285714,0.5714285714285714,0.125,DeepPBS_not_evaluable
DBP6,GTTGTGA,GTTGTGA,0.183975,-0.18842681,1.8838309,-0.6061894,-0.02465872,0.14460318,0.7142857142857143,0.7142857142857143,0.2857142857142857,DeepPBS_not_evaluable
DBP9,AAAATGC,AAAATGC,0.203925,-0.35008475,1.7330036,-0.5998787,-0.13774721,0.27370486,0.5714285714285714,0.5714285714285714,0.3333333333333333,DeepPBS_not_evaluable
DBP9,AAAATTT,AAAATTT,0.25133,-0.772912,1.7040739,-0.45626464,-0.41797164,-0.13014345,0.5714285714285714,0.5714285714285714,0.0,DeepPBS_not_evaluable
DBP9,AAACATT,AAACATT,0.22503,-0.24241775,2.2487898,-0.109366894,0.042123217,0.31794348,0.5714285714285714,0.5714285714285714,0.2857142857142857,DeepPBS_not_evaluable
DBP9,AAATATT,AAATATT,0.210505,-0.29482257,2.0975115,-0.24874437,-0.01739321,0.1269752,0.5714285714285714,0.5714285714285714,0.0,DeepPBS_not_evaluable
DBP9,AAATGTG,AAATGTG,0.23718999999999998,0.093398355,2.2209039,-0.35072315,0.19148779,0.30802378,0.7142857142857143,0.7142857142857143,0.5,DeepPBS_not_evaluable
DBP9,AAATGTT,AAATGTT,0.23059000000000002,-0.42253384,1.6406142,-0.45993325,-0.17858589,0.13357627,0.5714285714285714,0.5714285714285714,0.2857142857142857,DeepPBS_not_evaluable
DBP9,AACAATC,AACAATC,0.24186,0.31503808,2.1770773,-0.3383391,0.3235019,0.35211945,0.4285714285714286,0.5714285714285714,0.25,DeepPBS_not_evaluable
DBP9,AACAATT,AACAATT,0.358425,-0.026791245,1.7924293,-0.42260364,0.14517331,0.26550722,0.4285714285714286,0.4285714285714286,0.14285714285714285,DeepPBS_not_evaluable
DBP9,AACGAAC,AACGAAC,0.21208499999999997,-0.1465354,1.5704103,-0.85496074,0.071281664,0.2778047,0.4285714285714286,0.4285714285714286,0.0,DeepPBS_not_evaluable
DBP9,AACGCGC,AACGCGC,0.26464,0.083899476,0.8224821,-1.4661013,0.03613345,0.06795496,0.5714285714285714,0.5714285714285714,0.0,DeepPBS_not_evaluable
DBP9,AACGCTC,AACGCTC,0.23827,-0.194242,0.83336884,-1.2010044,-0.047083,0.00093809766,0.4285714285714286,0.4285714285714286,0.0,DeepPBS_not_evaluable
DBP9,AACGTAC,AACGTAC,0.24555000000000002,-0.15300496,1.6738648,-0.70715374,0.20073718,0.31952304,0.5714285714285714,0.5714285714285714,0.0,DeepPBS_not_evaluable
DBP9,AACGTCC,AACGTCC,0.24013,-0.49823546,1.0867653,-1.2854965,-0.036603715,0.031597037,0.5714285714285714,0.5714285714285714,0.0,DeepPBS_not_evaluable
DBP9,AACGTGC,AACGTGC,0.31905,0.12487558,1.5723476,-0.96656734,0.18734874,0.35624957,0.7142857142857143,0.7142857142857143,0.3333333333333333,DeepPBS_not_evaluable
DBP9,AACGTTC,AACGTTC,0.31936,-0.33851826,1.5708976,-0.79528743,0.09070081,0.18156488,0.5714285714285714,0.5714285714285714,0.0,DeepPBS_not_evaluable
DBP9,AAGGTGA,AAGGTGA,0.207065,-0.09497335,1.9186006,-0.49771026,0.098485224,0.44200483,0.5714285714285714,0.5714285714285714,0.125,DeepPBS_not_evaluable
DBP9,AATAATT,AATAATT,0.21633000000000002,0.049366098,2.3601348,-0.15772064,0.2660273,0.16700672,0.4285714285714286,0.4285714285714286,0.0,DeepPBS_not_evaluable
DBP9,AATCAAT,AATCAAT,0.224945,-0.1368826,2.260371,-0.09847621,0.134627,0.16800867,0.4285714285714286,0.4285714285714286,0.16666666666666666,DeepPBS_not_evaluable
DBP9,AATGATC,AATGATC,0.228065,0.12376227,2.379917,-0.5265361,0.25575045,0.29620025,0.5714285714285714,0.5714285714285714,0.2857142857142857,DeepPBS_not_evaluable
DBP9,AATGTGC,AATGTGC,0.361375,0.19362213,2.2253633,-0.47812477,0.23601888,0.54423976,0.8571428571428572,0.8571428571428572,0.8,DeepPBS_not_evaluable
DBP9,AATGTTC,AATGTTC,0.299145,-0.21673222,2.1383343,-0.57568336,0.054527033,0.3590883,0.7142857142857143,0.7142857142857143,0.2857142857142857,DeepPBS_not_evaluable
DBP9,AATTAAT,AATTAAT,0.256925,-0.12903899,2.3068755,-0.0938646,0.16724789,0.073453814,0.2857142857142857,0.2857142857142857,0.0,DeepPBS_not_evaluable
DBP9,AATTGGT,AATTGGT,0.22767500000000002,0.1487391,1.8843751,-0.41779867,0.3196342,0.46523347,0.4285714285714286,0.4285714285714286,0.0,DeepPBS_not_evaluable
DBP9,ACAATCC,ACAATCC,0.227835,-0.33965304,1.3102499,-0.82952386,-0.34150228,0.15573604,0.4285714285714286,0.5714285714285714,0.25,DeepPBS_not_evaluable
DBP9,ACAATTG,ACAATTG,0.31053,0.045780838,1.9486822,-0.37352875,-0.05178299,0.5244973,0.5714285714285714,0.5714285714285714,0.16666666666666666,DeepPBS_not_evaluable
DBP9,ACAGGTC,ACAGGTC,0.20505,0.12487558,1.5723476,-0.96656734,0.18734874,0.35624957,0.7142857142857143,0.7142857142857143,0.2857142857142857,DeepPBS_not_evaluable
DBP9,ACAGTTC,ACAGTTC,0.259125,-0.024433434,1.9559854,-0.38595203,0.0428078,0.4848486,0.7142857142857143,0.7142857142857143,0.2857142857142857,DeepPBS_not_evaluable
DBP9,ACCGATC,ACCGATC,0.20599,0.05984388,1.362937,-1.1870117,0.20738475,0.3224657,0.7142857142857143,0.7142857142857143,0.16666666666666666,DeepPBS_not_evaluable
DBP9,ACCGGAC,ACCGGAC,0.239815,-0.21785043,0.38316274,-1.635533,-0.05504803,-0.2963078,0.5714285714285714,0.5714285714285714,0.0,DeepPBS_not_evaluable
DBP9,ACCGGTC,ACCGGTC,0.254065,0.0835127,0.7997089,-1.4178764,0.09031302,0.09804964,0.5714285714285714,0.5714285714285714,0.0,DeepPBS_not_evaluable
DBP9,ACCGTGC,ACCGTGC,0.27510999999999997,0.07575484,0.97458315,-1.3094658,-0.14471634,0.11205765,0.5714285714285714,0.5714285714285714,0.2857142857142857,DeepPBS_not_evaluable
DBP9,ACCGTTC,ACCGTTC,0.249535,0.12487558,1.5723476,-0.96656734,0.18734874,0.35624957,0.5714285714285714,0.5714285714285714,0.0,DeepPBS_not_evaluable
DBP9,ACGACCG,ACGACCG,0.261145,-0.057540417,0.52635694,-1.6276523,-0.40119013,-0.1918449,0.4285714285714286,0.5714285714285714,0.0,DeepPBS_not_evaluable
DBP9,ACGGTCG,ACGGTCG,0.23118500000000003,-0.07085625,0.9163763,-1.2388366,-0.37399182,-0.0949131,0.4285714285714286,0.5714285714285714,0.0,DeepPBS_not_evaluable
DBP9,ACGGTTC,ACGGTTC,0.22240500000000002,-0.3188766,1.0912119,-1.2021989,-0.032573093,0.098887436,0.5714285714285714,0.5714285714285714,0.0,DeepPBS_not_evaluable
DBP9,ACTGTGC,ACTGTGC,0.314695,0.12620397,1.7403458,-0.56018585,-0.031051068,0.465368,0.7142857142857143,0.7142857142857143,0.8,DeepPBS_not_evaluable
DBP9,ACTGTTC,ACTGTTC,0.22305,0.19362213,2.2253633,-0.47812477,0.23601888,0.54423976,0.5714285714285714,0.5714285714285714,0.2857142857142857,DeepPBS_not_evaluable
DBP9,AGCGTGC,AGCGTGC,0.332235,-0.06219113,0.9331577,-1.4389849,-0.23893054,0.024996677,0.5714285714285714,0.5714285714285714,0.2857142857142857,DeepPBS_not_evaluable
DBP9,AGCGTTC,AGCGTTC,0.26373,-0.49823546,1.0867653,-1.2854965,-0.036603708,0.03159706,0.4285714285714286,0.5714285714285714,0.0,DeepPBS_not_evaluable
DBP9,ATAATTG,ATAATTG,0.21955999999999998,-0.3593241,1.9098212,-0.40345064,0.06411614,0.26624194,0.5714285714285714,0.5714285714285714,0.0,DeepPBS_not_evaluable
DBP9,ATCGCGC,ATCGCGC,0.22202499999999997,0.24108155,1.0853707,-1.2110205,0.024339518,-0.034085166,0.4285714285714286,0.5714285714285714,0.2,DeepPBS_not_evaluable
DBP9,ATCGTGC,ATCGTGC,0.26369,-0.16887093,1.4096228,-0.9768005,0.015509973,0.00802205,0.5714285714285714,0.7142857142857143,0.42857142857142855,DeepPBS_not_evaluable
DBP9,ATTAATC,ATTAATC,0.203895,-0.3028143,2.264071,-0.45366165,0.10361078,-0.0986774,0.4285714285714286,0.4285714285714286,0.2,DeepPBS_not_evaluable
DBP9,ATTACGA,ATTACGA,0.20577499999999999,-0.14417912,2.1227157,-0.3003228,-0.031034619,0.12923086,0.4285714285714286,0.5714285714285714,0.0,DeepPBS_not_evaluable
DBP9,ATTGTGC,ATTGTGC,0.3387,-0.13265753,2.0453455,-0.34755978,-0.0031370616,0.1402117,0.7142857142857143,0.7142857142857143,0.5,DeepPBS_not_evaluable
DBP9,ATTGTTC,ATTGTTC,0.366705,-0.23907691,2.1717734,-0.41628852,0.12385473,0.18529195,0.5714285714285714,0.5714285714285714,0.125,DeepPBS_not_evaluable
DBP9,CAAATTG,CAAATTG,0.27219499999999996,-0.035977405,1.7754372,-0.5572893,-0.05890189,0.3041174,0.5714285714285714,0.5714285714285714,0.0,DeepPBS_not_evaluable
DBP9,CAAGAGC,CAAGAGC,0.202795,0.15473346,1.5147772,-0.9269366,0.23439252,0.5758625,0.5714285714285714,0.5714285714285714,0.14285714285714285,DeepPBS_not_evaluable
DBP9,CAATCGA,CAATCGA,0.209305,-0.027850112,1.7233076,-0.7176406,0.2042609,0.47524002,0.4285714285714286,0.5714285714285714,0.16666666666666666,DeepPBS_not_evaluable
DBP9,CACATCG,CACATCG,0.22653,0.1230607,1.3051325,-0.92142296,-0.12059008,0.26994658,0.7142857142857143,0.7142857142857143,0.6666666666666666,DeepPBS_not_evaluable
DBP9,CACGAAC,CACGAAC,0.259535,0.1274906,1.4450274,-0.7882014,0.07484969,0.10823437,0.4285714285714286,0.5714285714285714,0.125,DeepPBS_not_evaluable
DBP9,CACGACC,CACGACC,0.25818,0.3396584,1.5063156,-0.79212046,0.22607183,0.26591396,0.4285714285714286,0.5714285714285714,0.125,DeepPBS_not_evaluable
DBP9,CACGCGC,CACGCGC,0.202985,0.28050962,0.44638696,-1.6052366,-0.12753536,0.017306408,0.5714285714285714,0.5714285714285714,0.16666666666666666,DeepPBS_not_evaluable
DBP9,CACGCTC,CACGCTC,0.20309,0.2816826,1.0772219,-0.83850765,0.0069968253,0.21426289,0.4285714285714286,0.5714285714285714,0.125,DeepPBS_not_evaluable
DBP9,CACGGGA,CACGGGA,0.21027,0.4512318,1.3117486,-0.9950018,0.25912085,0.21101062,0.4285714285714286,0.4285714285714286,0.125,DeepPBS_not_evaluable
DBP9,CACGTAC,CACGTAC,0.24569,0.0589328,1.4348761,-0.8030264,0.12735865,0.2348636,0.5714285714285714,0.5714285714285714,0.16666666666666666,DeepPBS_not_evaluable
DBP9,CACGTGC,CACGTGC,0.322665,0.19255503,1.1465834,-1.247221,0.10095614,0.28489196,0.7142857142857143,0.7142857142857143,0.4,DeepPBS_not_evaluable
DBP9,CACGTTC,CACGTTC,0.26289,0.25839776,1.7958359,-0.54633325,0.13200174,0.3252182,0.5714285714285714,0.5714285714285714,0.14285714285714285,DeepPBS_not_evaluable
DBP9,CATGATC,CATGATC,0.23002,0.39223757,2.3459961,-0.21013765,0.33835784,0.46728635,0.5714285714285714,0.7142857142857143,0.3333333333333333,DeepPBS_not_evaluable
DBP9,CATGTGC,CATGTGC,0.314015,0.15473346,1.5147772,-0.9269366,0.23439252,0.5758625,0.8571428571428572,0.8571428571428572,1.0,DeepPBS_not_evaluable
DBP9,CATGTTC,CATGTTC,0.2134,0.020480415,2.0602849,-0.45812902,0.1277514,0.49611127,0.7142857142857143,0.7142857142857143,0.3333333333333333,DeepPBS_not_evaluable
DBP9,CCCGTGC,CCCGTGC,0.323835,-0.20740213,0.08683181,-1.9467373,-0.6808403,-0.108281195,0.5714285714285714,0.5714285714285714,0.2857142857142857,DeepPBS_not_evaluable
DBP9,CCGACCG,CCGACCG,0.20732,0.051475406,-0.3696865,-2.1082249,-0.7729415,-0.34022817,0.5714285714285714,0.5714285714285714,0.0,DeepPBS_not_evaluable
DBP9,CCGGTCG,CCGGTCG,0.21031,-0.04509576,0.1757927,-1.8220863,-0.50097746,-0.12510604,0.5714285714285714,0.5714285714285714,0.0,DeepPBS_not_evaluable
DBP9,CCTGTGC,CCTGTGC,0.23739,-0.07315427,0.39712763,-1.5419174,-0.4894282,0.15688525,0.7142857142857143,0.7142857142857143,0.8,DeepPBS_not_evaluable
DBP9,CGACCGA,CGACCGA,0.22257,0.2311166,1.3349394,-0.98422736,0.14132029,0.3700323,0.4285714285714286,0.4285714285714286,0.0,DeepPBS_not_evaluable
DBP9,CGACCGC,CGACCGC,0.236665,-0.2412863,0.051447432,-2.0001652,-0.5599778,-0.31837392,0.4285714285714286,0.5714285714285714,0.0,DeepPBS_not_evaluable
DBP9,CGATCGC,CGATCGC,0.26025,-0.39294064,-0.15189536,-2.048393,-0.8414491,-0.27690196,0.5714285714285714,0.7142857142857143,0.2,DeepPBS_not_evaluable
DBP9,CGCGTGC,CGCGTGC,0.31056,-0.010906418,0.34788665,-1.8146435,-0.3744308,-0.05610464,0.5714285714285714,0.5714285714285714,0.3333333333333333,DeepPBS_not_evaluable
DBP9,CGCGTTC,CGCGTTC,0.23531000000000002,-0.0077495673,1.0978637,-1.1745126,-0.08901077,0.19934005,0.4285714285714286,0.5714285714285714,0.0,DeepPBS_not_evaluable
DBP9,CGGTCGC,CGGTCGC,0.297995,0.0839448,-0.048931044,-1.9418443,-0.6036501,-0.079111,0.4285714285714286,0.5714285714285714,0.0,DeepPBS_not_evaluable
DBP9,CTCGTGC,CTCGTGC,0.31665,-0.2792436,0.45741,-1.595117,-0.29434666,-0.25103816,0.5714285714285714,0.5714285714285714,0.2857142857142857,DeepPBS_not_evaluable
DBP9,CTCGTTC,CTCGTTC,0.213905,0.0589328,1.4348761,-0.8030264,0.12735865,0.23486362,0.4285714285714286,0.4285714285714286,0.0,DeepPBS_not_evaluable
DBP9,CTTGTGC,CTTGTGC,0.25447,-0.30888602,0.91416746,-1.2120641,-0.2535505,-0.13013203,0.7142857142857143,0.7142857142857143,0.5,DeepPBS_not_evaluable
DBP9,GAACAGC,GAACAGC,0.24433,-0.23581989,0.7705803,-1.4588231,-0.036283642,0.2801877,0.7142857142857143,0.7142857142857143,0.2857142857142857,DeepPBS_not_evaluable
DBP9,GAACGAA,GAACGAA,0.27715,-0.07221264,1.8230747,-0.6830022,0.1606919,0.2992396,0.4285714285714286,0.4285714285714286,0.0,DeepPBS_not_evaluable
DBP9,GAACGAC,GAACGAC,0.24567499999999998,-0.046887297,1.3963184,-0.91887444,0.2010987,0.26509562,0.5714285714285714,0.5714285714285714,0.0,DeepPBS_not_evaluable
DBP9,GAACGGA,GAACGGA,0.260775,0.21902703,1.7217642,-0.87086457,0.3231856,0.5267484,0.5714285714285714,0.5714285714285714,0.0,DeepPBS_not_evaluable
DBP9,GAACGGC,GAACGGC,0.25963,-0.07488898,0.6264894,-1.5810146,-0.0024393797,0.2863417,0.7142857142857143,0.7142857142857143,0.0,DeepPBS_not_evaluable
DBP9,GAACGTC,GAACGTC,0.281665,-0.009157817,1.3128122,-0.88379437,0.0060120844,0.33810544,0.7142857142857143,0.7142857142857143,0.0,DeepPBS_not_evaluable
DBP9,GACGAAC,GACGAAC,0.2424,-0.001756072,1.1948787,-1.0519981,-0.0010796486,0.09629955,0.5714285714285714,0.5714285714285714,0.0,DeepPBS_not_evaluable
DBP9,GACGTGC,GACGTGC,0.26055,-0.07488898,0.6264894,-1.5810146,-0.0024393697,0.2863417,0.8571428571428572,0.8571428571428572,0.3333333333333333,DeepPBS_not_evaluable
DBP9,GATGTGC,GATGTGC,0.2711,-0.23581989,0.7705803,-1.4588231,-0.036283642,0.2801877,1.0,1.0,1.0,DeepPBS_not_evaluable
DBP9,GCACAAC,GCACAAC,0.272815,-0.65023357,0.49581322,-1.482236,-0.42989373,-0.27753413,0.8571428571428572,0.8571428571428572,0.5,DeepPBS_not_evaluable
DBP9,GCACAGC,GCACAGC,0.253425,-0.5496643,-0.106277384,-1.9414893,-0.8003624,-0.14918254,0.8571428571428572,0.8571428571428572,0.8,DeepPBS_not_evaluable
DBP9,GCACCAA,GCACCAA,0.22147,-0.26346937,1.1109462,-1.077769,-0.10466542,-0.13215716,0.5714285714285714,0.5714285714285714,0.2857142857142857,DeepPBS_not_evaluable
DBP9,GCACGAA,GCACGAA,0.27763499999999997,-0.27219304,1.0563896,-1.2121772,-0.18638812,-0.09740611,0.5714285714285714,0.5714285714285714,0.2857142857142857,DeepPBS_not_evaluable
DBP9,GCACGAC,GCACGAC,0.204955,-0.3510507,0.45564,-1.6617857,-0.25462973,-0.23881988,0.7142857142857143,0.7142857142857143,0.2857142857142857,DeepPBS_not_evaluable
DBP9,GCACGCC,GCACGCC,0.26105500000000004,-0.24090426,0.031211138,-2.0909483,-0.6192029,-0.26859182,0.7142857142857143,0.7142857142857143,0.2857142857142857,DeepPBS_not_evaluable
DBP9,GCACGGA,GCACGGA,0.27181,-0.0013284286,0.67101043,-1.5163714,-0.2333767,0.28076467,0.5714285714285714,0.5714285714285714,0.2857142857142857,DeepPBS_not_evaluable
DBP9,GCACGGC,GCACGGC,0.27718,-0.53425604,-0.36962852,-2.2323983,-0.83491945,-0.2928038,0.7142857142857143,0.7142857142857143,0.2857142857142857,DeepPBS_not_evaluable
DBP9,GCACGTA,GCACGTA,0.22978500000000002,0.21902703,1.7217642,-0.87086457,0.3231856,0.5267484,0.7142857142857143,0.7142857142857143,0.3333333333333333,DeepPBS_not_evaluable
DBP9,GCCGCGC,GCCGCGC,0.22672,-0.45088807,-0.52879983,-2.3775263,-0.6858694,-0.42167404,0.5714285714285714,0.5714285714285714,0.0,DeepPBS_not_evaluable
