tf_id	binding_site_id	perturbation_type	split_seed	global_spearman	position_spearman	identity_residual_spearman	identity_pairwise_accuracy
Cbf1	Cbf1	canonical_watson_crick	1301	0.9325611325611326	0.8811188811188813	0.9032175032175033	0.8055555555555556
Cbf1	Cbf1	mismatch	1301	0.9585764809902741	0.9230769230769231	0.9198979181737803	0.7954545454545454
Egr1	Egr1	canonical_watson_crick	1301	0.9819819819819822	0.965034965034965	0.9534105534105534	0.8888888888888888
Egr1	Egr1	mismatch	1301	0.9827144120247568	0.9790209790209792	0.9109436540471023	0.8232323232323232
Ets1	Ets1_site_1	canonical_watson_crick	1301	0.9849598930481284	1.0	0.9455213903743317	0.8787878787878788
Ets1	Ets1_site_1	mismatch	1301	0.9892485742197729	0.990909090909091	0.971319147056324	0.8767217630853994
Ets1	Ets1_site_3	canonical_watson_crick	1301	0.8750836242755062	0.5909090909090909	0.6292303857516697	0.75
Ets1	Ets1_site_3	mismatch	1301	0.5800249615201776	0.790909090909091	0.5306311465578719	0.6241234221598878
GR	GR	canonical_watson_crick	1301	0.9670619235836626	0.9178571428571428	0.6447957839262187	0.7333333333333333
GR	GR	mismatch	1301	0.939035155406031	0.9857142857142854	0.8547815261787916	0.803030303030303
Max	Max_site_1	canonical_watson_crick	1301	0.964993564993565	0.8461538461538463	0.8061776061776061	0.8611111111111112
Max	Max_site_1	mismatch	1301	0.9646551013887577	0.9300699300699302	0.8922313318865044	0.8345959595959596
Max	Max_site_2	canonical_watson_crick	1301	0.9480051480051481	0.9160839160839163	0.8398970398970399	0.8611111111111112
Max	Max_site_2	mismatch	1301	0.8401327872888407	0.8741258741258742	0.609392331806125	0.6868686868686869
TBP	TBP_site_1	canonical_watson_crick	1301	0.971078976640712	0.9999999999999999	0.9666295884315905	0.9
TBP	TBP_site_1	mismatch	1301	0.9582332106396276	0.9757575757575757	0.8952357802625182	0.8378787878787879
TBP	TBP_site_2	canonical_watson_crick	1301	0.9234705228031145	0.9515151515151514	0.9110122358175751	0.8333333333333334
TBP	TBP_site_2	mismatch	1301	0.9642197374817695	0.8545454545454544	0.9282033474546842	0.8590909090909091
p53	p53	canonical_watson_crick	1301	0.9253148067737734	0.7088235294117646	0.7206904038211029	0.7916666666666666
p53	p53	mismatch	1301	0.9257197063796091	0.6029411764705882	0.8816466043385269	0.8319128787878788
Cbf1	Cbf1	canonical_watson_crick	1302	0.9341055341055342	0.9020979020979022	0.8651222651222652	0.6666666666666666
Cbf1	Cbf1	mismatch	1302	0.9572863917691504	0.9510489510489512	0.9290330359295875	0.8042929292929293
Egr1	Egr1	canonical_watson_crick	1302	0.9773487773487773	0.9720279720279721	0.862805662805663	0.8611111111111112
Egr1	Egr1	mismatch	1302	0.9839040270074753	0.9930069930069931	0.9086648983200708	0.821969696969697
Ets1	Ets1_site_1	canonical_watson_crick	1302	0.9888851746615411	1.0	0.9592245989304813	0.9090909090909091
Ets1	Ets1_site_1	mismatch	1302	0.9895341161983132	1.0	0.9743465987687802	0.8865836791147994
Ets1	Ets1_site_3	canonical_watson_crick	1302	0.8406887328652625	0.8181818181818182	0.5856104307234663	0.7121212121212122
Ets1	Ets1_site_3	mismatch	1302	0.5558602383105871	0.8181818181818182	0.5522176419943124	0.6309859154929578
GR	GR	canonical_watson_crick	1302	0.9484848484848485	0.9607142857142855	0.5847167325428194	0.6888888888888889
GR	GR	mismatch	1302	0.926901036040207	0.9571428571428571	0.8379435579287426	0.7787878787878788
Max	Max_site_1	canonical_watson_crick	1302	0.9711711711711712	0.9300699300699302	0.8306306306306308	0.8611111111111112
Max	Max_site_1	mismatch	1302	0.9608148895401183	0.9720279720279721	0.8772463572991667	0.7996207332490518
Max	Max_site_2	canonical_watson_crick	1302	0.9508365508365509	0.8111888111888113	0.8375804375804377	0.8888888888888888
Max	Max_site_2	mismatch	1302	0.837310291125991	0.8741258741258742	0.572386810519272	0.6706700379266751
TBP	TBP_site_1	canonical_watson_crick	1302	0.9537263626251389	0.9878787878787878	0.9016685205784205	0.8666666666666667
TBP	TBP_site_1	mismatch	1302	0.9531634141259808	0.9757575757575757	0.8810056253906521	0.8363636363636363
TBP	TBP_site_2	canonical_watson_crick	1302	0.9532814238042269	0.9515151515151514	0.9230255839822022	0.8
TBP	TBP_site_2	mismatch	1302	0.9663657198416556	0.9515151515151514	0.9238419334676018	0.853030303030303
p53	p53	canonical_watson_crick	1302	0.9076204950065131	0.9205882352941176	0.7180851063829788	0.7708333333333334
p53	p53	mismatch	1302	0.9294222516857208	0.9147058823529413	0.8886569866804113	0.8409090909090909
Cbf1	Cbf1	canonical_watson_crick	1303	0.9220077220077222	0.9020979020979022	0.8676962676962677	0.8055555555555556
Cbf1	Cbf1	mismatch	1303	0.9660627823961777	0.9230769230769231	0.9481231412265896	0.8295454545454546
Egr1	Egr1	canonical_watson_crick	1303	0.9812097812097812	0.9580419580419581	0.9122265122265123	0.9444444444444444
Egr1	Egr1	mismatch	1303	0.9765935214211077	0.9860139860139862	0.8714291455670767	0.7765151515151515
Ets1	Ets1_site_1	canonical_watson_crick	1303	0.9897217382261323	0.990909090909091	0.983370940176049	0.9545454545454546
Ets1	Ets1_site_1	mismatch	1303	0.9907537977554258	1.0	0.9748970785471293	0.9024896265560166
Ets1	Ets1_site_3	canonical_watson_crick	1303	0.850564148394805	0.690909090909091	0.7261636191476772	0.8125
Ets1	Ets1_site_3	mismatch	1303	0.6485053243770035	0.8181818181818182	0.6074086925853882	0.6613128491620112
GR	GR	canonical_watson_crick	1303	0.9628458498023715	0.95	0.7011857707509881	0.7111111111111111
GR	GR	mismatch	1303	0.9357613918125045	0.9785714285714284	0.8614669177032213	0.7878787878787878
Max	Max_site_1	canonical_watson_crick	1303	0.9747747747747749	0.9300699300699302	0.885971685971686	0.8888888888888888
Max	Max_site_1	mismatch	1303	0.9691472826162836	0.9790209790209792	0.8990193714331646	0.827020202020202
Max	Max_site_2	canonical_watson_crick	1303	0.9405405405405406	0.9440559440559443	0.6481338481338481	0.7222222222222222
Max	Max_site_2	mismatch	1303	0.8431269316249966	0.9440559440559443	0.5986924269479219	0.6761363636363636
TBP	TBP_site_1	canonical_watson_crick	1303	0.9692992213570634	0.9878787878787878	0.9439377085650723	0.9
TBP	TBP_site_1	mismatch	1303	0.9526286547676922	0.9636363636363635	0.8929231196610874	0.8363636363636363
TBP	TBP_site_2	canonical_watson_crick	1303	0.9724137931034482	0.9636363636363635	0.9394883203559511	0.8666666666666667
TBP	TBP_site_2	mismatch	1303	0.9615042711299394	0.8909090909090909	0.9273699562469615	0.8575757575757575
p53	p53	canonical_watson_crick	1303	0.9236864958749457	0.9323529411764706	0.7675857577073383	0.875
p53	p53	mismatch	1303	0.9120581342464821	0.9470588235294116	0.8567499932181322	0.8106060606060606
Cbf1	Cbf1	canonical_watson_crick	1304	0.9333333333333333	0.9510489510489512	0.8854568854568854	0.7777777777777778
Cbf1	Cbf1	mismatch	1304	0.9574530935075426	0.9580419580419581	0.9297955648621814	0.8040455120101138
Egr1	Egr1	canonical_watson_crick	1304	0.9819819819819822	0.9720279720279721	0.9222651222651224	0.8888888888888888
Egr1	Egr1	mismatch	1304	0.9798127160196126	0.9790209790209792	0.8903745679607749	0.7967171717171717
Ets1	Ets1_site_1	canonical_watson_crick	1304	0.9826203208556151	0.9818181818181818	0.9418449197860963	0.8181818181818182
Ets1	Ets1_site_1	mismatch	1304	0.9921523406043171	1.0	0.9745698263399408	0.912292817679558
Ets1	Ets1_site_3	canonical_watson_crick	1304	0.8973587930490915	0.7454545454545456	0.6243315508021391	0.7878787878787878
Ets1	Ets1_site_3	mismatch	1304	0.5617446665137288	0.7727272727272727	0.5349470046355635	0.6236033519553073
GR	GR	canonical_watson_crick	1304	0.9625823451910408	0.95	0.7046113306982871	0.7333333333333333
GR	GR	mismatch	1304	0.9402635883823575	0.9857142857142854	0.8722409127853741	0.803030303030303
Max	Max_site_1	canonical_watson_crick	1304	0.9740025740025742	0.9300699300699302	0.8563706563706565	0.8333333333333334
Max	Max_site_1	mismatch	1304	0.9606481016340497	0.9930069930069931	0.851942874252219	0.804677623261694
Max	Max_site_2	canonical_watson_crick	1304	0.9320463320463322	0.8671328671328673	0.6275418275418276	0.75
Max	Max_site_2	mismatch	1304	0.8539804736948535	0.9370629370629372	0.626251157969189	0.6830808080808081
TBP	TBP_site_1	canonical_watson_crick	1304	0.957285873192436	0.9878787878787878	0.9043381535038933	0.8666666666666667
TBP	TBP_site_1	mismatch	1304	0.9436921725345369	0.7818181818181817	0.8678519341620943	0.8242424242424242
TBP	TBP_site_2	canonical_watson_crick	1304	0.9337041156840934	0.9515151515151514	0.8491657397107898	0.7666666666666667
TBP	TBP_site_2	mismatch	1304	0.9691731529515839	0.9515151515151514	0.924711654824046	0.8734848484848485
p53	p53	canonical_watson_crick	1304	0.9118245722141047	0.9264705882352942	0.7592270950933564	0.8125
p53	p53	mismatch	1304	0.9244307563452757	0.9529411764705882	0.8864952662561376	0.8428030303030303
Cbf1	Cbf1	canonical_watson_crick	1305	0.9212355212355212	0.8321678321678322	0.9006435006435008	0.7777777777777778
Cbf1	Cbf1	mismatch	1305	0.9566513945824292	0.9720279720279721	0.9268748492886425	0.8005050505050505
Egr1	Egr1	canonical_watson_crick	1305	0.9861003861003862	0.965034965034965	0.9196911196911197	0.8888888888888888
Egr1	Egr1	mismatch	1305	0.9871513543927337	0.9860139860139862	0.9328952656538864	0.8497474747474747
Ets1	Ets1_site_1	canonical_watson_crick	1305	0.9798579223524314	1.0	0.9535427807486632	0.8181818181818182
Ets1	Ets1_site_1	mismatch	1305	0.9907094452048251	1.0	0.9677709700089888	0.8951724137931034
Ets1	Ets1_site_3	canonical_watson_crick	1305	0.8553280431042973	0.6090909090909091	0.7887700534759359	0.8484848484848485
Ets1	Ets1_site_3	mismatch	1305	0.5480733975844436	0.6818181818181819	0.5026187503836196	0.6176470588235294
GR	GR	canonical_watson_crick	1305	0.9469038208168641	0.8642857142857141	0.6171277997364952	0.6888888888888889
GR	GR	mismatch	1305	0.9311213309052748	0.9714285714285713	0.8377707130878526	0.793939393939394
Max	Max_site_1	canonical_watson_crick	1305	0.9691119691119692	0.9300699300699302	0.8254826254826254	0.7777777777777778
Max	Max_site_1	mismatch	1305	0.9700646452568522	0.9930069930069931	0.9060333836044517	0.8352272727272727
Max	Max_site_2	canonical_watson_crick	1305	0.9613899613899614	0.8181818181818183	0.8630630630630631	0.8611111111111112
Max	Max_site_2	mismatch	1305	0.8497016901878276	0.9370629370629372	0.6443292339844064	0.7108585858585859
TBP	TBP_site_1	canonical_watson_crick	1305	0.96440489432703	0.9636363636363635	0.8691879866518354	0.8666666666666667
TBP	TBP_site_1	mismatch	1305	0.9527744982290437	0.9878787878787878	0.8825612889784011	0.796969696969697
TBP	TBP_site_2	canonical_watson_crick	1305	0.9528364849833146	0.9515151515151514	0.8807563959955507	0.8333333333333334
TBP	TBP_site_2	mismatch	1305	0.9593443989165912	0.9999999999999999	0.9258004028057504	0.8575757575757575
p53	p53	canonical_watson_crick	1305	0.8863377313171141	0.8823529411764707	0.7565543082306289	0.8043478260869565
p53	p53	mismatch	1305	0.9220600976254867	0.9235294117647058	0.8831145050592737	0.8409090909090909
Cbf1	Cbf1	canonical_watson_crick	1306	0.9346203346203347	0.8601398601398602	0.8723294723294724	0.7777777777777778
Cbf1	Cbf1	mismatch	1306	0.9611687163411301	0.965034965034965	0.9400329555501971	0.8333333333333334
Egr1	Egr1	canonical_watson_crick	1306	0.9770913770913772	0.9720279720279721	0.9510939510939511	0.9166666666666666
Egr1	Egr1	mismatch	1306	0.9824692548830479	0.9930069930069931	0.9071899365002815	0.827020202020202
Ets1	Ets1_site_1	canonical_watson_crick	1306	0.9771018020485561	0.990909090909091	0.9468582887700535	0.8181818181818182
Ets1	Ets1_site_1	mismatch	1306	0.9888441163549336	1.0	0.9685407592646489	0.896551724137931
Ets1	Ets1_site_3	canonical_watson_crick	1306	0.880434794918888	0.4090909090909091	0.7627005347593584	0.9090909090909091
Ets1	Ets1_site_3	mismatch	1306	0.5153252310952898	0.3090909090909091	0.5089657961767815	0.606638418079096
GR	GR	canonical_watson_crick	1306	0.958893280632411	0.907142857142857	0.6227931488801054	0.7333333333333333
GR	GR	mismatch	1306	0.9382429498852846	0.9857142857142854	0.8465261273496095	0.7848484848484848
Max	Max_site_1	canonical_watson_crick	1306	0.9660231660231662	0.8671328671328673	0.7873873873873873	0.7777777777777778
Max	Max_site_1	mismatch	1306	0.9685525365254232	1.0	0.8753315649867375	0.8143939393939394
Max	Max_site_2	canonical_watson_crick	1306	0.9557886627681647	0.9440559440559443	0.7749533448056987	0.8472222222222222
Max	Max_site_2	mismatch	1306	0.853169934279769	0.965034965034965	0.6367936661040109	0.6957070707070707
TBP	TBP_site_1	canonical_watson_crick	1306	0.9448275862068966	0.9393939393939393	0.8620689655172413	0.8333333333333334
TBP	TBP_site_1	mismatch	1306	0.9637127578304049	0.6363636363636362	0.9025626779637473	0.8242424242424242
TBP	TBP_site_2	canonical_watson_crick	1306	0.9252502780867631	0.9151515151515152	0.8865406006674084	0.8333333333333334
TBP	TBP_site_2	mismatch	1306	0.9500520869504825	0.7333333333333332	0.9167928328356135	0.8363636363636363
p53	p53	canonical_watson_crick	1306	0.912150243232218	0.8647058823529412	0.8266391663048197	0.8541666666666666
p53	p53	mismatch	1306	0.9252406723566734	0.9382352941176471	0.8864918753221388	0.8409090909090909
Cbf1	Cbf1	canonical_watson_crick	1307	0.9616473616473618	0.8671328671328673	0.9305019305019305	0.8333333333333334
Cbf1	Cbf1	mismatch	1307	0.9576320231492647	0.9300699300699302	0.9336588698657665	0.8106060606060606
Egr1	Egr1	canonical_watson_crick	1307	0.9845559845559846	0.9510489510489512	0.9333333333333333	0.9444444444444444
Egr1	Egr1	mismatch	1307	0.9790269442582233	0.9930069930069931	0.8849940569432737	0.7876106194690266
Ets1	Ets1_site_1	canonical_watson_crick	1307	0.9782754010695187	1.0	0.9515374331550803	0.7575757575757576
Ets1	Ets1_site_1	mismatch	1307	0.9892028615499412	0.990909090909091	0.977092684556623	0.9048275862068965
Ets1	Ets1_site_3	canonical_watson_crick	1307	0.8815910451102411	0.5090909090909091	0.6383689839572193	0.6666666666666666
Ets1	Ets1_site_3	mismatch	1307	0.5819212947875992	0.7818181818181819	0.5771949620843244	0.6263966480446927
GR	GR	canonical_watson_crick	1307	0.9631093544137022	0.8857142857142855	0.6741765480895915	0.7555555555555555
GR	GR	mismatch	1307	0.9495437101968167	0.9785714285714284	0.8802576211199934	0.8171717171717172
Max	Max_site_1	canonical_watson_crick	1307	0.9837837837837838	0.9790209790209792	0.9075933075933075	0.9166666666666666
Max	Max_site_1	mismatch	1307	0.9578560383575672	1.0	0.8629852905714974	0.8156565656565656
Max	Max_site_2	canonical_watson_crick	1307	0.9366795366795369	0.8741258741258742	0.6823680823680824	0.7777777777777778
Max	Max_site_2	mismatch	1307	0.8610369828705844	0.9440559440559443	0.6372993274253833	0.6734177215189874
TBP	TBP_site_1	canonical_watson_crick	1307	0.9639599555061179	0.9878787878787878	0.9190211345939931	0.8333333333333334
TBP	TBP_site_1	mismatch	1307	0.9554830196541425	0.9999999999999999	0.8795263559969442	0.8303030303030303
TBP	TBP_site_2	canonical_watson_crick	1307	0.9345939933259176	0.9393939393939393	0.8611790878754171	0.7333333333333333
TBP	TBP_site_2	mismatch	1307	0.9504479477741508	0.9151515151515152	0.9051184110007637	0.8257575757575758
p53	p53	canonical_watson_crick	1307	0.9308510638297873	0.8852941176470588	0.799174989144594	0.8125
p53	p53	mismatch	1307	0.9104443196396005	0.911764705882353	0.8646644331714728	0.8200757575757576
Cbf1	Cbf1	canonical_watson_crick	1308	0.9225225225225225	0.9090909090909092	0.8767052767052769	0.8055555555555556
Cbf1	Cbf1	mismatch	1308	0.9571607559292228	0.9230769230769231	0.9304235993891168	0.8017676767676768
Egr1	Egr1	canonical_watson_crick	1308	0.9804375804375804	0.9860139860139862	0.9356499356499357	0.9166666666666666
Egr1	Egr1	mismatch	1308	0.981347962382445	0.9930069930069931	0.912040832730488	0.8194444444444444
Ets1	Ets1_site_1	canonical_watson_crick	1308	0.9795270360931039	1.0	0.9455213903743317	0.7878787878787878
Ets1	Ets1_site_1	mismatch	1308	0.9904367950082452	1.0	0.975323699530847	0.899171270718232
Ets1	Ets1_site_3	canonical_watson_crick	1308	0.9212440463598635	0.4272727272727273	0.7243252302384426	0.78125
Ets1	Ets1_site_3	mismatch	1308	0.5622714056361156	0.7636363636363637	0.5331156540517122	0.6299157303370787
GR	GR	canonical_watson_crick	1308	0.9312252964426877	0.8678571428571429	0.5264822134387351	0.6666666666666666
GR	GR	mismatch	1308	0.9340617508770848	0.9714285714285713	0.8356471907569163	0.7686868686868686
Max	Max_site_1	canonical_watson_crick	1308	0.9765765765765766	0.8601398601398602	0.8790218790218791	0.8888888888888888
Max	Max_site_1	mismatch	1308	0.9570934812314121	0.9930069930069931	0.8622176673900812	0.8080808080808081
Max	Max_site_2	canonical_watson_crick	1308	0.9467181467181469	0.9090909090909092	0.7474903474903476	0.7777777777777778
Max	Max_site_2	mismatch	1308	0.8428197950740333	0.9580419580419581	0.5977580155919098	0.67739898989899
TBP	TBP_site_1	canonical_watson_crick	1308	0.9385984427141268	0.9636363636363635	0.8958843159065628	0.8
TBP	TBP_site_1	mismatch	1308	0.9600944510035417	0.6363636363636362	0.8916869227029655	0.843939393939394
TBP	TBP_site_2	canonical_watson_crick	1308	0.8972191323692991	0.9515151515151514	0.875417130144605	0.7333333333333333
TBP	TBP_site_2	mismatch	1308	0.9506701854295436	0.8787878787878788	0.9135564969789568	0.8515151515151516
p53	p53	canonical_watson_crick	1308	0.9437689969604862	0.8617647058823529	0.8048198002605298	0.8541666666666666
p53	p53	mismatch	1308	0.9319409587277371	0.9470588235294116	0.8940706128095923	0.8475378787878788
Cbf1	Cbf1	canonical_watson_crick	1309	0.9155727155727155	0.9090909090909092	0.876962676962677	0.75
Cbf1	Cbf1	mismatch	1309	0.9724379069206655	0.9790209790209792	0.9510288562012699	0.8371212121212122
Egr1	Egr1	canonical_watson_crick	1309	0.9804375804375804	0.9860139860139862	0.9153153153153153	0.8611111111111112
Egr1	Egr1	mismatch	1309	0.9821919459850494	0.9930069930069931	0.9167791978136806	0.8207070707070707
Ets1	Ets1_site_1	canonical_watson_crick	1309	0.9782754010695187	0.990909090909091	0.9522058823529411	0.7878787878787878
Ets1	Ets1_site_1	mismatch	1309	0.990036394974167	0.990909090909091	0.9746532447599895	0.8951724137931034
Ets1	Ets1_site_3	canonical_watson_crick	1309	0.8303653569694314	-0.43636363636363645	0.5789253801444313	0.65625
Ets1	Ets1_site_3	mismatch	1309	0.6131898792982817	-0.02727272727272728	0.5686356870994731	0.6288515406162465
GR	GR	canonical_watson_crick	1309	0.9635046113306983	0.95	0.6488801054018445	0.6888888888888889
GR	GR	mismatch	1309	0.9433629347424187	0.9892857142857142	0.8620075012642998	0.7906976744186046
Max	Max_site_1	canonical_watson_crick	1309	0.9763191763191764	0.9160839160839163	0.846846846846847	0.8611111111111112
Max	Max_site_1	mismatch	1309	0.9705720707464817	0.9580419580419581	0.9008279077244593	0.8320707070707071
Max	Max_site_2	canonical_watson_crick	1309	0.9385417356457656	0.7552447552447553	0.834749034749035	0.8333333333333334
Max	Max_site_2	mismatch	1309	0.8314747180465292	0.9510489510489512	0.5404293670420771	0.6460176991150443
TBP	TBP_site_1	canonical_watson_crick	1309	0.9488320355951056	0.9878787878787878	0.9341490545050056	0.8333333333333334
TBP	TBP_site_1	mismatch	1309	0.9454267657476211	0.9030303030303028	0.8841864018334605	0.8151515151515152
TBP	TBP_site_2	canonical_watson_crick	1309	0.9790878754171303	0.9515151515151514	0.9385984427141268	0.8666666666666667
TBP	TBP_site_2	mismatch	1309	0.9504201680672268	0.9272727272727272	0.9203694701020902	0.8409090909090909
p53	p53	canonical_watson_crick	1309	0.9072651779605192	0.8441176470588234	0.8427051671732523	0.8541666666666666
p53	p53	mismatch	1309	0.9317272719181552	0.95	0.8987453962753926	0.8385416666666666
Cbf1	Cbf1	canonical_watson_crick	1310	0.944916344916345	0.8741258741258742	0.9086229086229086	0.8333333333333334
Cbf1	Cbf1	mismatch	1310	0.9588497709187365	0.965034965034965	0.932621975725424	0.8055555555555556
Egr1	Egr1	canonical_watson_crick	1310	0.9796653796653797	0.9790209790209792	0.9477477477477478	0.9166666666666666
Egr1	Egr1	mismatch	1310	0.9800337593441042	0.9930069930069931	0.8934289848082951	0.8005050505050505
Ets1	Ets1_site_1	canonical_watson_crick	1310	0.9857107078787113	1.0	0.964485672290275	0.803030303030303
Ets1	Ets1_site_1	mismatch	1310	0.9895016958030023	1.0	0.9701047468758963	0.8815426997245179
Ets1	Ets1_site_3	canonical_watson_crick	1310	0.9029588766298896	0.17272727272727276	0.8599598930481284	0.8787878787878788
Ets1	Ets1_site_3	mismatch	1310	0.5049843127691113	0.5818181818181819	0.4855997516270454	0.6004213483146067
GR	GR	canonical_watson_crick	1310	0.9650856389986824	0.9678571428571429	0.6537549407114623	0.7555555555555555
GR	GR	mismatch	1310	0.9453295883617807	0.9928571428571428	0.8623167381709312	0.7898989898989899
Max	Max_site_1	canonical_watson_crick	1310	0.9801801801801803	0.9020979020979022	0.884942084942085	0.8611111111111112
Max	Max_site_1	mismatch	1310	0.9613907256161166	0.9720279720279721	0.8557993730407523	0.803030303030303
Max	Max_site_2	canonical_watson_crick	1310	0.9505791505791507	0.8671328671328673	0.6463320463320464	0.7777777777777778
Max	Max_site_2	mismatch	1310	0.8576604456059188	0.9090909090909092	0.6261902441429132	0.6875
TBP	TBP_site_1	canonical_watson_crick	1310	0.9519466073414905	0.9515151515151514	0.8847608453837598	0.8666666666666667
TBP	TBP_site_1	mismatch	1310	0.959872213348149	0.9999999999999999	0.8807556080283353	0.8424242424242424
TBP	TBP_site_2	canonical_watson_crick	1310	0.9341490545050056	0.9393939393939393	0.8829810901001112	0.8333333333333334
TBP	TBP_site_2	mismatch	1310	0.9540731995277448	0.9515151515151514	0.9040350024307241	0.8378787878787879
p53	p53	canonical_watson_crick	1310	0.9195570767495395	0.8382352941176471	0.7740990013026486	0.8125
p53	p53	mismatch	1310	0.9140342994731732	0.8323529411764706	0.8774312996771831	0.8399621212121212
Cbf1	Cbf1	canonical_watson_crick	1311	0.9325611325611326	0.9510489510489512	0.8692406692406692	0.7222222222222222
Cbf1	Cbf1	mismatch	1311	0.958918093400852	0.9230769230769231	0.9330278916485812	0.8194444444444444
Egr1	Egr1	canonical_watson_crick	1311	0.9925353925353926	0.9790209790209792	0.9392535392535393	0.9166666666666666
Egr1	Egr1	mismatch	1311	0.9837111164697372	0.9860139860139862	0.9110481472550438	0.8207070707070707
Ets1	Ets1_site_1	canonical_watson_crick	1311	0.9816996775312902	1.0	0.9746803744233036	0.8939393939393939
Ets1	Ets1_site_1	mismatch	1311	0.9905596015656765	1.0	0.9695176674421992	0.8914246196403873
Ets1	Ets1_site_3	canonical_watson_crick	1311	0.8167683719917471	0.5272727272727273	0.5688502673796791	0.696969696969697
Ets1	Ets1_site_3	mismatch	1311	0.587784390049977	0.8090909090909091	0.5458818342078442	0.6342329545454546
GR	GR	canonical_watson_crick	1311	0.944927536231884	0.8857142857142855	0.49657444005270085	0.6888888888888889
GR	GR	mismatch	1311	0.9358369784238294	0.9785714285714284	0.8508040371616407	0.805050505050505
Max	Max_site_1	canonical_watson_crick	1311	0.9709137709137711	0.8671328671328673	0.846846846846847	0.7777777777777778
Max	Max_site_1	mismatch	1311	0.9606773578066881	0.9720279720279721	0.8530303030303029	0.8042929292929293
Max	Max_site_2	canonical_watson_crick	1311	0.9510939510939511	0.8671328671328673	0.7585585585585587	0.7777777777777778
Max	Max_site_2	mismatch	1311	0.8524564468861778	0.9370629370629372	0.6062816493850977	0.6641414141414141
TBP	TBP_site_1	canonical_watson_crick	1311	0.9555061179087875	0.9636363636363635	0.9288097886540599	0.8333333333333334
TBP	TBP_site_1	mismatch	1311	0.9674195559073473	0.6242424242424242	0.9240657755166638	0.8603945371775418
TBP	TBP_site_2	canonical_watson_crick	1311	0.9345939933259176	0.9757575757575757	0.8723025583982202	0.7666666666666667
TBP	TBP_site_2	mismatch	1311	0.9581845961525105	0.9757575757575757	0.9128550593791235	0.8393939393939394
p53	p53	canonical_watson_crick	1311	0.9255319148936171	0.9147058823529413	0.7883195831524098	0.8958333333333334
p53	p53	mismatch	1311	0.9331657075252929	0.8970588235294116	0.8916218886578675	0.8388625592417062
Cbf1	Cbf1	canonical_watson_crick	1312	0.9431145431145431	0.8671328671328673	0.9127413127413129	0.8333333333333334
Cbf1	Cbf1	mismatch	1312	0.9735632183908047	0.9370629370629372	0.9487018728398039	0.8320707070707071
Egr1	Egr1	canonical_watson_crick	1312	0.978893178893179	0.965034965034965	0.9456885456885458	0.9444444444444444
Egr1	Egr1	mismatch	1312	0.9858893979583635	0.9860139860139862	0.9190137448758139	0.8257575757575758
Ets1	Ets1_site_1	canonical_watson_crick	1312	0.9787732043784374	0.9818181818181818	0.9518716577540106	0.7878787878787878
Ets1	Ets1_site_1	mismatch	1312	0.9889066156032765	0.990909090909091	0.9717926241312378	0.8867403314917127
Ets1	Ets1_site_3	canonical_watson_crick	1312	0.8760448133104989	0.3272727272727273	0.6667780748663102	0.6363636363636364
Ets1	Ets1_site_3	mismatch	1312	0.552619728309142	0.36363636363636365	0.5424570329102624	0.6211267605633802
GR	GR	canonical_watson_crick	1312	0.9525691699604741	0.8499999999999999	0.6044795783926218	0.6444444444444445
GR	GR	mismatch	1312	0.9381235409771299	0.9928571428571428	0.8472339681265881	0.795959595959596
Max	Max_site_1	canonical_watson_crick	1312	0.9662805662805664	0.9230769230769231	0.864092664092664	0.8333333333333334
Max	Max_site_1	mismatch	1312	0.962020737882807	0.9860139860139862	0.8762599469496022	0.8143939393939394
Max	Max_site_2	canonical_watson_crick	1312	0.9323037323037324	0.8461538461538463	0.7189189189189189	0.8611111111111112
Max	Max_site_2	mismatch	1312	0.8732595315095429	0.9090909090909092	0.6547504219918013	0.6868686868686869
TBP	TBP_site_1	canonical_watson_crick	1312	0.9394883203559511	0.9878787878787878	0.8896551724137931	0.8
TBP	TBP_site_1	mismatch	1312	0.9627682477949856	0.9636363636363635	0.9178692964789221	0.8469696969696969
TBP	TBP_site_2	canonical_watson_crick	1312	0.9230255839822022	0.9757575757575757	0.9181312569521689	0.8333333333333334
TBP	TBP_site_2	mismatch	1312	0.9599208278352661	0.9878787878787878	0.9226057365094796	0.8666666666666667
p53	p53	canonical_watson_crick	1312	0.9334563612679114	0.9176470588235294	0.8372774641771601	0.875
p53	p53	mismatch	1312	0.9370705429613653	0.9470588235294116	0.8966205951767355	0.8314393939393939
Cbf1	Cbf1	canonical_watson_crick	1313	0.9371943371943372	0.9020979020979022	0.8723294723294724	0.75
Cbf1	Cbf1	mismatch	1313	0.9595611285266459	0.9370629370629372	0.9344023792299655	0.8244949494949495
Egr1	Egr1	canonical_watson_crick	1313	0.9873873873873874	0.9860139860139862	0.890862290862291	0.8611111111111112
Egr1	Egr1	mismatch	1313	0.9841170323928944	0.9860139860139862	0.911642954746403	0.8207070707070707
Ets1	Ets1_site_1	canonical_watson_crick	1313	0.9783571522417727	0.9727272727272729	0.9585561497326204	0.8484848484848485
Ets1	Ets1_site_1	mismatch	1313	0.9896908023389676	1.0	0.9701295702783195	0.8918732782369146
Ets1	Ets1_site_3	canonical_watson_crick	1313	0.9038622430297829	0.20000000000000004	0.7580213903743316	0.7878787878787878
Ets1	Ets1_site_3	mismatch	1313	0.5423996853073497	0.6727272727272727	0.513059869424802	0.6109550561797753
GR	GR	canonical_watson_crick	1313	0.9324110671936758	0.9357142857142854	0.5188405797101449	0.7333333333333333
GR	GR	mismatch	1313	0.9328770090009203	0.9892857142857142	0.8367171826290936	0.7858585858585858
Max	Max_site_1	canonical_watson_crick	1313	0.9745173745173745	0.8391608391608393	0.8831402831402831	0.8611111111111112
Max	Max_site_1	mismatch	1313	0.9620869746945074	0.9090909090909092	0.8693875090426815	0.8131313131313131
Max	Max_site_2	canonical_watson_crick	1313	0.9534719113636632	0.8461538461538463	0.7474903474903476	0.8333333333333334
Max	Max_site_2	mismatch	1313	0.8301238447951226	0.9510489510489512	0.5841331082710393	0.6641414141414141
TBP	TBP_site_1	canonical_watson_crick	1313	0.9541713014460511	0.9515151515151514	0.9110122358175751	0.8
TBP	TBP_site_1	mismatch	1313	0.9509410375720534	0.7696969696969697	0.8984096117785956	0.8242424242424242
TBP	TBP_site_2	canonical_watson_crick	1313	0.9332591768631814	0.9272727272727272	0.8807563959955507	0.8666666666666667
TBP	TBP_site_2	mismatch	1313	0.9600875060768108	0.9030303030303028	0.9095562191818874	0.8272727272727273
p53	p53	canonical_watson_crick	1313	0.899587494572297	0.961764705882353	0.7422926617455493	0.7708333333333334
p53	p53	mismatch	1313	0.9198902181868007	0.9411764705882352	0.8798829449583595	0.8285984848484849
Cbf1	Cbf1	canonical_watson_crick	1314	0.9178893178893179	0.9020979020979022	0.8965250965250966	0.75
Cbf1	Cbf1	mismatch	1314	0.9592637247809661	0.9580419580419581	0.9300699300699301	0.8068181818181818
Egr1	Egr1	canonical_watson_crick	1314	0.9866151866151867	0.9720279720279721	0.9323037323037324	0.9444444444444444
Egr1	Egr1	mismatch	1314	0.9855116148219597	0.9930069930069931	0.9237601478980789	0.8194444444444444
Ets1	Ets1_site_1	canonical_watson_crick	1314	0.9842065714984283	1.0	0.9613102732652336	0.84375
Ets1	Ets1_site_1	mismatch	1314	0.9909574038426673	1.0	0.9725308698373574	0.8950276243093923
Ets1	Ets1_site_3	canonical_watson_crick	1314	0.8090939485122033	0.7000000000000001	0.5518048128342247	0.6666666666666666
Ets1	Ets1_site_3	mismatch	1314	0.5389224060260415	0.9090909090909091	0.5097594669412062	0.5886871508379888
GR	GR	canonical_watson_crick	1314	0.9490118577075098	0.9642857142857141	0.553227931488801	0.7111111111111111
GR	GR	mismatch	1314	0.9340473471403439	0.982142857142857	0.8436042264678951	0.7878787878787878
Max	Max_site_1	canonical_watson_crick	1314	0.9675675675675675	0.8181818181818183	0.8787644787644789	0.8888888888888888
Max	Max_site_1	mismatch	1314	0.9592506221878306	0.9720279720279721	0.8557993730407523	0.7891414141414141
Max	Max_site_2	canonical_watson_crick	1314	0.9466503655615204	0.8811188811188813	0.7317889317889319	0.8611111111111112
Max	Max_site_2	mismatch	1314	0.8631911678415546	0.9160839160839163	0.6322924202234547	0.6792929292929293
TBP	TBP_site_1	canonical_watson_crick	1314	0.957730812013348	0.9878787878787878	0.9305895439377085	0.9
TBP	TBP_site_1	mismatch	1314	0.9607333842627959	0.9878787878787878	0.9000347246336549	0.8333333333333334
TBP	TBP_site_2	canonical_watson_crick	1314	0.9390433815350391	0.9515151515151514	0.8780867630700778	0.7666666666666667
TBP	TBP_site_2	mismatch	1314	0.9573859295784428	0.9515151515151514	0.9158135981665393	0.8590909090909091
p53	p53	canonical_watson_crick	1314	0.8991532783326095	0.8911764705882352	0.6919235779418151	0.7916666666666666
p53	p53	mismatch	1314	0.9288876945238767	0.9352941176470588	0.881751723337048	0.8293838862559242
Cbf1	Cbf1	canonical_watson_crick	1315	0.9374517374517374	0.9230769230769231	0.8949806949806951	0.7777777777777778
Cbf1	Cbf1	mismatch	1315	0.9562444299542945	0.9440559440559443	0.9311108431798087	0.8080808080808081
Egr1	Egr1	canonical_watson_crick	1315	0.9917631917631918	0.9860139860139862	0.9567567567567569	0.9166666666666666
Egr1	Egr1	mismatch	1315	0.9818915098183456	0.9930069930069931	0.91067036411864	0.8282828282828283
Ets1	Ets1_site_1	canonical_watson_crick	1315	0.983869623160425	0.990909090909091	0.9415106951871658	0.8181818181818182
Ets1	Ets1_site_1	mismatch	1315	0.990800807219796	0.990909090909091	0.9736905611358037	0.8962655601659751
Ets1	Ets1_site_3	canonical_watson_crick	1315	0.858373072731332	0.7181818181818183	0.7049385835592412	0.7727272727272727
Ets1	Ets1_site_3	mismatch	1315	0.5713422297519144	0.8636363636363636	0.5492893623228567	0.628022759601707
GR	GR	canonical_watson_crick	1315	0.9578392621870881	0.7642857142857141	0.684189723320158	0.7333333333333333
GR	GR	mismatch	1315	0.944278115579699	0.982142857142857	0.8540613393417492	0.7909090909090909
Max	Max_site_1	canonical_watson_crick	1315	0.9680823680823682	0.9720279720279721	0.8803088803088804	0.8611111111111112
Max	Max_site_1	mismatch	1315	0.9683585256831105	0.9930069930069931	0.8797725263242505	0.8181818181818182
Max	Max_site_2	canonical_watson_crick	1315	0.9624815001589463	0.8321678321678322	0.81003861003861	0.8611111111111112
Max	Max_site_2	mismatch	1315	0.8698603504390567	0.9090909090909092	0.6541261294574975	0.6890012642225032
TBP	TBP_site_1	canonical_watson_crick	1315	0.9546162402669631	0.9515151515151514	0.9190211345939931	0.8666666666666667
TBP	TBP_site_1	mismatch	1315	0.9647892214737134	0.6606060606060605	0.9117647058823528	0.8424242424242424
TBP	TBP_site_2	canonical_watson_crick	1315	0.9452725250278088	0.9757575757575757	0.922135706340378	0.8666666666666667
TBP	TBP_site_2	mismatch	1315	0.9603722480727828	0.9515151515151514	0.919674977428988	0.85
p53	p53	canonical_watson_crick	1315	0.894811115935736	0.8441176470588234	0.7437038645245331	0.7916666666666666
p53	p53	mismatch	1315	0.9285690670261063	0.9323529411764706	0.8951082386132437	0.8598484848484849
Cbf1	Cbf1	canonical_watson_crick	1316	0.9302445302445304	0.7482517482517484	0.8743886743886745	0.8333333333333334
Cbf1	Cbf1	mismatch	1316	0.9579404368026264	0.9370629370629372	0.930049835222249	0.8106060606060606
Egr1	Egr1	canonical_watson_crick	1316	0.980952380952381	0.9860139860139862	0.856885456885457	0.8333333333333334
Egr1	Egr1	mismatch	1316	0.9840245960935617	0.9860139860139862	0.9117313720761997	0.827020202020202
Ets1	Ets1_site_1	canonical_watson_crick	1316	0.9770201421259658	0.9818181818181818	0.9669117647058825	0.9090909090909091
Ets1	Ets1_site_1	mismatch	1316	0.9890124081683351	0.990909090909091	0.9730984113161139	0.8915745856353591
Ets1	Ets1_site_3	canonical_watson_crick	1316	0.8512203276496155	0.8545454545454546	0.5709033194495893	0.6818181818181818
Ets1	Ets1_site_3	mismatch	1316	0.5460678916792958	0.9454545454545454	0.5009477121203141	0.6235955056179775
GR	GR	canonical_watson_crick	1316	0.9480895915678524	0.932142857142857	0.5889328063241106	0.6888888888888889
GR	GR	mismatch	1316	0.9263372326306367	0.9892857142857142	0.8145333703715134	0.7666666666666667
Max	Max_site_1	canonical_watson_crick	1316	0.9734877734877735	0.9160839160839163	0.8337194337194338	0.8611111111111112
Max	Max_site_1	mismatch	1316	0.9647505166908155	0.9860139860139862	0.857291272095996	0.8192161820480405
Max	Max_site_2	canonical_watson_crick	1316	0.9319776066663452	0.9090909090909092	0.7240669240669242	0.7777777777777778
Max	Max_site_2	mismatch	1316	0.8426543846217224	0.9090909090909092	0.557612488558766	0.6422250316055625
TBP	TBP_site_1	canonical_watson_crick	1316	0.9483870967741934	0.9393939393939393	0.9154616240266963	0.8333333333333334
TBP	TBP_site_1	mismatch	1316	0.9572539759705533	0.6606060606060605	0.8974303771095213	0.8287878787878787
TBP	TBP_site_2	canonical_watson_crick	1316	0.9523915461624026	0.9757575757575757	0.9243604004449388	0.8666666666666667
TBP	TBP_site_2	mismatch	1316	0.9498715188554758	0.9515151515151514	0.9139384679491631	0.8393939393939394
p53	p53	canonical_watson_crick	1316	0.8808076422058184	0.9235294117647058	0.6429656969170647	0.6666666666666666
p53	p53	mismatch	1316	0.9200577477042406	0.961764705882353	0.8720075007460056	0.8285984848484849
Cbf1	Cbf1	canonical_watson_crick	1317	0.9132561132561132	0.8741258741258742	0.8401544401544403	0.6944444444444444
Cbf1	Cbf1	mismatch	1317	0.9595611285266459	0.9300699300699302	0.9329836829836831	0.8106060606060606
Egr1	Egr1	canonical_watson_crick	1317	0.9709137709137711	0.965034965034965	0.9297297297297298	0.8888888888888888
Egr1	Egr1	mismatch	1317	0.9837392492564907	0.9860139860139862	0.9172413793103448	0.8232323232323232
Ets1	Ets1_site_1	canonical_watson_crick	1317	0.983288770053476	1.0	0.9515374331550803	0.8181818181818182
Ets1	Ets1_site_1	mismatch	1317	0.9903559543871909	1.0	0.971546083529698	0.892807745504841
Ets1	Ets1_site_3	canonical_watson_crick	1317	0.8316757237571687	0.5090909090909091	0.6620989304812834	0.696969696969697
Ets1	Ets1_site_3	mismatch	1317	0.6290608304681664	0.4000000000000001	0.6110599451579728	0.6448663853727145
GR	GR	canonical_watson_crick	1317	0.9463768115942027	0.9642857142857141	0.48998682476943345	0.7333333333333333
GR	GR	mismatch	1317	0.9300019547928434	0.9785714285714284	0.8397337366379619	0.7888888888888889
Max	Max_site_1	canonical_watson_crick	1317	0.9701415701415703	0.9580419580419581	0.8954954954954955	0.7777777777777778
Max	Max_site_1	mismatch	1317	0.9653724888944997	0.9930069930069931	0.8726428743670123	0.803030303030303
Max	Max_site_2	canonical_watson_crick	1317	0.9523809523809524	0.9300699300699302	0.8303732303732304	0.8611111111111112
Max	Max_site_2	mismatch	1317	0.8482832902649161	0.8181818181818183	0.5985531709669641	0.6881313131313131
TBP	TBP_site_1	canonical_watson_crick	1317	0.935483870967742	0.9515151515151514	0.9448275862068966	0.8666666666666667
TBP	TBP_site_1	mismatch	1317	0.9561844572539759	0.9878787878787878	0.9004791999444404	0.8242424242424242
TBP	TBP_site_2	canonical_watson_crick	1317	0.8994438264738599	0.9757575757575757	0.8723025583982202	0.8
TBP	TBP_site_2	mismatch	1317	0.9637630456349091	0.9878787878787878	0.9251197999861102	0.8515151515151516
p53	p53	canonical_watson_crick	1317	0.8987977314895744	0.9205882352941176	0.7041901867129831	0.7916666666666666
p53	p53	mismatch	1317	0.9100639530152187	0.9264705882352942	0.8637878767327674	0.8295454545454546
Cbf1	Cbf1	canonical_watson_crick	1318	0.9423423423423424	0.9370629370629372	0.9063063063063064	0.8055555555555556
Cbf1	Cbf1	mismatch	1318	0.9608230849610161	0.9370629370629372	0.9295836347560485	0.8106060606060606
Egr1	Egr1	canonical_watson_crick	1318	0.9778635778635779	0.965034965034965	0.8942084942084944	0.8888888888888888
Egr1	Egr1	mismatch	1318	0.983497089761257	0.9860139860139862	0.917317739731533	0.8194444444444444
Ets1	Ets1_site_1	canonical_watson_crick	1318	0.9753488794812071	0.990909090909091	0.964572192513369	0.8787878787878788
Ets1	Ets1_site_1	mismatch	1318	0.9881304592977574	0.990909090909091	0.970730841929371	0.8951724137931034
Ets1	Ets1_site_3	canonical_watson_crick	1318	0.9101245747049165	0.0	0.7242647058823529	0.8484848484848485
Ets1	Ets1_site_3	mismatch	1318	0.6238079627933999	0.21818181818181823	0.5694278483964753	0.6524475524475525
GR	GR	canonical_watson_crick	1318	0.9642951251646903	0.8678571428571429	0.6235836627140975	0.8
GR	GR	mismatch	1318	0.9544265769519634	0.9785714285714284	0.8748521044888216	0.793939393939394
Max	Max_site_1	canonical_watson_crick	1318	0.9737451737451738	0.8881118881118882	0.8622908622908624	0.8888888888888888
Max	Max_site_1	mismatch	1318	0.9560946790745902	0.9860139860139862	0.8528945150057708	0.8141592920353983
Max	Max_site_2	canonical_watson_crick	1318	0.942857142857143	0.7902097902097903	0.7250965250965251	0.7777777777777778
Max	Max_site_2	mismatch	1318	0.8543597039764441	0.8741258741258742	0.6442488545936822	0.696969696969697
TBP	TBP_site_1	canonical_watson_crick	1318	0.9337041156840934	0.9515151515151514	0.9052280311457174	0.8333333333333334
TBP	TBP_site_1	mismatch	1318	0.950998248140624	0.9999999999999999	0.8846725467046321	0.8075757575757576
TBP	TBP_site_2	canonical_watson_crick	1318	0.9550611790878754	0.9515151515151514	0.9261401557285873	0.8666666666666667
TBP	TBP_site_2	mismatch	1318	0.959566636571984	0.9515151515151514	0.9092923119661087	0.8333333333333334
p53	p53	canonical_watson_crick	1318	0.904363873208858	0.9382352941176471	0.7358879722101606	0.8125
p53	p53	mismatch	1318	0.9431509433162516	0.9235294117647058	0.9019973033586756	0.852132701421801
Cbf1	Cbf1	canonical_watson_crick	1319	0.9490347490347492	0.7902097902097903	0.9101673101673103	0.8055555555555556
Cbf1	Cbf1	mismatch	1319	0.9511775580741099	0.9300699300699302	0.921437183506149	0.7954545454545454
Egr1	Egr1	canonical_watson_crick	1319	0.9886743886743887	0.9860139860139862	0.9194337194337194	0.8888888888888888
Egr1	Egr1	mismatch	1319	0.9812394502049675	1.0	0.9075998713929748	0.8017676767676768
Ets1	Ets1_site_1	canonical_watson_crick	1319	0.9731762380430206	1.0	0.9481951871657754	0.7878787878787878
Ets1	Ets1_site_1	mismatch	1319	0.9895211533678694	1.0	0.9716700060526371	0.8729281767955801
Ets1	Ets1_site_3	canonical_watson_crick	1319	0.8780122448769517	0.28181818181818186	0.6994818750552869	0.7878787878787878
Ets1	Ets1_site_3	mismatch	1319	0.6174870664131534	0.5090909090909091	0.5466782854731425	0.6265734265734266
GR	GR	canonical_watson_crick	1319	0.9499341238471674	0.9428571428571427	0.5658761528326745	0.7111111111111111
GR	GR	mismatch	1319	0.9399775713242179	0.982142857142857	0.8528884636357089	0.7797979797979798
Max	Max_site_1	canonical_watson_crick	1319	0.9670527670527671	0.8741258741258742	0.8602316602316603	0.8611111111111112
Max	Max_site_1	mismatch	1319	0.9697803329523552	0.9930069930069931	0.89100554617796	0.8295454545454546
Max	Max_site_2	canonical_watson_crick	1319	0.9613899613899614	0.8671328671328673	0.9001287001287003	0.8611111111111112
Max	Max_site_2	mismatch	1319	0.8599333250274296	0.9160839160839163	0.6194960212201592	0.7070707070707071
TBP	TBP_site_1	canonical_watson_crick	1319	0.9866518353726361	0.9999999999999999	0.9706340378197997	0.9666666666666667
TBP	TBP_site_1	mismatch	1319	0.9504548927008818	0.9878787878787878	0.887638030418779	0.8242424242424242
TBP	TBP_site_2	canonical_watson_crick	1319	0.9399332591768631	0.9757575757575757	0.8887652947719689	0.8
TBP	TBP_site_2	mismatch	1319	0.9671157719286061	0.9878787878787878	0.9287033821793178	0.8681818181818182
p53	p53	canonical_watson_crick	1319	0.9212983065566653	0.95	0.7181936604429006	0.6875
p53	p53	mismatch	1319	0.9203645939963366	0.9058823529411765	0.8801198356583932	0.8366477272727273
Cbf1	Cbf1	canonical_watson_crick	1320	0.9307593307593309	0.8951048951048951	0.858944658944659	0.75
Cbf1	Cbf1	mismatch	1320	0.9635077566112049	0.9160839160839163	0.9382163813198297	0.8131313131313131
Egr1	Egr1	canonical_watson_crick	1320	0.9804375804375804	0.9720279720279721	0.9014157014157014	0.8611111111111112
Egr1	Egr1	mismatch	1320	0.9852986094365406	0.9790209790209792	0.920902660557833	0.8446969696969697
Ets1	Ets1_site_1	canonical_watson_crick	1320	0.9749331550802139	0.990909090909091	0.9431818181818182	0.7878787878787878
Ets1	Ets1_site_1	mismatch	1320	0.9889039920060737	1.0	0.9677590617381888	0.8845089903181189
Ets1	Ets1_site_3	canonical_watson_crick	1320	0.8979267806495465	0.6090909090909091	0.6270577443134833	0.8125
Ets1	Ets1_site_3	mismatch	1320	0.5940209208044755	0.9363636363636365	0.5966023382098198	0.6480959097320169
GR	GR	canonical_watson_crick	1320	0.955862977602108	0.9428571428571427	0.7076416337285901	0.7555555555555555
GR	GR	mismatch	1320	0.9418726915439775	0.9857142857142854	0.8534543247219564	0.7909090909090909
Max	Max_site_1	canonical_watson_crick	1320	0.9670527670527671	0.9300699300699302	0.884942084942085	0.8611111111111112
Max	Max_site_1	mismatch	1320	0.9653895347771172	1.0	0.8900490314283418	0.8207070707070707
Max	Max_site_2	canonical_watson_crick	1320	0.9433719433719434	0.7902097902097903	0.8344916344916345	0.8333333333333334
Max	Max_site_2	mismatch	1320	0.8381052377746742	0.9230769230769231	0.5695729539157223	0.6458333333333334
TBP	TBP_site_1	canonical_watson_crick	1320	0.9590656284760846	0.9636363636363635	0.889210233592881	0.8666666666666667
TBP	TBP_site_1	mismatch	1320	0.9470935481630669	0.8545454545454544	0.872560594485728	0.7909090909090909
TBP	TBP_site_2	canonical_watson_crick	1320	0.9403781979977753	0.9515151515151514	0.9078976640711901	0.8333333333333334
TBP	TBP_site_2	mismatch	1320	0.9704979512466143	0.9515151515151514	0.9476908118619348	0.8772727272727273
p53	p53	canonical_watson_crick	1320	0.911716015208067	0.8617647058823529	0.7226639891933205	0.78125
p53	p53	mismatch	1320	0.9132164531940122	0.9705882352941176	0.8825024414724794	0.8390151515151515
Cbf1	Cbf1	canonical_watson_crick	1321	0.9063063063063064	0.9300699300699302	0.874903474903475	0.6666666666666666
Cbf1	Cbf1	mismatch	1321	0.9553511682163175	0.9160839160839163	0.9319668836910215	0.797979797979798
Egr1	Egr1	canonical_watson_crick	1321	0.9899613899613902	0.9860139860139862	0.9642213642213643	0.9722222222222222
Egr1	Egr1	mismatch	1321	0.9837753873792046	0.9930069930069931	0.9274937705972188	0.8484848484848485
Ets1	Ets1_site_1	canonical_watson_crick	1321	0.9803626674154832	0.9727272727272729	0.9552139037433156	0.7878787878787878
Ets1	Ets1_site_1	mismatch	1321	0.989385418746529	1.0	0.9737466867062964	0.8820689655172413
Ets1	Ets1_site_3	canonical_watson_crick	1321	0.89130439767477	0.9363636363636365	0.7202540106951872	0.7272727272727273
Ets1	Ets1_site_3	mismatch	1321	0.573317409663024	0.9727272727272729	0.5448414319723847	0.6548797736916548
GR	GR	canonical_watson_crick	1321	0.9661396574440051	0.8428571428571429	0.7233201581027667	0.7333333333333333
GR	GR	mismatch	1321	0.9381524121114848	0.9678571428571429	0.851806125703468	0.7828282828282829
Max	Max_site_1	canonical_watson_crick	1321	0.9801801801801803	0.9300699300699302	0.864092664092664	0.8611111111111112
Max	Max_site_1	mismatch	1321	0.9568201045336076	1.0	0.8460413150068323	0.8017676767676768
Max	Max_site_2	canonical_watson_crick	1321	0.9413127413127413	0.8601398601398602	0.804890604890605	0.7777777777777778
Max	Max_site_2	mismatch	1321	0.8493450044929404	0.9160839160839163	0.598303994855719	0.678030303030303
TBP	TBP_site_1	canonical_watson_crick	1321	0.9590656284760846	0.9999999999999999	0.9176863181312569	0.8333333333333334
TBP	TBP_site_1	mismatch	1321	0.9504896173345372	0.6727272727272726	0.8690047919994441	0.8242424242424242
TBP	TBP_site_2	canonical_watson_crick	1321	0.9515016685205783	0.9515151515151514	0.8731924360400445	0.7
TBP	TBP_site_2	mismatch	1321	0.9595874713521771	0.9151515151515152	0.916369192305021	0.8515151515151516
p53	p53	canonical_watson_crick	1321	0.9054494138080764	0.8823529411764707	0.8040599218410768	0.7708333333333334
p53	p53	mismatch	1321	0.9176805942636885	0.9411764705882352	0.8739895016683397	0.8333333333333334
Cbf1	Cbf1	canonical_watson_crick	1322	0.918918918918919	0.8111888111888113	0.8697554697554698	0.6944444444444444
Cbf1	Cbf1	mismatch	1322	0.9578972751386545	0.9440559440559443	0.930315087211639	0.8005050505050505
Egr1	Egr1	canonical_watson_crick	1322	0.9817245817245818	0.9720279720279721	0.9302445302445304	0.8611111111111112
Egr1	Egr1	mismatch	1322	0.9827224499638293	0.9930069930069931	0.9119001687967206	0.8383838383838383
Ets1	Ets1_site_1	canonical_watson_crick	1322	0.9818668037957662	0.990909090909091	0.9588903743315509	0.8787878787878788
Ets1	Ets1_site_1	mismatch	1322	0.9885142486065986	0.990909090909091	0.969665188734094	0.890495867768595
Ets1	Ets1_site_3	canonical_watson_crick	1322	0.8432405346751595	0.7181818181818183	0.669006436696928	0.7121212121212122
Ets1	Ets1_site_3	mismatch	1322	0.6671466578030004	0.8000000000000002	0.6229248578762456	0.6652542372881356
GR	GR	canonical_watson_crick	1322	0.9649538866930171	0.9464285714285712	0.6367588932806323	0.7333333333333333
GR	GR	mismatch	1322	0.9386441968373508	0.9857142857142854	0.8520509892280625	0.793939393939394
Max	Max_site_1	canonical_watson_crick	1322	0.9665379665379665	0.8601398601398602	0.8105534105534108	0.8055555555555556
Max	Max_site_1	mismatch	1322	0.9717918292262654	0.9860139860139862	0.891351177558074	0.8257575757575758
Max	Max_site_2	canonical_watson_crick	1322	0.9616473616473618	0.9160839160839163	0.766795366795367	0.8333333333333334
Max	Max_site_2	mismatch	1322	0.8564719736033022	0.9020979020979022	0.6415112159617715	0.6883691529709229
TBP	TBP_site_1	canonical_watson_crick	1322	0.9604004449388208	0.9515151515151514	0.9381535038932147	0.9
TBP	TBP_site_1	mismatch	1322	0.9559761094520451	0.7333333333333332	0.8934370442391831	0.8287878787878787
TBP	TBP_site_2	canonical_watson_crick	1322	0.935483870967742	0.9030303030303028	0.8518353726362626	0.7333333333333333
TBP	TBP_site_2	mismatch	1322	0.943815542746024	0.8303030303030302	0.9120494478783248	0.8393939393939394
p53	p53	canonical_watson_crick	1322	0.9211604747333516	0.8911764705882352	0.7950499348675641	0.8333333333333334
p53	p53	mismatch	1322	0.9272325831872178	0.9058823529411765	0.8832772698912189	0.8361742424242424
Cbf1	Cbf1	canonical_watson_crick	1323	0.9330759330759332	0.8951048951048951	0.8574002574002574	0.7777777777777778
Cbf1	Cbf1	mismatch	1323	0.9596415079173701	0.9510489510489512	0.9299413230447714	0.7929292929292929
Egr1	Egr1	canonical_watson_crick	1323	0.9824967824967825	0.965034965034965	0.905019305019305	0.8611111111111112
Egr1	Egr1	mismatch	1323	0.9816775178844145	0.9930069930069931	0.896760710553814	0.8131313131313131
Ets1	Ets1_site_1	canonical_watson_crick	1323	0.9825295516704659	0.990909090909091	0.9517840761901087	0.8125
Ets1	Ets1_site_1	mismatch	1323	0.9908283448701686	1.0	0.975073342473981	0.8979310344827586
Ets1	Ets1_site_3	canonical_watson_crick	1323	0.9135668342542017	0.8363636363636365	0.6954123864841162	0.7727272727272727
Ets1	Ets1_site_3	mismatch	1323	0.5941195444792927	0.8363636363636365	0.5855147898242802	0.6336146272855133
GR	GR	canonical_watson_crick	1323	0.9537549407114623	0.8178571428571428	0.6490118577075098	0.6666666666666666
GR	GR	mismatch	1323	0.9493441155591221	0.9857142857142854	0.865248927436032	0.805050505050505
Max	Max_site_1	canonical_watson_crick	1323	0.9786357786357787	0.9510489510489512	0.8507078507078508	0.7777777777777778
Max	Max_site_1	mismatch	1323	0.964613942422662	0.9510489510489512	0.8785186078289527	0.8181818181818182
Max	Max_site_2	canonical_watson_crick	1323	0.928957528957529	0.8811188811188813	0.7191763191763192	0.7777777777777778
Max	Max_site_2	mismatch	1323	0.8544673582785979	0.9230769230769231	0.6191182380837552	0.6704545454545454
TBP	TBP_site_1	canonical_watson_crick	1323	0.9604004449388208	0.9999999999999999	0.9078976640711901	0.8333333333333334
TBP	TBP_site_1	mismatch	1323	0.9596499756927561	0.9515151515151514	0.903034932981457	0.8469696969696969
TBP	TBP_site_2	canonical_watson_crick	1323	0.9385984427141268	0.9272727272727272	0.9203559510567296	0.8666666666666667
TBP	TBP_site_2	mismatch	1323	0.9568511702201542	0.9878787878787878	0.9104173900965343	0.8454545454545455
p53	p53	canonical_watson_crick	1323	0.8758141554494138	0.8941176470588235	0.6861702127659575	0.8541666666666666
p53	p53	mismatch	1323	0.9325045873083765	0.9588235294117649	0.8908593983126714	0.8380681818181818
Cbf1	Cbf1	canonical_watson_crick	1324	0.920978120978121	0.8881118881118882	0.9045045045045046	0.8055555555555556
Cbf1	Cbf1	mismatch	1324	0.9625030142271523	0.9020979020979022	0.9334498834498836	0.8143939393939394
Egr1	Egr1	canonical_watson_crick	1324	0.9909909909909911	0.9860139860139862	0.9299871299871302	0.9166666666666666
Egr1	Egr1	mismatch	1324	0.982107547624789	0.9930069930069931	0.9042601077083835	0.8055555555555556
Ets1	Ets1_site_1	canonical_watson_crick	1324	0.9839572192513368	1.0	0.9461898395721926	0.7575757575757576
Ets1	Ets1_site_1	mismatch	1324	0.9898864591131837	0.990909090909091	0.9671371790916524	0.8882758620689655
Ets1	Ets1_site_3	canonical_watson_crick	1324	0.8450669959732475	0.5727272727272729	0.5453330009847804	0.6515151515151515
Ets1	Ets1_site_3	mismatch	1324	0.533700438206817	0.790909090909091	0.5314126939613306	0.6171107994389902
GR	GR	canonical_watson_crick	1324	0.9520421607378128	0.9749999999999999	0.5723320158102767	0.6222222222222222
GR	GR	mismatch	1324	0.9451562008891446	0.9785714285714284	0.8568021646758645	0.796969696969697
Max	Max_site_1	canonical_watson_crick	1324	0.968854568854569	0.965034965034965	0.7938223938223938	0.8055555555555556
Max	Max_site_1	mismatch	1324	0.9580820635038654	0.9580419580419581	0.859203440237923	0.8005050505050505
Max	Max_site_2	canonical_watson_crick	1324	0.9639639639639641	0.8251748251748254	0.8615186615186615	0.8333333333333334
Max	Max_site_2	mismatch	1324	0.8447223129324251	0.8881118881118882	0.5996744634675669	0.6641414141414141
TBP	TBP_site_1	canonical_watson_crick	1324	0.957730812013348	0.9515151515151514	0.9199110122358174	0.8333333333333334
TBP	TBP_site_1	mismatch	1324	0.959566636571984	0.9636363636363635	0.8971456351135495	0.8303030303030303
TBP	TBP_site_2	canonical_watson_crick	1324	0.9319243604004448	0.9757575757575757	0.8335928809788653	0.7
TBP	TBP_site_2	mismatch	1324	0.9581568164455864	0.9757575757575757	0.9080075005208694	0.8545454545454545
p53	p53	canonical_watson_crick	1324	0.8842510926805155	0.8735294117647058	0.7127659574468085	0.8125
p53	p53	mismatch	1324	0.9199419979511064	0.9147058823529413	0.8702425195995986	0.8285984848484849
Cbf1	Cbf1	canonical_watson_crick	1325	0.9724581724581726	0.9160839160839163	0.9104247104247105	0.8611111111111112
Cbf1	Cbf1	mismatch	1325	0.9635720601237843	0.9790209790209792	0.9346957640061089	0.827020202020202
Egr1	Egr1	canonical_watson_crick	1325	0.9866151866151867	0.9720279720279721	0.918918918918919	0.8888888888888888
Egr1	Egr1	mismatch	1325	0.978884334056748	0.9860139860139862	0.8914596897355519	0.8118686868686869
Ets1	Ets1_site_1	canonical_watson_crick	1325	0.9790256572996762	0.990909090909091	0.9612299465240642	0.8181818181818182
Ets1	Ets1_site_1	mismatch	1325	0.9887527883256754	1.0	0.9685796466245741	0.8796680497925311
Ets1	Ets1_site_3	canonical_watson_crick	1325	0.8183414259173645	0.7454545454545456	0.7192513368983957	0.696969696969697
Ets1	Ets1_site_3	mismatch	1325	0.5657718220202946	0.8545454545454546	0.5584027968014192	0.6284916201117319
GR	GR	canonical_watson_crick	1325	0.9567852437417654	0.9714285714285713	0.5944664031620552	0.7111111111111111
GR	GR	mismatch	1325	0.9484407954978034	0.982142857142857	0.8720824716812248	0.804040404040404
Max	Max_site_1	canonical_watson_crick	1325	0.9678249678249679	0.9020979020979022	0.8522522522522523	0.8611111111111112
Max	Max_site_1	mismatch	1325	0.9656066288955008	0.9860139860139862	0.8747496933025206	0.8179519595448799
Max	Max_site_2	canonical_watson_crick	1325	0.9261261261261262	0.8951048951048951	0.7315315315315316	0.8055555555555556
Max	Max_site_2	mismatch	1325	0.8339298165956405	0.9020979020979022	0.6057477350575108	0.6685606060606061
TBP	TBP_site_1	canonical_watson_crick	1325	0.9537263626251389	0.9515151515151514	0.9199110122358174	0.8666666666666667
TBP	TBP_site_1	mismatch	1325	0.9515156460804085	0.9999999999999999	0.8802000138898532	0.8090909090909091
TBP	TBP_site_2	canonical_watson_crick	1325	0.9288097886540599	0.9151515151515152	0.875417130144605	0.7
TBP	TBP_site_2	mismatch	1325	0.9678936037224807	0.6606060606060605	0.9308424196124729	0.8606060606060606
p53	p53	canonical_watson_crick	1325	0.9448259020495816	0.9323529411764706	0.83195831524099	0.875
p53	p53	mismatch	1325	0.9346002444019628	0.9205882352941176	0.9029514689526086	0.853219696969697
Cbf1	Cbf1	canonical_watson_crick	1326	0.9397683397683398	0.8951048951048951	0.8731016731016732	0.75
Cbf1	Cbf1	mismatch	1326	0.9601117273531067	0.9300699300699302	0.9310425206976931	0.8181818181818182
Egr1	Egr1	canonical_watson_crick	1326	0.9853281853281853	0.9860139860139862	0.9222651222651224	0.9166666666666666
Egr1	Egr1	mismatch	1326	0.9847439916405434	0.9930069930069931	0.9216943975564665	0.8358585858585859
Ets1	Ets1_site_1	canonical_watson_crick	1326	0.9793599098286281	0.990909090909091	0.9655748663101605	0.8484848484848485
Ets1	Ets1_site_1	mismatch	1326	0.989378813205399	1.0	0.9712460980835095	0.8824343015214384
Ets1	Ets1_site_3	canonical_watson_crick	1326	0.9132397191574725	0.8909090909090911	0.760360962566845	0.7575757575757576
Ets1	Ets1_site_3	mismatch	1326	0.5814098587893598	0.8636363636363636	0.5596368332504469	0.6243016759776536
GR	GR	canonical_watson_crick	1326	0.9628458498023715	0.9392857142857142	0.6379446640316205	0.6888888888888889
GR	GR	mismatch	1326	0.9298203287244295	0.9928571428571428	0.8139037213082708	0.7898989898989899
Max	Max_site_1	canonical_watson_crick	1326	0.9760617760617762	0.8951048951048951	0.926898326898327	0.9166666666666666
Max	Max_site_1	mismatch	1326	0.9692126220010892	0.9930069930069931	0.8864187830753439	0.8166877370417194
Max	Max_site_2	canonical_watson_crick	1326	0.934877734877735	0.8881118881118882	0.7325611325611326	0.8333333333333334
Max	Max_site_2	mismatch	1326	0.851699985836902	0.8881118881118882	0.5839241218551564	0.6717171717171717
TBP	TBP_site_1	canonical_watson_crick	1326	0.9550611790878754	0.9757575757575757	0.9065628476084538	0.8
TBP	TBP_site_1	mismatch	1326	0.9537954024585039	0.6727272727272726	0.8998888811723036	0.8363636363636363
TBP	TBP_site_2	canonical_watson_crick	1326	0.9265850945494994	0.9515151515151514	0.8785317018909901	0.7
TBP	TBP_site_2	mismatch	1326	0.9692548093617611	0.9515151515151514	0.9234113480102784	0.8727272727272727
p53	p53	canonical_watson_crick	1326	0.9017585757707339	0.8823529411764707	0.708315240990013	0.7708333333333334
p53	p53	mismatch	1326	0.9384268399893845	0.9441176470588234	0.900955904294279	0.8465909090909091
Cbf1	Cbf1	canonical_watson_crick	1327	0.9444015444015444	0.8531468531468532	0.8535392535392535	0.8055555555555556
Cbf1	Cbf1	mismatch	1327	0.9570894622618761	0.965034965034965	0.9320070733863838	0.8055555555555556
Egr1	Egr1	canonical_watson_crick	1327	0.9613899613899614	0.9440559440559443	0.932818532818533	0.8611111111111112
Egr1	Egr1	mismatch	1327	0.9844626637730086	0.9930069930069931	0.921208102242585	0.8358585858585859
Ets1	Ets1_site_1	canonical_watson_crick	1327	0.9823681825891939	1.0	0.9639037433155081	0.8787878787878788
Ets1	Ets1_site_1	mismatch	1327	0.9898342671171161	1.0	0.9712955547049413	0.8889655172413793
Ets1	Ets1_site_3	canonical_watson_crick	1327	0.8584811093682456	0.4727272727272727	0.7347484539528665	0.859375
Ets1	Ets1_site_3	mismatch	1327	0.5383779088842072	0.8000000000000002	0.5228767549030431	0.6037604456824512
GR	GR	canonical_watson_crick	1327	0.9627140974967061	0.982142857142857	0.6851119894598154	0.6666666666666666
GR	GR	mismatch	1327	0.9461999855962632	0.982142857142857	0.879747317304032	0.795959595959596
Max	Max_site_1	canonical_watson_crick	1327	0.9740025740025742	0.965034965034965	0.8411840411840412	0.9166666666666666
Max	Max_site_1	mismatch	1327	0.9596565385188296	0.9930069930069931	0.8729402781126918	0.827020202020202
Max	Max_site_2	canonical_watson_crick	1327	0.9559845559845561	0.8811188811188813	0.7315315315315316	0.8055555555555556
Max	Max_site_2	mismatch	1327	0.8610714235494248	0.9160839160839163	0.6352871908282192	0.6887626262626263
TBP	TBP_site_1	canonical_watson_crick	1327	0.9452725250278088	0.9515151515151514	0.9434927697441602	0.9
TBP	TBP_site_1	mismatch	1327	0.9611917494270434	0.9272727272727272	0.912431418848531	0.8469696969696969
TBP	TBP_site_2	canonical_watson_crick	1327	0.971523915461624	0.9393939393939393	0.9528364849833146	0.8666666666666667
TBP	TBP_site_2	mismatch	1327	0.9576776165011459	0.9030303030303028	0.9007986665740675	0.8409090909090909
p53	p53	canonical_watson_crick	1327	0.9322622666087711	0.9147058823529413	0.799826313504125	0.8125
p53	p53	mismatch	1327	0.9311991332762515	0.7999999999999999	0.8917885142283593	0.8465909090909091
Cbf1	Cbf1	canonical_watson_crick	1328	0.9402831402831404	0.8741258741258742	0.9250965250965252	0.8333333333333334
Cbf1	Cbf1	mismatch	1328	0.9602001446829033	0.9230769230769231	0.9335021300538542	0.8308080808080808
Egr1	Egr1	canonical_watson_crick	1328	0.9909909909909911	0.9930069930069931	0.9541827541827543	0.9166666666666666
Egr1	Egr1	mismatch	1328	0.9821638131982959	0.9930069930069931	0.9063781046539666	0.8207070707070707
Ets1	Ets1_site_1	canonical_watson_crick	1328	0.9656555561416063	1.0	0.9475267379679144	0.7575757575757576
Ets1	Ets1_site_1	mismatch	1328	0.9880119697811771	1.0	0.96913147040331	0.8858921161825726
Ets1	Ets1_site_3	canonical_watson_crick	1328	0.8649055462806264	0.8000000000000002	0.7111222553448484	0.7424242424242424
Ets1	Ets1_site_3	mismatch	1328	0.5010631497917825	0.6272727272727273	0.4918325762999037	0.5897615708274895
GR	GR	canonical_watson_crick	1328	0.9603425559947298	0.8964285714285712	0.6831357048748353	0.6444444444444445
GR	GR	mismatch	1328	0.9349877053818534	0.9928571428571428	0.8462154181713426	0.7797979797979798
Max	Max_site_1	canonical_watson_crick	1328	0.9808868029835959	0.8601398601398602	0.9093951093951094	0.8888888888888888
Max	Max_site_1	mismatch	1328	0.9656608160346165	0.9790209790209792	0.8721956355960873	0.82260101010101
Max	Max_site_2	canonical_watson_crick	1328	0.9485199485199486	0.8741258741258742	0.7611325611325612	0.8055555555555556
Max	Max_site_2	mismatch	1328	0.8617845171973086	0.9370629370629372	0.616711494968054	0.6826801517067004
TBP	TBP_site_1	canonical_watson_crick	1328	0.9537263626251389	0.9515151515151514	0.9092324805339266	0.8333333333333334
TBP	TBP_site_1	mismatch	1328	0.9560159664157168	0.9878787878787878	0.8964650322939091	0.8257575757575758
TBP	TBP_site_2	canonical_watson_crick	1328	0.9203559510567296	0.9515151515151514	0.8820912124582869	0.7
TBP	TBP_site_2	mismatch	1328	0.9539690256267795	0.9515151515151514	0.9044586429613167	0.8348484848484848
p53	p53	canonical_watson_crick	1328	0.937798523664785	0.8941176470588235	0.8127442466348241	0.8958333333333334
p53	p53	mismatch	1328	0.9103781582418627	0.911764705882353	0.8755319000132611	0.8312796208530806
Cbf1	Cbf1	canonical_watson_crick	1329	0.9343629343629345	0.9090909090909092	0.9124839124839126	0.7777777777777778
Cbf1	Cbf1	mismatch	1329	0.9550327094216594	0.9440559440559443	0.9284824371031267	0.8017676767676768
Egr1	Egr1	canonical_watson_crick	1329	0.9861003861003862	0.9860139860139862	0.9474903474903474	0.8333333333333334
Egr1	Egr1	mismatch	1329	0.9863395225464192	0.9930069930069931	0.9419861747447955	0.8686868686868687
Ets1	Ets1_site_1	canonical_watson_crick	1329	0.9769385026737969	1.0	0.9572192513368983	0.8181818181818182
Ets1	Ets1_site_1	mismatch	1329	0.9918104640437242	0.990909090909091	0.9766491131732566	0.9012430939226519
Ets1	Ets1_site_3	canonical_watson_crick	1329	0.8708410086608628	0.790909090909091	0.6487299465240642	0.696969696969697
Ets1	Ets1_site_3	mismatch	1329	0.6003683484830621	0.7090909090909092	0.5731974578147933	0.6589635854341737
GR	GR	canonical_watson_crick	1329	0.9537549407114623	0.8642857142857141	0.6359683794466403	0.7111111111111111
GR	GR	mismatch	1329	0.9320760928835251	0.9785714285714284	0.8666913587867938	0.798989898989899
Max	Max_site_1	canonical_watson_crick	1329	0.9747747747747749	0.8881118881118882	0.9104247104247105	0.9444444444444444
Max	Max_site_1	mismatch	1329	0.9624999623226085	0.9440559440559443	0.8770034563138012	0.8080808080808081
Max	Max_site_2	canonical_watson_crick	1329	0.9485199485199486	0.7692307692307694	0.7544401544401546	0.8055555555555556
Max	Max_site_2	mismatch	1329	0.8521028903631747	0.9230769230769231	0.6094451907458172	0.683944374209861
TBP	TBP_site_1	canonical_watson_crick	1329	0.9381535038932147	0.9636363636363635	0.8758620689655172	0.7333333333333333
TBP	TBP_site_1	mismatch	1329	0.9561358427668588	0.6606060606060605	0.9013056462254322	0.8303030303030303
TBP	TBP_site_2	canonical_watson_crick	1329	0.9296996662958843	0.9636363636363635	0.9105672969966631	0.7
TBP	TBP_site_2	mismatch	1329	0.9546774081533438	0.9272727272727272	0.919098548510313	0.8424242424242424
p53	p53	canonical_watson_crick	1329	0.8819713955537228	0.8647058823529412	0.6900781589231437	0.7916666666666666
p53	p53	mismatch	1329	0.9174148290223249	0.8970588235294116	0.8704849713805172	0.8181818181818182
Cbf1	Cbf1	canonical_watson_crick	1330	0.9361647361647363	0.8391608391608393	0.8501930501930504	0.6944444444444444
Cbf1	Cbf1	mismatch	1330	0.9563017442327787	0.9300699300699302	0.9251587492966804	0.7891414141414141
Egr1	Egr1	canonical_watson_crick	1330	0.9822393822393823	0.9790209790209792	0.9415701415701415	0.8611111111111112
Egr1	Egr1	mismatch	1330	0.985326742223294	0.9930069930069931	0.9177276746242264	0.8169191919191919
Ets1	Ets1_site_1	canonical_watson_crick	1330	0.9805297936799592	0.990909090909091	0.9414222477926043	0.8125
Ets1	Ets1_site_1	mismatch	1330	0.9905373516737789	1.0	0.9725975040739602	0.896551724137931
Ets1	Ets1_site_3	canonical_watson_crick	1330	0.8592443998662656	0.7181818181818183	0.6109625668449198	0.7272727272727273
Ets1	Ets1_site_3	mismatch	1330	0.6175932404397245	0.9363636363636365	0.5947210580654335	0.6334716459197787
GR	GR	canonical_watson_crick	1330	0.9683794466403163	0.9107142857142855	0.8118577075098814	0.8
GR	GR	mismatch	1330	0.9297056493513174	0.9678571428571429	0.8302025782688764	0.7646464646464647
Max	Max_site_1	canonical_watson_crick	1330	0.9794079794079794	0.965034965034965	0.924839124839125	0.8888888888888888
Max	Max_site_1	mismatch	1330	0.9607185917530745	0.9790209790209792	0.868386785628165	0.8118686868686869
Max	Max_site_2	canonical_watson_crick	1330	0.924839124839125	0.8671328671328673	0.6651222651222651	0.75
Max	Max_site_2	mismatch	1330	0.8702966705822559	0.9370629370629372	0.6638011413873482	0.696969696969697
TBP	TBP_site_1	canonical_watson_crick	1330	0.9426028921023359	0.9999999999999999	0.8758620689655172	0.8
TBP	TBP_site_1	mismatch	1330	0.958113337930012	0.9878787878787878	0.8909785401764011	0.8424242424242424
TBP	TBP_site_2	canonical_watson_crick	1330	0.9403781979977753	0.9393939393939393	0.892769744160178	0.7666666666666667
TBP	TBP_site_2	mismatch	1330	0.9566965704170444	0.9393939393939393	0.9056392805055905	0.8424242424242424
p53	p53	canonical_watson_crick	1330	0.9368215371254884	0.9382352941176471	0.7785497177594441	0.875
p53	p53	mismatch	1330	0.938090817766814	0.9352941176470588	0.9020681306459052	0.8589015151515151
Cbf1	Cbf1	canonical_watson_crick	1331	0.9158301158301159	0.8531468531468532	0.854054054054054	0.8333333333333334
Cbf1	Cbf1	mismatch	1331	0.9598585322723254	0.9580419580419581	0.9347319347319348	0.8181818181818182
Egr1	Egr1	canonical_watson_crick	1331	0.9732303732303732	0.9580419580419581	0.9184041184041185	0.8611111111111112
Egr1	Egr1	mismatch	1331	0.9838919700988666	0.9860139860139862	0.9176915038984006	0.821969696969697
Ets1	Ets1_site_1	canonical_watson_crick	1331	0.9749331550802139	0.990909090909091	0.9538770053475937	0.8484848484848485
Ets1	Ets1_site_1	mismatch	1331	0.990232079427812	1.0	0.969880303887424	0.8858921161825726
Ets1	Ets1_site_3	canonical_watson_crick	1331	0.840076957183619	0.4000000000000001	0.6761363636363638	0.6666666666666666
Ets1	Ets1_site_3	mismatch	1331	0.5590400197390857	0.6090909090909091	0.5443156039651326	0.6164095371669004
GR	GR	canonical_watson_crick	1331	0.9728590250329379	0.9249999999999998	0.5818181818181818	0.7111111111111111
GR	GR	mismatch	1331	0.942398912723209	0.9857142857142854	0.8603207917939854	0.797979797979798
Max	Max_site_1	canonical_watson_crick	1331	0.9691119691119692	0.9370629370629372	0.8906048906048907	0.8333333333333334
Max	Max_site_1	mismatch	1331	0.9680773249738768	0.9930069930069931	0.8920745920745922	0.8282828282828283
Max	Max_site_2	canonical_watson_crick	1331	0.9441441441441443	0.8811188811188813	0.7245817245817247	0.8055555555555556
Max	Max_site_2	mismatch	1331	0.8118974033333468	0.8671328671328673	0.5448677759022587	0.6439393939393939
TBP	TBP_site_1	canonical_watson_crick	1331	0.9652947719688543	0.9515151515151514	0.9448275862068966	0.9
TBP	TBP_site_1	mismatch	1331	0.9615459406903256	0.9515151515151514	0.8988818667963051	0.8515151515151516
TBP	TBP_site_2	canonical_watson_crick	1331	0.9288097886540599	0.9272727272727272	0.8852057842046718	0.8
TBP	TBP_site_2	mismatch	1331	0.9642405722619626	0.9878787878787878	0.9157788735328842	0.8424242424242424
p53	p53	canonical_watson_crick	1331	0.9024099001302649	0.9088235294117648	0.7167824576639167	0.7708333333333334
p53	p53	mismatch	1331	0.9394330765400499	0.9088235294117648	0.9146824051216669	0.8579545454545454
Cbf1	Cbf1	canonical_watson_crick	1332	0.9021879021879023	0.9230769230769231	0.834749034749035	0.7222222222222222
Cbf1	Cbf1	mismatch	1332	0.9607828952656541	0.9720279720279721	0.9329836829836831	0.8194444444444444
Egr1	Egr1	canonical_watson_crick	1332	0.9737451737451738	0.9720279720279721	0.85997425997426	0.8611111111111112
Egr1	Egr1	mismatch	1332	0.983574471505506	0.9930069930069931	0.913929748412507	0.8257575757575758
Ets1	Ets1_site_1	canonical_watson_crick	1332	0.9809491978609627	1.0	0.9425133689839572	0.8181818181818182
Ets1	Ets1_site_1	mismatch	1332	0.9873034798890843	0.990909090909091	0.9657556404349024	0.883448275862069
Ets1	Ets1_site_3	canonical_watson_crick	1332	0.8147405393198911	0.5636363636363637	0.5487967914438503	0.696969696969697
Ets1	Ets1_site_3	mismatch	1332	0.5261072452275215	0.790909090909091	0.5245776110440422	0.6058495821727019
GR	GR	canonical_watson_crick	1332	0.9620553359683794	0.9785714285714284	0.7130434782608694	0.8
GR	GR	mismatch	1332	0.9522716504994472	0.9892857142857142	0.8815230922765105	0.8171717171717172
Max	Max_site_1	canonical_watson_crick	1332	0.9657657657657658	0.9300699300699302	0.7902187902187902	0.7777777777777778
Max	Max_site_1	mismatch	1332	0.9591913833293143	0.9860139860139862	0.8646210111727353	0.803030303030303
Max	Max_site_2	canonical_watson_crick	1332	0.9462642403274368	0.7832167832167832	0.7806949806949809	0.8333333333333334
Max	Max_site_2	mismatch	1332	0.8454117249905543	0.9580419580419581	0.6197693111486214	0.6944444444444444
TBP	TBP_site_1	canonical_watson_crick	1332	0.9741935483870968	0.9757575757575757	0.9563959955506117	0.8666666666666667
TBP	TBP_site_1	mismatch	1332	0.9474269046461559	0.9878787878787878	0.8749982637683171	0.8166666666666667
TBP	TBP_site_2	canonical_watson_crick	1332	0.9225806451612902	0.9878787878787878	0.8602892102335928	0.8333333333333334
TBP	TBP_site_2	mismatch	1332	0.9563822362047233	0.9878787878787878	0.9083200222237654	0.8424242424242424
p53	p53	canonical_watson_crick	1332	0.9041467650890143	0.9411764705882352	0.7259009986973514	0.7916666666666666
p53	p53	mismatch	1332	0.9224928334578213	0.9470588235294116	0.8972936085078608	0.8364928909952607
Cbf1	Cbf1	canonical_watson_crick	1333	0.9333333333333333	0.8321678321678322	0.8944658944658945	0.75
Cbf1	Cbf1	mismatch	1333	0.9613294751225786	0.9090909090909092	0.9341974117836188	0.8042929292929293
Egr1	Egr1	canonical_watson_crick	1333	0.9855855855855857	0.9790209790209792	0.8980694980694982	0.8888888888888888
Egr1	Egr1	mismatch	1333	0.9838799131902581	0.9860139860139862	0.9114701390563461	0.8194444444444444
Ets1	Ets1_site_1	canonical_watson_crick	1333	0.980696919944435	0.9818181818181818	0.9496114347519222	0.875
Ets1	Ets1_site_1	mismatch	1333	0.9894181688759649	0.990909090909091	0.9729705756203113	0.890495867768595
Ets1	Ets1_site_3	canonical_watson_crick	1333	0.8901521609120541	0.881818181818182	0.8016045462142739	0.859375
Ets1	Ets1_site_3	mismatch	1333	0.582278745480513	0.8272727272727273	0.5675821989970322	0.611731843575419
GR	GR	canonical_watson_crick	1333	0.9455862977602107	0.9178571428571428	0.3573122529644268	0.6666666666666666
GR	GR	mismatch	1333	0.9279525088222886	0.982142857142857	0.8437585522186898	0.7888888888888889
Max	Max_site_1	canonical_watson_crick	1333	0.9765765765765766	0.9300699300699302	0.9021879021879023	0.8333333333333334
Max	Max_site_1	mismatch	1333	0.9676352383248936	0.9930069930069931	0.8886022023953059	0.8232323232323232
Max	Max_site_2	canonical_watson_crick	1333	0.9158301158301159	0.7412587412587414	0.6926640926640928	0.7777777777777778
Max	Max_site_2	mismatch	1333	0.8536081521338459	0.9090909090909092	0.5872719234788201	0.6742424242424242
TBP	TBP_site_1	canonical_watson_crick	1333	0.9528364849833146	0.9636363636363635	0.9470522803114572	0.9
TBP	TBP_site_1	mismatch	1333	0.9649211750816027	0.9878787878787878	0.9033335648308908	0.8363636363636363
TBP	TBP_site_2	canonical_watson_crick	1333	0.9670745272525029	0.9272727272727272	0.9483870967741934	0.8666666666666667
TBP	TBP_site_2	mismatch	1333	0.9629488158899923	0.8181818181818182	0.9155844155844155	0.8560606060606061
p53	p53	canonical_watson_crick	1333	0.9248805905340859	0.8941176470588235	0.788862353452019	0.8125
p53	p53	mismatch	1333	0.9214760082548721	0.8617647058823529	0.8870220847387087	0.8423295454545454
Cbf1	Cbf1	canonical_watson_crick	1334	0.9477477477477478	0.9160839160839163	0.9297297297297298	0.8333333333333334
Cbf1	Cbf1	mismatch	1334	0.9582268306406236	0.9300699300699302	0.9307129651957238	0.8017676767676768
Egr1	Egr1	canonical_watson_crick	1334	0.9703989703989705	0.965034965034965	0.8851994851994852	0.8333333333333334
Egr1	Egr1	mismatch	1334	0.9839844063981995	0.9930069930069931	0.9115063097821718	0.821969696969697
Ets1	Ets1_site_1	canonical_watson_crick	1334	0.979776045776366	0.990909090909091	0.9502005347593584	0.7878787878787878
Ets1	Ets1_site_1	mismatch	1334	0.9882871506985164	1.0	0.9606669388625809	0.8755186721991701
Ets1	Ets1_site_3	canonical_watson_crick	1334	0.8382242551090225	-0.23636363636363636	0.6457219251336899	0.696969696969697
Ets1	Ets1_site_3	mismatch	1334	0.642104191796985	-0.05454545454545456	0.5759355379979562	0.634453781512605
GR	GR	canonical_watson_crick	1334	0.9645586297760211	0.982142857142857	0.6420289855072462	0.6888888888888889
GR	GR	mismatch	1334	0.9392074545550253	0.9928571428571428	0.8575429282796794	0.796969696969697
Max	Max_site_1	canonical_watson_crick	1334	0.9743226740041754	0.9160839160839163	0.856885456885457	0.8611111111111112
Max	Max_site_1	mismatch	1334	0.9579705791044333	0.965034965034965	0.8664846741470837	0.809102402022756
Max	Max_site_2	canonical_watson_crick	1334	0.9441441441441443	0.8881118881118882	0.7315315315315316	0.8055555555555556
Max	Max_site_2	mismatch	1334	0.8319888111206164	0.9720279720279721	0.5665185339992953	0.6609848484848485
TBP	TBP_site_1	canonical_watson_crick	1334	0.9488320355951056	0.9393939393939393	0.9003337041156841	0.8
TBP	TBP_site_1	mismatch	1334	0.9469129800680602	0.7696969696969697	0.8648586707410236	0.8090909090909091
TBP	TBP_site_2	canonical_watson_crick	1334	0.9003337041156841	0.9515151515151514	0.8416017797552835	0.7333333333333333
TBP	TBP_site_2	mismatch	1334	0.9628254788983867	0.9636363636363635	0.9220015278838807	0.8621212121212121
p53	p53	canonical_watson_crick	1334	0.9209726443768996	0.8705882352941177	0.7508684324793747	0.7916666666666666
p53	p53	mismatch	1334	0.929972825845159	0.9264705882352942	0.8838978108130104	0.8371212121212122
Cbf1	Cbf1	canonical_watson_crick	1335	0.9310167310167311	0.8461538461538463	0.8682110682110683	0.6944444444444444
Cbf1	Cbf1	mismatch	1335	0.9546288025774476	0.9300699300699302	0.9306124909573185	0.8106060606060606
Egr1	Egr1	canonical_watson_crick	1335	0.9840411840411842	0.965034965034965	0.9093951093951094	0.8888888888888888
Egr1	Egr1	mismatch	1335	0.9831203279479143	0.9930069930069931	0.9024676472952335	0.8005050505050505
Ets1	Ets1_site_1	canonical_watson_crick	1335	0.9822860962566846	1.0	0.9605614973262033	0.8484848484848485
Ets1	Ets1_site_1	mismatch	1335	0.988584525517055	1.0	0.9698268608907965	0.8943370165745856
Ets1	Ets1_site_3	canonical_watson_crick	1335	0.8298228133333302	0.28181818181818186	0.670788770053476	0.696969696969697
Ets1	Ets1_site_3	mismatch	1335	0.4853203171359346	0.3181818181818182	0.49986433393278534	0.5995821727019499
GR	GR	canonical_watson_crick	1335	0.9542819499341239	0.8857142857142855	0.5843214756258234	0.6888888888888889
GR	GR	mismatch	1335	0.9423583032398117	0.982142857142857	0.855269195551303	0.7878787878787878
Max	Max_site_1	canonical_watson_crick	1335	0.9595881595881596	0.9440559440559443	0.7701415701415701	0.8055555555555556
Max	Max_site_1	mismatch	1335	0.9614649991916652	0.9860139860139862	0.8724660397074191	0.8080808080808081
Max	Max_site_2	canonical_watson_crick	1335	0.9374517374517374	0.9580419580419581	0.7312741312741313	0.75
Max	Max_site_2	mismatch	1335	0.8471436006635452	0.9370629370629372	0.5825014066393377	0.6616161616161617
TBP	TBP_site_1	canonical_watson_crick	1335	0.946607341490545	0.9999999999999999	0.9341490545050056	0.8333333333333334
TBP	TBP_site_1	mismatch	1335	0.9512535592749496	0.9999999999999999	0.8861240363914159	0.8257575757575758
TBP	TBP_site_2	canonical_watson_crick	1335	0.9581757508342603	0.9515151515151514	0.9372636262513905	0.8666666666666667
TBP	TBP_site_2	mismatch	1335	0.9492395305229527	0.8787878787878788	0.9150566011528578	0.8454545454545455
p53	p53	canonical_watson_crick	1335	0.9282457663916629	0.7999999999999999	0.8192574902301347	0.8541666666666666
p53	p53	mismatch	1335	0.9217786496263953	0.8176470588235294	0.884506483465806	0.8418560606060606
Cbf1	Cbf1	canonical_watson_crick	1336	0.9057915057915058	0.8321678321678322	0.874903474903475	0.7777777777777778
Cbf1	Cbf1	mismatch	1336	0.9596053371915441	0.9230769230769231	0.9314444176513141	0.803030303030303
Egr1	Egr1	canonical_watson_crick	1336	0.9881595881595883	0.9930069930069931	0.9359073359073359	0.9444444444444444
Egr1	Egr1	mismatch	1336	0.9819266939956596	0.9860139860139862	0.9111325456153043	0.8295454545454546
Ets1	Ets1_site_1	canonical_watson_crick	1336	0.973596256684492	0.990909090909091	0.9505347593582889	0.7878787878787878
Ets1	Ets1_site_1	mismatch	1336	0.9896672680498484	1.0	0.9690453362561318	0.8857340720221607
Ets1	Ets1_site_3	canonical_watson_crick	1336	0.8944245035899501	-0.33636363636363636	0.7002005347593583	0.7878787878787878
Ets1	Ets1_site_3	mismatch	1336	0.5186869359362701	-0.06363636363636364	0.49177785198996465	0.6020979020979021
GR	GR	canonical_watson_crick	1336	0.9671936758893279	0.9642857142857141	0.659683794466403	0.7333333333333333
GR	GR	mismatch	1336	0.9302987387979968	0.982142857142857	0.8404965382145304	0.7863636363636364
Max	Max_site_1	canonical_watson_crick	1336	0.9670527670527671	0.8811188811188813	0.8131274131274132	0.8333333333333334
Max	Max_site_1	mismatch	1336	0.9722428753450838	0.9930069930069931	0.8940680009645527	0.8409090909090909
Max	Max_site_2	canonical_watson_crick	1336	0.9191067655302267	0.8181818181818183	0.6862290862290863	0.7777777777777778
Max	Max_site_2	mismatch	1336	0.839622214966137	0.7902097902097903	0.6190525470750523	0.6546717171717171
TBP	TBP_site_1	canonical_watson_crick	1336	0.9563959955506117	0.9757575757575757	0.9176863181312569	0.8333333333333334
TBP	TBP_site_1	mismatch	1336	0.9675463573859293	0.9878787878787878	0.915764983679422	0.843939393939394
TBP	TBP_site_2	canonical_watson_crick	1336	0.9136818687430479	0.9393939393939393	0.9181312569521689	0.8
TBP	TBP_site_2	mismatch	1336	0.9600875060768108	0.9515151515151514	0.9338495728870059	0.8545454545454545
p53	p53	canonical_watson_crick	1336	0.9171732522796352	0.8823529411764707	0.7645462440295266	0.7708333333333334
p53	p53	mismatch	1336	0.9197288265483455	0.9058823529411765	0.8827381113854	0.8484848484848485
Cbf1	Cbf1	canonical_watson_crick	1337	0.9531531531531532	0.8321678321678322	0.8661518661518662	0.7777777777777778
Cbf1	Cbf1	mismatch	1337	0.960248372317338	0.9090909090909092	0.939462261876055	0.8244949494949495
Egr1	Egr1	canonical_watson_crick	1337	0.9840411840411842	0.9720279720279721	0.934877734877735	0.9166666666666666
Egr1	Egr1	mismatch	1337	0.9854111405835544	0.9930069930069931	0.9292781930712964	0.8320707070707071
Ets1	Ets1_site_1	canonical_watson_crick	1337	0.9892203594327047	0.9818181818181818	0.9605614973262033	0.8787878787878788
Ets1	Ets1_site_1	mismatch	1337	0.9908870693183384	1.0	0.9698243307239689	0.8960055096418733
Ets1	Ets1_site_3	canonical_watson_crick	1337	0.8669341357405551	0.8000000000000002	0.71524064171123	0.7878787878787878
Ets1	Ets1_site_3	mismatch	1337	0.5462823026415232	0.8000000000000002	0.5355469835754192	0.6271186440677966
GR	GR	canonical_watson_crick	1337	0.9733860342555993	0.9428571428571427	0.7047430830039525	0.7777777777777778
GR	GR	mismatch	1337	0.944426268300462	0.9857142857142854	0.8555490395794109	0.797979797979798
Max	Max_site_1	canonical_watson_crick	1337	0.9621621621621623	0.9300699300699302	0.8082368082368083	0.8611111111111112
Max	Max_site_1	mismatch	1337	0.9666223909299713	0.9860139860139862	0.9014396968090886	0.8407079646017699
Max	Max_site_2	canonical_watson_crick	1337	0.9276705276705277	0.9160839160839163	0.6056628056628057	0.7222222222222222
Max	Max_site_2	mismatch	1337	0.8279657943134633	0.9230769230769231	0.5612154983680776	0.6472819216182049
TBP	TBP_site_1	canonical_watson_crick	1337	0.9399332591768631	0.9636363636363635	0.8874304783092326	0.8
TBP	TBP_site_1	mismatch	1337	0.9559552746718522	0.7696969696969697	0.8961247308840891	0.8333333333333334
TBP	TBP_site_2	canonical_watson_crick	1337	0.9408231368186873	0.9636363636363635	0.8843159065628475	0.7666666666666667
TBP	TBP_site_2	mismatch	1337	0.9576706715744148	0.9272727272727272	0.9246406000416694	0.8469696969696969
p53	p53	canonical_watson_crick	1337	0.9222752930959617	0.8617647058823529	0.8365175857577073	0.875
p53	p53	mismatch	1337	0.912227145683836	0.9647058823529412	0.8600726253597814	0.828125
Cbf1	Cbf1	canonical_watson_crick	1338	0.9683397683397684	0.8461538461538463	0.9065637065637066	0.8055555555555556
Cbf1	Cbf1	mismatch	1338	0.9528052407362753	0.965034965034965	0.9287959167269513	0.8005050505050505
Egr1	Egr1	canonical_watson_crick	1338	0.9899613899613902	0.9860139860139862	0.9382239382239383	0.9444444444444444
Egr1	Egr1	mismatch	1338	0.9836628888353027	0.9860139860139862	0.9142231331886506	0.8169191919191919
Ets1	Ets1_site_1	canonical_watson_crick	1338	0.9859602343969265	1.0	0.9601403894139023	0.875
Ets1	Ets1_site_1	mismatch	1338	0.9889198338113933	1.0	0.9701255400413249	0.8825966850828729
Ets1	Ets1_site_3	canonical_watson_crick	1338	0.8300451893597526	-0.23636363636363636	0.6537433155080214	0.7575757575757576
Ets1	Ets1_site_3	mismatch	1338	0.5683655605914245	-0.20909090909090913	0.5512140842720222	0.6180167597765364
GR	GR	canonical_watson_crick	1338	0.9424242424242423	0.95	0.5546772068511199	0.7111111111111111
GR	GR	mismatch	1338	0.9363555132132443	0.9714285714285713	0.8632859038859223	0.795959595959596
Max	Max_site_1	canonical_watson_crick	1338	0.9732303732303732	0.9160839160839163	0.8597168597168597	0.7777777777777778
Max	Max_site_1	mismatch	1338	0.9641226589502452	0.9580419580419581	0.8737480909894704	0.8169191919191919
Max	Max_site_2	canonical_watson_crick	1338	0.9440761973342967	0.8741258741258742	0.6978120978120979	0.8055555555555556
Max	Max_site_2	mismatch	1338	0.8483221705781523	0.9440559440559443	0.5948514835571391	0.680379746835443
TBP	TBP_site_1	canonical_watson_crick	1338	0.957730812013348	0.9636363636363635	0.9283648498331479	0.9
TBP	TBP_site_1	mismatch	1338	0.9487325508715881	0.9878787878787878	0.8774845475380234	0.8181818181818182
TBP	TBP_site_2	canonical_watson_crick	1338	0.9510567296996663	0.9515151515151514	0.9136818687430479	0.8
TBP	TBP_site_2	mismatch	1338	0.9663361454562545	0.9636363636363635	0.924251684144732	0.8606060606060606
p53	p53	canonical_watson_crick	1338	0.9078376031263569	0.8352941176470589	0.7696482848458531	0.8333333333333334
p53	p53	mismatch	1338	0.9309901374517426	0.9088235294117648	0.8819565010986626	0.8409090909090909
Cbf1	Cbf1	canonical_watson_crick	1339	0.9513513513513513	0.8741258741258742	0.8694980694980694	0.8055555555555556
Cbf1	Cbf1	mismatch	1339	0.9676312193553573	0.9160839160839163	0.9422835784904752	0.8207070707070707
Egr1	Egr1	canonical_watson_crick	1339	0.978893178893179	0.9580419580419581	0.9281853281853283	0.9166666666666666
Egr1	Egr1	mismatch	1339	0.9791897757414999	0.9860139860139862	0.8861184792219274	0.8068181818181818
Ets1	Ets1_site_1	canonical_watson_crick	1339	0.9792728826512658	1.0	0.9576334954467641	0.8125
Ets1	Ets1_site_1	mismatch	1339	0.989629424792233	0.990909090909091	0.9761520570522271	0.8852005532503457
Ets1	Ets1_site_3	canonical_watson_crick	1339	0.866694528726946	0.7545454545454545	0.7245989304812834	0.8181818181818182
Ets1	Ets1_site_3	mismatch	1339	0.5293422786739653	0.7636363636363637	0.5006111552503111	0.6153305203938115
GR	GR	canonical_watson_crick	1339	0.9498023715415019	0.8642857142857141	0.5857707509881422	0.6888888888888889
GR	GR	mismatch	1339	0.94113398561684	0.9785714285714284	0.8512773027974113	0.7747474747474747
Max	Max_site_1	canonical_watson_crick	1339	0.9644787644787646	0.9440559440559443	0.8522522522522523	0.8333333333333334
Max	Max_site_1	mismatch	1339	0.9631138234744462	0.9930069930069931	0.8715617715617716	0.8358585858585859
Max	Max_site_2	canonical_watson_crick	1339	0.9377091377091378	0.8461538461538463	0.8362934362934364	0.8055555555555556
Max	Max_site_2	mismatch	1339	0.8541759815130786	0.9160839160839163	0.6275787995128154	0.6940581542351454
TBP	TBP_site_1	canonical_watson_crick	1339	0.9728587319243605	0.9878787878787878	0.9532814238042269	0.9
TBP	TBP_site_1	mismatch	1339	0.9537954024585039	0.9272727272727272	0.8976387249114521	0.8393939393939394
TBP	TBP_site_2	canonical_watson_crick	1339	0.9515016685205783	0.9393939393939393	0.874972191323693	0.7666666666666667
TBP	TBP_site_2	mismatch	1339	0.9656226126814361	0.9515151515151514	0.9223279394402388	0.8666666666666667
p53	p53	canonical_watson_crick	1339	0.920755536257056	0.8764705882352942	0.8006947459834998	0.8333333333333334
p53	p53	mismatch	1339	0.9176755427445279	0.9470588235294116	0.871986568494056	0.8290719696969697
Cbf1	Cbf1	canonical_watson_crick	1340	0.9266409266409267	0.9300699300699302	0.9191763191763193	0.8055555555555556
Cbf1	Cbf1	mismatch	1340	0.9658267020335987	0.9580419580419581	0.9374085684430513	0.8333333333333334
Egr1	Egr1	canonical_watson_crick	1340	0.9714285714285714	0.965034965034965	0.912998712998713	0.8888888888888888
Egr1	Egr1	mismatch	1340	0.981974921630094	0.9860139860139862	0.9122779519331242	0.8345959595959596
Ets1	Ets1_site_1	canonical_watson_crick	1340	0.9791074848444135	0.990909090909091	0.9505347593582889	0.8181818181818182
Ets1	Ets1_site_1	mismatch	1340	0.9905126285358647	1.0	0.970909626917215	0.8808539944903582
Ets1	Ets1_site_3	canonical_watson_crick	1340	0.8442828485456371	0.8727272727272729	0.607620320855615	0.7272727272727273
Ets1	Ets1_site_3	mismatch	1340	0.5802965110941887	0.8272727272727273	0.5134768463475894	0.6024011299435028
GR	GR	canonical_watson_crick	1340	0.9499341238471674	0.9107142857142855	0.7164690382081685	0.7333333333333333
GR	GR	mismatch	1340	0.9292632488657058	0.9892857142857142	0.8353776351121948	0.7868686868686868
Max	Max_site_1	canonical_watson_crick	1340	0.9783783783783785	0.8951048951048951	0.8841698841698843	0.9166666666666666
Max	Max_site_1	mismatch	1340	0.9552919332171983	0.9090909090909092	0.8572301261956435	0.8080808080808081
Max	Max_site_2	canonical_watson_crick	1340	0.9498069498069499	0.7972027972027973	0.8252252252252252	0.8333333333333334
Max	Max_site_2	mismatch	1340	0.867601948800724	0.8811188811188813	0.6402687085734972	0.6736111111111112
TBP	TBP_site_1	canonical_watson_crick	1340	0.9492769744160177	0.9515151515151514	0.9305895439377085	0.8333333333333334
TBP	TBP_site_1	mismatch	1340	0.9563580804222513	0.9878787878787878	0.8975414959372177	0.8348484848484848
TBP	TBP_site_2	canonical_watson_crick	1340	0.9599555061179088	0.9393939393939393	0.9421579532814239	0.9333333333333333
TBP	TBP_site_2	mismatch	1340	0.9578581845961526	0.9515151515151514	0.9095076046947703	0.8378787878787879
p53	p53	canonical_watson_crick	1340	0.9370386452453322	0.8323529411764706	0.7954841511072513	0.8333333333333334
p53	p53	mismatch	1340	0.9330084239634931	0.8941176470588235	0.8851846702655781	0.8494318181818182
Cbf1	Cbf1	canonical_watson_crick	1341	0.9374517374517374	0.8811188811188813	0.8767052767052769	0.75
Cbf1	Cbf1	mismatch	1341	0.9626848351070239	0.9230769230769231	0.9366881045420135	0.8141592920353983
Egr1	Egr1	canonical_watson_crick	1341	0.9842985842985844	0.965034965034965	0.9407979407979409	0.8888888888888888
Egr1	Egr1	mismatch	1341	0.9833976368459127	1.0	0.9132947512257857	0.8143939393939394
Ets1	Ets1_site_1	canonical_watson_crick	1341	0.9762700534759359	0.9818181818181818	0.9542112299465241	0.8181818181818182
Ets1	Ets1_site_1	mismatch	1341	0.9887685299823096	1.0	0.974230737623952	0.8910344827586207
Ets1	Ets1_site_3	canonical_watson_crick	1341	0.8645598466070619	0.5636363636363637	0.589572192513369	0.6666666666666666
Ets1	Ets1_site_3	mismatch	1341	0.6193138285159986	0.7181818181818183	0.5783556097379572	0.6556338028169014
GR	GR	canonical_watson_crick	1341	0.9595520421607378	0.8785714285714284	0.6167325428194993	0.7111111111111111
GR	GR	mismatch	1341	0.9184892537835528	0.9892857142857142	0.8093048139345864	0.7666666666666667
Max	Max_site_1	canonical_watson_crick	1341	0.9817245817245818	0.9440559440559443	0.8414414414414414	0.9166666666666666
Max	Max_site_1	mismatch	1341	0.9597276729902663	0.9930069930069931	0.8526083112290008	0.7941919191919192
Max	Max_site_2	canonical_watson_crick	1341	0.9580437580437582	0.8601398601398602	0.7799227799227799	0.8333333333333334
Max	Max_site_2	mismatch	1341	0.8502978068412267	0.9300699300699302	0.5990997508238889	0.6906565656565656
TBP	TBP_site_1	canonical_watson_crick	1341	0.9586206896551723	0.9999999999999999	0.9016685205784205	0.8666666666666667
TBP	TBP_site_1	mismatch	1341	0.9518455306728886	0.709090909090909	0.8866865754566288	0.8196969696969697
TBP	TBP_site_2	canonical_watson_crick	1341	0.8976640711902113	0.9636363636363635	0.8629588431590656	0.8
TBP	TBP_site_2	mismatch	1341	0.9605111466074032	0.8666666666666665	0.9305437877630389	0.85
p53	p53	canonical_watson_crick	1341	0.9433347807207989	0.8294117647058824	0.8068823273990446	0.875
p53	p53	mismatch	1341	0.9287606549597908	0.8529411764705882	0.8842109992621273	0.837914691943128
Cbf1	Cbf1	canonical_watson_crick	1342	0.9377091377091378	0.8951048951048951	0.8983268983268984	0.75
Cbf1	Cbf1	mismatch	1342	0.9538461538461539	0.9440559440559443	0.9228598987219677	0.7967171717171717
Egr1	Egr1	canonical_watson_crick	1342	0.9799227799227801	0.9860139860139862	0.926898326898327	0.8888888888888888
Egr1	Egr1	mismatch	1342	0.9797242986898159	0.9930069930069931	0.8977453580901857	0.803030303030303
Ets1	Ets1_site_1	canonical_watson_crick	1342	0.981614574628113	1.0	0.9512032085561498	0.7878787878787878
Ets1	Ets1_site_1	mismatch	1342	0.9866526827723784	0.990909090909091	0.9671227873364555	0.8779310344827587
Ets1	Ets1_site_3	canonical_watson_crick	1342	0.9008692744901372	0.21818181818181823	0.6509568001335335	0.7121212121212122
Ets1	Ets1_site_3	mismatch	1342	0.5957963397884545	0.16363636363636366	0.5705886650168601	0.6458625525946704
GR	GR	canonical_watson_crick	1342	0.9541816270534262	0.6464285714285712	0.5459815546772069	0.7333333333333333
GR	GR	mismatch	1342	0.9463481383170262	0.9571428571428571	0.8620307211127916	0.7888888888888889
Max	Max_site_1	canonical_watson_crick	1342	0.9634491634491634	0.9300699300699302	0.813899613899614	0.8333333333333334
Max	Max_site_1	mismatch	1342	0.9657623985210193	1.0	0.8766095972992525	0.8017676767676768
Max	Max_site_2	canonical_watson_crick	1342	0.9385417356457656	0.8531468531468532	0.7438867438867439	0.7777777777777778
Max	Max_site_2	mismatch	1342	0.8209288890042568	0.9300699300699302	0.5346420450951629	0.6460176991150443
TBP	TBP_site_1	canonical_watson_crick	1342	0.9363737486095662	0.9878787878787878	0.9136818687430479	0.8333333333333334
TBP	TBP_site_1	mismatch	1342	0.9595196880347959	0.7939393939393938	0.9051323008542258	0.8303030303030303
TBP	TBP_site_2	canonical_watson_crick	1342	0.9488320355951056	0.9515151515151514	0.8816462736373749	0.7
TBP	TBP_site_2	mismatch	1342	0.9625182304326688	0.9515151515151514	0.9283491909160357	0.8651515151515151
p53	p53	canonical_watson_crick	1342	0.9378782536631656	0.9382352941176471	0.8155666521927919	0.8958333333333334
p53	p53	mismatch	1342	0.9255955446424596	0.9029411764705882	0.8824722971172333	0.8398104265402844
Cbf1	Cbf1	canonical_watson_crick	1343	0.9214929214929215	0.8391608391608393	0.866924066924067	0.7222222222222222
Cbf1	Cbf1	mismatch	1343	0.9551482999758862	0.9160839160839163	0.9250582750582751	0.797979797979798
Egr1	Egr1	canonical_watson_crick	1343	0.984813384813385	0.9580419580419581	0.927927927927928	0.9166666666666666
Egr1	Egr1	mismatch	1343	0.98201109235592	0.9860139860139862	0.9178522626798489	0.8421717171717171
Ets1	Ets1_site_1	canonical_watson_crick	1343	0.9843697897488547	1.0	0.9545454545454546	0.8787878787878788
Ets1	Ets1_site_1	mismatch	1343	0.9894391229956156	1.0	0.970687871685422	0.8951724137931034
Ets1	Ets1_site_3	canonical_watson_crick	1343	0.8498955315934729	0.7181818181818183	0.6216577540106952	0.696969696969697
Ets1	Ets1_site_3	mismatch	1343	0.6382800438947698	0.8545454545454546	0.6288833143962936	0.6541725601131542
GR	GR	canonical_watson_crick	1343	0.9686429512516468	0.982142857142857	0.6815546772068511	0.7777777777777778
GR	GR	mismatch	1343	0.9519079806989926	0.9785714285714284	0.8695721061349629	0.795959595959596
Max	Max_site_1	canonical_watson_crick	1343	0.976833976833977	0.9090909090909092	0.8864864864864865	0.8611111111111112
Max	Max_site_1	mismatch	1343	0.9584237601478981	0.9720279720279721	0.8528172976448838	0.8118686868686869
Max	Max_site_2	canonical_watson_crick	1343	0.9635111674498357	0.9370629370629372	0.802831402831403	0.8611111111111112
Max	Max_site_2	mismatch	1343	0.8563003004642143	0.9300699300699302	0.6239342173757019	0.696969696969697
TBP	TBP_site_1	canonical_watson_crick	1343	0.9488320355951056	0.9757575757575757	0.9105672969966631	0.9333333333333333
TBP	TBP_site_1	mismatch	1343	0.9628393687759645	0.9636363636363635	0.9195499687478296	0.8454545454545455
TBP	TBP_site_2	canonical_watson_crick	1343	0.9314794215795328	0.9878787878787878	0.8593993325917685	0.7666666666666667
TBP	TBP_site_2	mismatch	1343	0.9588165844850336	0.9272727272727272	0.9183623862768246	0.8606060606060606
p53	p53	canonical_watson_crick	1343	0.88797221016066	0.8794117647058824	0.7237299174989145	0.8125
p53	p53	mismatch	1343	0.9162086427395338	0.8970588235294116	0.8765038792284948	0.8304924242424242
Cbf1	Cbf1	canonical_watson_crick	1344	0.9405405405405406	0.9370629370629372	0.8949806949806951	0.7777777777777778
Cbf1	Cbf1	mismatch	1344	0.9574592074592075	0.965034965034965	0.9321035286552529	0.8042929292929293
Egr1	Egr1	canonical_watson_crick	1344	0.9750321750321751	0.9860139860139862	0.9065637065637066	0.8611111111111112
Egr1	Egr1	mismatch	1344	0.9827144120247568	0.9860139860139862	0.8986094365404712	0.8181818181818182
Ets1	Ets1_site_1	canonical_watson_crick	1344	0.9859625668449199	1.0	0.9635695187165776	0.9090909090909091
Ets1	Ets1_site_1	mismatch	1344	0.9902020892604327	1.0	0.9752010811290285	0.8914246196403873
Ets1	Ets1_site_3	canonical_watson_crick	1344	0.8665328771474662	0.6545454545454547	0.6124018051144912	0.734375
Ets1	Ets1_site_3	mismatch	1344	0.6422448844969582	0.690909090909091	0.6151225162819399	0.6643356643356644
GR	GR	canonical_watson_crick	1344	0.9581027667984189	0.8678571428571429	0.7125164690382081	0.7777777777777778
GR	GR	mismatch	1344	0.9349680905465925	0.982142857142857	0.8548844100126547	0.7868686868686868
Max	Max_site_1	canonical_watson_crick	1344	0.9827541827541829	0.9300699300699302	0.8733590733590734	0.8333333333333334
Max	Max_site_1	mismatch	1344	0.9629330439675268	0.9440559440559443	0.8718430994293064	0.8194444444444444
Max	Max_site_2	canonical_watson_crick	1344	0.9513513513513513	0.6363636363636365	0.8365508365508367	0.8333333333333334
Max	Max_site_2	mismatch	1344	0.8357259694798227	0.8531468531468532	0.5709388312836589	0.6616161616161617
TBP	TBP_site_1	canonical_watson_crick	1344	0.9581757508342603	0.9999999999999999	0.9243604004449388	0.8333333333333334
TBP	TBP_site_1	mismatch	1344	0.9454267657476211	0.9393939393939393	0.8821098687408846	0.8136363636363636
TBP	TBP_site_2	canonical_watson_crick	1344	0.9452725250278088	0.9515151515151514	0.8981090100111234	0.8
TBP	TBP_site_2	mismatch	1344	0.9575577428268873	0.9878787878787878	0.9077833665257216	0.842185128983308
p53	p53	canonical_watson_crick	1344	0.9278115501519756	0.9176470588235294	0.7388189318280504	0.8333333333333334
p53	p53	mismatch	1344	0.9243862181922307	0.9205882352941176	0.8823176355695413	0.8428030303030303
Cbf1	Cbf1	canonical_watson_crick	1345	0.9148005148005149	0.8321678321678322	0.8509652509652511	0.6944444444444444
Cbf1	Cbf1	mismatch	1345	0.9625793746483401	0.9160839160839163	0.9287597460011253	0.7967171717171717
Egr1	Egr1	canonical_watson_crick	1345	0.9868725868725869	0.9790209790209792	0.9315315315315315	0.8611111111111112
Egr1	Egr1	mismatch	1345	0.9850524325344902	0.9930069930069931	0.9226750261233021	0.8345959595959596
Ets1	Ets1_site_1	canonical_watson_crick	1345	0.9785242785062487	0.990909090909091	0.9491978609625669	0.7878787878787878
Ets1	Ets1_site_1	mismatch	1345	0.9911334151230177	1.0	0.9782927150615739	0.8998618784530387
Ets1	Ets1_site_3	canonical_watson_crick	1345	0.9497701662924796	0.6818181818181819	0.8118315508021391	0.8181818181818182
Ets1	Ets1_site_3	mismatch	1345	0.6079682197449552	0.7000000000000001	0.5665057789141382	0.6434599156118144
GR	GR	canonical_watson_crick	1345	0.9517786561264822	0.9535714285714283	0.608695652173913	0.7333333333333333
GR	GR	mismatch	1345	0.9472174524084616	0.982142857142857	0.8585608910568803	0.8088978766430738
Max	Max_site_1	canonical_watson_crick	1345	0.9678249678249679	0.9300699300699302	0.9160875160875163	0.9444444444444444
Max	Max_site_1	mismatch	1345	0.9730628025536583	0.9860139860139862	0.8971827023551161	0.8396464646464646
Max	Max_site_2	canonical_watson_crick	1345	0.9315315315315315	0.7902097902097903	0.8007722007722009	0.8055555555555556
Max	Max_site_2	mismatch	1345	0.8467308030482311	0.9230769230769231	0.6057182013467594	0.6820480404551201
TBP	TBP_site_1	canonical_watson_crick	1345	0.9719688542825362	0.9999999999999999	0.935483870967742	0.8666666666666667
TBP	TBP_site_1	mismatch	1345	0.9621657097134263	0.9878787878787878	0.8954510729911798	0.8409090909090909
TBP	TBP_site_2	canonical_watson_crick	1345	0.921245828698554	0.9515151515151514	0.9154616240266963	0.8666666666666667
TBP	TBP_site_2	mismatch	1345	0.9602523790770413	0.9878787878787878	0.9295367733870405	0.8560606060606061
p53	p53	canonical_watson_crick	1345	0.9190186712983065	0.9411764705882352	0.7494572297003907	0.8125
p53	p53	mismatch	1345	0.9069365063499907	0.911764705882353	0.8653002332962593	0.8143939393939394
Cbf1	Cbf1	canonical_watson_crick	1346	0.9117117117117118	0.9020979020979022	0.8471042471042471	0.6944444444444444
Cbf1	Cbf1	mismatch	1346	0.9608070090828712	0.9440559440559443	0.9359456635318704	0.8017676767676768
Egr1	Egr1	canonical_watson_crick	1346	0.9698841698841699	0.9860139860139862	0.8445302445302446	0.7777777777777778
Egr1	Egr1	mismatch	1346	0.9845189293465155	0.9860139860139862	0.9260750743509364	0.8409090909090909
Ets1	Ets1_site_1	canonical_watson_crick	1346	0.9805297936799592	1.0	0.9552139037433156	0.8181818181818182
Ets1	Ets1_site_1	mismatch	1346	0.989299378719053	1.0	0.963166359905282	0.8717241379310345
Ets1	Ets1_site_3	canonical_watson_crick	1346	0.8252402870443457	-0.009090909090909092	0.5123663101604279	0.6666666666666666
Ets1	Ets1_site_3	mismatch	1346	0.5550855174937187	0.18181818181818182	0.5208789087431006	0.6125175808720112
GR	GR	canonical_watson_crick	1346	0.952832674571805	0.7428571428571428	0.5171277997364953	0.6888888888888889
GR	GR	mismatch	1346	0.9375479374611246	0.9749999999999999	0.8451186765023612	0.7929292929292929
Max	Max_site_1	canonical_watson_crick	1346	0.9619047619047619	0.8111888111888113	0.8504504504504505	0.8611111111111112
Max	Max_site_1	mismatch	1346	0.9670363456240366	0.9720279720279721	0.8662326179567559	0.821969696969697
Max	Max_site_2	canonical_watson_crick	1346	0.9444015444015444	0.9510489510489512	0.7546975546975547	0.7777777777777778
Max	Max_site_2	mismatch	1346	0.8732440782702657	0.9300699300699302	0.6755083996463307	0.7070707070707071
TBP	TBP_site_1	canonical_watson_crick	1346	0.9586206896551723	0.9636363636363635	0.9265850945494994	0.8333333333333334
TBP	TBP_site_1	mismatch	1346	0.9644419751371622	0.8545454545454544	0.9036877560941731	0.8515151515151516
TBP	TBP_site_2	canonical_watson_crick	1346	0.9123470522803115	0.9393939393939393	0.8340378197997775	0.7333333333333333
TBP	TBP_site_2	mismatch	1346	0.9615737203972498	0.9272727272727272	0.9125217028960344	0.8469696969696969
p53	p53	canonical_watson_crick	1346	0.9097915762049501	0.9323529411764706	0.7108119843682154	0.8125
p53	p53	mismatch	1346	0.9281226435608768	0.9176470588235294	0.8884224464857751	0.8398104265402844
Cbf1	Cbf1	canonical_watson_crick	1347	0.9245817245817246	0.9020979020979022	0.8805662805662806	0.7777777777777778
Cbf1	Cbf1	mismatch	1347	0.9479704203842134	0.9440559440559443	0.9122096294510087	0.7828282828282829
Egr1	Egr1	canonical_watson_crick	1347	0.9763191763191764	0.965034965034965	0.8893178893178894	0.8055555555555556
Egr1	Egr1	mismatch	1347	0.9827274563217888	0.9790209790209792	0.9135278514588859	0.8207070707070707
Ets1	Ets1_site_1	canonical_watson_crick	1347	0.9752673796791445	0.990909090909091	0.948529411764706	0.7575757575757576
Ets1	Ets1_site_1	mismatch	1347	0.9874170682399085	1.0	0.9631272265269886	0.880524861878453
Ets1	Ets1_site_3	canonical_watson_crick	1347	0.833361204013378	0.4090909090909091	0.6696749417548314	0.65625
Ets1	Ets1_site_3	mismatch	1347	0.5478367367052912	0.36363636363636365	0.5360605803775721	0.6139860139860139
GR	GR	canonical_watson_crick	1347	0.9620553359683794	0.907142857142857	0.7247694334650856	0.8444444444444444
GR	GR	mismatch	1347	0.9298023601551488	0.9714285714285713	0.8389909153574697	0.7707070707070707
Max	Max_site_1	canonical_watson_crick	1347	0.9716859716859718	0.9300699300699302	0.8815958815958815	0.8611111111111112
Max	Max_site_1	mismatch	1347	0.959547863656258	1.0	0.8636079567736205	0.8075949367088607
Max	Max_site_2	canonical_watson_crick	1347	0.9472329472329473	0.8251748251748254	0.8084942084942085	0.8055555555555556
Max	Max_site_2	mismatch	1347	0.8675689986675978	0.9090909090909092	0.6496248790543419	0.6991150442477876
TBP	TBP_site_1	canonical_watson_crick	1347	0.9537263626251389	0.9878787878787878	0.8909899888765294	0.8666666666666667
TBP	TBP_site_1	mismatch	1347	0.952010556288631	0.6242424242424242	0.8913882908535313	0.8348484848484848
TBP	TBP_site_2	canonical_watson_crick	1347	0.9528364849833146	0.9515151515151514	0.9270300333704115	0.8333333333333334
TBP	TBP_site_2	mismatch	1347	0.9596221959858322	0.9515151515151514	0.9154941315369122	0.8469696969696969
p53	p53	canonical_watson_crick	1347	0.9152100803040147	0.8558823529411764	0.7467433782023448	0.7708333333333334
p53	p53	mismatch	1347	0.9334624999897387	0.9470588235294116	0.8906745924097335	0.8541666666666666
Cbf1	Cbf1	canonical_watson_crick	1348	0.944916344916345	0.9370629370629372	0.9222651222651224	0.8333333333333334
Cbf1	Cbf1	mismatch	1348	0.9640543364681297	0.9230769230769231	0.936090346435174	0.8207070707070707
Egr1	Egr1	canonical_watson_crick	1348	0.9832689832689833	0.9860139860139862	0.9534105534105534	0.8888888888888888
Egr1	Egr1	mismatch	1348	0.9839120649465477	0.9930069930069931	0.903066473756129	0.8143939393939394
Ets1	Ets1_site_1	canonical_watson_crick	1348	0.9842914438502673	1.0	0.9495320855614974	0.8181818181818182
Ets1	Ets1_site_1	mismatch	1348	0.9881789412476657	0.990909090909091	0.9703408125923815	0.886049723756906
Ets1	Ets1_site_3	canonical_watson_crick	1348	0.8640809433279731	0.7090909090909092	0.6480614973262032	0.7878787878787878
Ets1	Ets1_site_3	mismatch	1348	0.520372497467993	0.7545454545454545	0.5079117639385322	0.6054852320675106
GR	GR	canonical_watson_crick	1348	0.9496706192358365	0.9571428571428571	0.4888010540184453	0.7333333333333333
GR	GR	mismatch	1348	0.9417785228858735	0.9892857142857142	0.8472586602467154	0.796969696969697
Max	Max_site_1	canonical_watson_crick	1348	0.9660231660231662	0.8531468531468532	0.8036036036036037	0.8333333333333334
Max	Max_site_1	mismatch	1348	0.9619915621654664	0.9440559440559443	0.8726750261233021	0.8131313131313131
Max	Max_site_2	canonical_watson_crick	1348	0.9413127413127413	0.8251748251748254	0.7405405405405406	0.8333333333333334
Max	Max_site_2	mismatch	1348	0.8573541409619041	0.8671328671328673	0.651963921674553	0.6927939317319848
TBP	TBP_site_1	canonical_watson_crick	1348	0.971523915461624	0.9636363636363635	0.9670745272525029	0.8666666666666667
TBP	TBP_site_1	mismatch	1348	0.9515105215639975	0.6121212121212121	0.8849920133342593	0.8227272727272728
TBP	TBP_site_2	canonical_watson_crick	1348	0.921690767519466	0.9272727272727272	0.8487208008898777	0.7666666666666667
TBP	TBP_site_2	mismatch	1348	0.9526685059193919	0.8909090909090909	0.900083339120772	0.8469696969696969
p53	p53	canonical_watson_crick	1348	0.9153526749103318	0.8352941176470589	0.793747286148502	0.8125
p53	p53	mismatch	1348	0.9252687110097908	0.95	0.8800681238929918	0.837594696969697
Cbf1	Cbf1	canonical_watson_crick	1349	0.9505791505791507	0.8671328671328673	0.9317889317889319	0.8055555555555556
Cbf1	Cbf1	mismatch	1349	0.9649897164518539	0.9230769230769231	0.9438951852744957	0.8207070707070707
Egr1	Egr1	canonical_watson_crick	1349	0.9845559845559846	0.9720279720279721	0.8926640926640929	0.8611111111111112
Egr1	Egr1	mismatch	1349	0.9809139136725343	0.9930069930069931	0.9009806285668356	0.8156565656565656
Ets1	Ets1_site_1	canonical_watson_crick	1349	0.9860426277647549	1.0	0.9444305205531702	0.803030303030303
Ets1	Ets1_site_1	mismatch	1349	0.9859717870383172	0.990909090909091	0.9687310447212611	0.8879668049792531
Ets1	Ets1_site_3	canonical_watson_crick	1349	0.8825004301772796	0.9090909090909091	0.7219251336898396	0.7878787878787878
Ets1	Ets1_site_3	mismatch	1349	0.52130145389341	0.8272727272727273	0.4972116304041529	0.6001410437235543
GR	GR	canonical_watson_crick	1349	0.9595520421607378	0.8178571428571428	0.5864295125164689	0.7555555555555555
GR	GR	mismatch	1349	0.9351399734559708	0.982142857142857	0.8527608876817185	0.7848484848484848
Max	Max_site_1	canonical_watson_crick	1349	0.9750321750321751	0.9440559440559443	0.8172458172458172	0.8055555555555556
Max	Max_site_1	mismatch	1349	0.9612228945098069	0.9720279720279721	0.8686882083433808	0.803030303030303
Max	Max_site_2	canonical_watson_crick	1349	0.9523809523809524	0.7902097902097903	0.7310167310167311	0.75
Max	Max_site_2	mismatch	1349	0.8444279219417803	0.8041958041958043	0.6132867132867132	0.6818181818181818
TBP	TBP_site_1	canonical_watson_crick	1349	0.9688542825361514	0.9878787878787878	0.9234705228031145	0.8333333333333334
TBP	TBP_site_1	mismatch	1349	0.9552468921452879	0.8909090909090909	0.8827210222932148	0.8242424242424242
TBP	TBP_site_2	canonical_watson_crick	1349	0.9706340378197997	0.9515151515151514	0.9381535038932147	0.8666666666666667
TBP	TBP_site_2	mismatch	1349	0.9479894437113686	0.9999999999999999	0.9017223418292937	0.8454545454545455
p53	p53	canonical_watson_crick	1349	0.9083507480208967	0.9647058823529412	0.7457663916630483	0.7916666666666666
p53	p53	mismatch	1349	0.9181296092925915	0.9029411764705882	0.8696491061497981	0.8323863636363636
Cbf1	Cbf1	canonical_watson_crick	1350	0.9601029601029603	0.8951048951048951	0.9202059202059203	0.8611111111111112
Cbf1	Cbf1	mismatch	1350	0.9558234868579697	0.9230769230769231	0.9250703319668838	0.7904040404040404
Egr1	Egr1	canonical_watson_crick	1350	0.9662805662805664	0.9230769230769231	0.8558558558558559	0.8333333333333334
Egr1	Egr1	mismatch	1350	0.9855799373040752	1.0	0.917683465959328	0.8282828282828283
Ets1	Ets1_site_1	canonical_watson_crick	1350	0.9788585310352004	0.990909090909091	0.9498663101604279	0.8484848484848485
Ets1	Ets1_site_1	mismatch	1350	0.9900208323353881	0.990909090909091	0.9736605244414991	0.8914246196403873
Ets1	Ets1_site_3	canonical_watson_crick	1350	0.8332915570189137	0.5	0.6306818181818182	0.6666666666666666
Ets1	Ets1_site_3	mismatch	1350	0.644752938944779	0.8363636363636365	0.6052443114861354	0.6666666666666666
GR	GR	canonical_watson_crick	1350	0.9554677206851118	0.9428571428571427	0.6725955204216074	0.6666666666666666
GR	GR	mismatch	1350	0.9348101972336789	0.982142857142857	0.8410815148615698	0.7858585858585858
Max	Max_site_1	canonical_watson_crick	1350	0.9773487773487773	0.9020979020979022	0.8326898326898329	0.8055555555555556
Max	Max_site_1	mismatch	1350	0.9623461609185016	0.9720279720279721	0.8668595772044049	0.8143939393939394
Max	Max_site_2	canonical_watson_crick	1350	0.9458781150933533	0.8181818181818183	0.8193050193050193	0.8333333333333334
Max	Max_site_2	mismatch	1350	0.8637704516151659	0.9020979020979022	0.6344653107322858	0.6912878787878788
TBP	TBP_site_1	canonical_watson_crick	1350	0.9457174638487208	0.9272727272727272	0.9056729699666296	0.8333333333333334
TBP	TBP_site_1	mismatch	1350	0.9554274602402943	0.9272727272727272	0.885228140843114	0.8257575757575758
TBP	TBP_site_2	canonical_watson_crick	1350	0.9381535038932147	0.9515151515151514	0.9092324805339266	0.8
TBP	TBP_site_2	mismatch	1350	0.954427390791027	0.9151515151515152	0.9031252170289603	0.8575757575757575
p53	p53	canonical_watson_crick	1350	0.8905775075987841	0.8441176470588234	0.8349978289188016	0.875
p53	p53	mismatch	1350	0.9240279854735216	0.9147058823529413	0.8826452348244777	0.8442234848484849
Cbf1	Cbf1	canonical_watson_crick	1351	0.9480051480051481	0.9300699300699302	0.937966537966538	0.8888888888888888
Cbf1	Cbf1	mismatch	1351	0.9670002411381722	0.9720279720279721	0.949123864641106	0.8459595959595959
Egr1	Egr1	canonical_watson_crick	1351	0.9832689832689833	0.9720279720279721	0.9320463320463322	0.8888888888888888
Egr1	Egr1	mismatch	1351	0.9832810867293627	0.9860139860139862	0.925150711357608	0.8308080808080808
Ets1	Ets1_site_1	canonical_watson_crick	1351	0.9876336898395723	1.0	0.967245989304813	0.8787878787878788
Ets1	Ets1_site_1	mismatch	1351	0.9910122150389513	1.0	0.9751255203117053	0.8979310344827586
Ets1	Ets1_site_3	canonical_watson_crick	1351	0.811470615661025	0.6454545454545455	0.6978609625668449	0.7272727272727273
Ets1	Ets1_site_3	mismatch	1351	0.5604118182241332	0.8272727272727273	0.5104157290658082	0.6237693389592124
GR	GR	canonical_watson_crick	1351	0.9728590250329379	0.8035714285714284	0.6424242424242423	0.6888888888888889
GR	GR	mismatch	1351	0.936335483605461	0.9749999999999999	0.8591993580048766	0.794949494949495
Max	Max_site_1	canonical_watson_crick	1351	0.9822393822393823	0.9160839160839163	0.9055341055341055	0.8888888888888888
Max	Max_site_1	mismatch	1351	0.9612650548545609	0.9720279720279721	0.8578651233823648	0.8005050505050505
Max	Max_site_2	canonical_watson_crick	1351	0.9500643500643502	0.8741258741258742	0.7876447876447877	0.7777777777777778
Max	Max_site_2	mismatch	1351	0.8258429337063559	0.9440559440559443	0.5680417249839346	0.6586599241466498
TBP	TBP_site_1	canonical_watson_crick	1351	0.9448275862068966	0.9878787878787878	0.9078976640711901	0.8333333333333334
TBP	TBP_site_1	mismatch	1351	0.9466629627057435	0.9272727272727272	0.874088478366553	0.803030303030303
TBP	TBP_site_2	canonical_watson_crick	1351	0.9724137931034482	0.9515151515151514	0.9101223581757508	0.9
TBP	TBP_site_2	mismatch	1351	0.9521927776123414	0.9393939393939393	0.902736301132023	0.8287878787878787
p53	p53	canonical_watson_crick	1351	0.9182587928788536	0.6470588235294118	0.7327399044724273	0.8541666666666666
p53	p53	mismatch	1351	0.9284931645042498	0.6294117647058822	0.8900167512139544	0.8380681818181818
Cbf1	Cbf1	canonical_watson_crick	1352	0.9338481338481339	0.8671328671328673	0.8895752895752895	0.7777777777777778
Cbf1	Cbf1	mismatch	1352	0.955716895180965	0.9790209790209792	0.9367102088966718	0.8112373737373737
Egr1	Egr1	canonical_watson_crick	1352	0.9680823680823682	0.9510489510489512	0.8926640926640929	0.8611111111111112
Egr1	Egr1	mismatch	1352	0.982977620323166	0.9860139860139862	0.9180893818824853	0.8232323232323232
Ets1	Ets1_site_1	canonical_watson_crick	1352	0.9789438502673797	0.990909090909091	0.9595588235294118	0.7878787878787878
Ets1	Ets1_site_1	mismatch	1352	0.9922149345973481	1.0	0.9752702170478418	0.9009695290858726
Ets1	Ets1_site_3	canonical_watson_crick	1352	0.7901689122598833	0.6636363636363638	0.6029411764705882	0.696969696969697
Ets1	Ets1_site_3	mismatch	1352	0.5975452630178888	0.6818181818181819	0.5935299473785426	0.6547116736990155
GR	GR	canonical_watson_crick	1352	0.9607378129117258	0.9285714285714284	0.62266139657444	0.7111111111111111
GR	GR	mismatch	1352	0.9518647694887702	0.9928571428571428	0.8715145529183	0.8101010101010101
Max	Max_site_1	canonical_watson_crick	1352	0.9752895752895753	0.8811188811188813	0.896010296010296	0.8611111111111112
Max	Max_site_1	mismatch	1352	0.9703038340969375	0.9930069930069931	0.8777469656780001	0.8257575757575758
Max	Max_site_2	canonical_watson_crick	1352	0.9402754615155843	0.9090909090909092	0.755984555984556	0.8055555555555556
Max	Max_site_2	mismatch	1352	0.8295102655164978	0.9230769230769231	0.5467848243710314	0.6553030303030303
TBP	TBP_site_1	canonical_watson_crick	1352	0.957730812013348	0.9878787878787878	0.9194660734149054	0.8666666666666667
TBP	TBP_site_1	mismatch	1352	0.9483991943884991	0.9878787878787878	0.8606569900687547	0.8045454545454546
TBP	TBP_site_2	canonical_watson_crick	1352	0.9199110122358174	0.9515151515151514	0.8731924360400445	0.7666666666666667
TBP	TBP_site_2	mismatch	1352	0.9486005972636987	0.9393939393939393	0.9209458990207652	0.8378787878787879
p53	p53	canonical_watson_crick	1352	0.9084593050269344	0.9235294117647058	0.7922490300635201	0.8085106382978723
p53	p53	mismatch	1352	0.9344336367662609	0.9294117647058824	0.9053319046198085	0.8418560606060606
Cbf1	Cbf1	canonical_watson_crick	1353	0.9485199485199486	0.8811188811188813	0.9173745173745174	0.8055555555555556
Cbf1	Cbf1	mismatch	1353	0.9638373121131742	0.9300699300699302	0.9320753958684993	0.8257575757575758
Egr1	Egr1	canonical_watson_crick	1353	0.9873873873873874	0.9860139860139862	0.9459459459459459	0.9722222222222222
Egr1	Egr1	mismatch	1353	0.9847359537014709	0.9930069930069931	0.9125311470139056	0.827020202020202
Ets1	Ets1_site_1	canonical_watson_crick	1353	0.9726748592495931	0.990909090909091	0.9548796791443851	0.8181818181818182
Ets1	Ets1_site_1	mismatch	1353	0.9891560135697635	1.0	0.9728610021544679	0.8929558011049724
Ets1	Ets1_site_3	canonical_watson_crick	1353	0.8825938026970964	0.790909090909091	0.7760695187165776	0.8484848484848485
Ets1	Ets1_site_3	mismatch	1353	0.5852517484963021	0.7545454545454545	0.5742147652545869	0.6290550070521862
GR	GR	canonical_watson_crick	1353	0.9681159420289854	0.9392857142857142	0.5972332015810277	0.7111111111111111
GR	GR	mismatch	1353	0.9360350628105806	0.9928571428571428	0.8400074076360381	0.7666666666666667
Max	Max_site_1	canonical_watson_crick	1353	0.9727155727155729	0.8951048951048951	0.9171171171171172	0.9166666666666666
Max	Max_site_1	mismatch	1353	0.9634263357314724	0.965034965034965	0.8815850815850816	0.8207070707070707
Max	Max_site_2	canonical_watson_crick	1353	0.9359073359073359	0.9510489510489512	0.7696267696267697	0.8333333333333334
Max	Max_site_2	mismatch	1353	0.8448438873682395	0.9370629370629372	0.6273376610983605	0.6875
TBP	TBP_site_1	canonical_watson_crick	1353	0.9559510567296997	0.9878787878787878	0.9412680756395997	0.8666666666666667
TBP	TBP_site_1	mismatch	1353	0.9470361605614672	0.9757575757575757	0.8916244183623863	0.8287878787878787
TBP	TBP_site_2	canonical_watson_crick	1353	0.9047830923248054	0.9393939393939393	0.84293659621802	0.8
TBP	TBP_site_2	mismatch	1353	0.9569136745607334	0.9515151515151514	0.914507951941107	0.8469696969696969
p53	p53	canonical_watson_crick	1353	0.8929899316665546	0.8970588235294116	0.6569691706469821	0.7708333333333334
p53	p53	mismatch	1353	0.9239755224911362	0.961764705882353	0.8728118920156155	0.8459715639810427
Cbf1	Cbf1	canonical_watson_crick	1354	0.9155727155727155	0.9160839160839163	0.8393822393822393	0.75
Cbf1	Cbf1	mismatch	1354	0.9480427618358652	0.9370629370629372	0.9167148943011013	0.7790404040404041
Egr1	Egr1	canonical_watson_crick	1354	0.9899613899613902	0.9790209790209792	0.9253539253539254	0.8888888888888888
Egr1	Egr1	mismatch	1354	0.9830801382525521	0.9860139860139862	0.9095852423438632	0.8143939393939394
Ets1	Ets1_site_1	canonical_watson_crick	1354	0.9847902390105299	1.0	0.9558823529411766	0.8787878787878788
Ets1	Ets1_site_1	mismatch	1354	0.987945442083478	0.990909090909091	0.9691889466357364	0.876210235131397
Ets1	Ets1_site_3	canonical_watson_crick	1354	0.9209096519076284	0.5909090909090909	0.7462187708847823	0.78125
Ets1	Ets1_site_3	mismatch	1354	0.5730515426480375	0.881818181818182	0.5708447150922116	0.6384180790960452
GR	GR	canonical_watson_crick	1354	0.9565217391304347	0.907142857142857	0.6115942028985506	0.7777777777777778
GR	GR	mismatch	1354	0.9500663600728417	0.9892857142857142	0.882198010226653	0.8161616161616162
Max	Max_site_1	canonical_watson_crick	1354	0.9738078403587306	0.9510489510489512	0.8483912483912485	0.8611111111111112
Max	Max_site_1	mismatch	1354	0.9612380046202954	0.9440559440559443	0.8671609999196207	0.8156565656565656
Max	Max_site_2	canonical_watson_crick	1354	0.9364221364221365	0.8251748251748254	0.6787644787644789	0.7222222222222222
Max	Max_site_2	mismatch	1354	0.8331109485664967	0.8601398601398602	0.5860788783851507	0.672566371681416
TBP	TBP_site_1	canonical_watson_crick	1354	0.9599555061179088	0.9393939393939393	0.9083426028921023	0.8333333333333334
TBP	TBP_site_1	mismatch	1354	0.9588096395583025	0.8303030303030302	0.9111257726230988	0.8393939393939394
TBP	TBP_site_2	canonical_watson_crick	1354	0.9385984427141268	0.9636363636363635	0.8674082313681868	0.8
TBP	TBP_site_2	mismatch	1354	0.9493298145704563	0.9636363636363635	0.9075352455031598	0.8363636363636363
p53	p53	canonical_watson_crick	1354	0.8655015197568389	0.9147058823529413	0.6257056013894919	0.7291666666666666
p53	p53	mismatch	1354	0.9142231756425916	0.9676470588235294	0.8598347766011492	0.8191287878787878
Cbf1	Cbf1	canonical_watson_crick	1355	0.9305019305019305	0.9160839160839163	0.8404118404118405	0.6666666666666666
Cbf1	Cbf1	mismatch	1355	0.9551070604327832	0.9300699300699302	0.9207941483803553	0.803030303030303
Egr1	Egr1	canonical_watson_crick	1355	0.9799227799227801	0.9860139860139862	0.9212355212355212	0.9166666666666666
Egr1	Egr1	mismatch	1355	0.9772928221204082	0.9930069930069931	0.883212764247247	0.7853535353535354
Ets1	Ets1_site_1	canonical_watson_crick	1355	0.9721734804561655	1.0	0.9538770053475937	0.8787878787878788
Ets1	Ets1_site_1	mismatch	1355	0.9890685433714098	0.990909090909091	0.9679928933978658	0.8731034482758621
Ets1	Ets1_site_3	canonical_watson_crick	1355	0.8981109996656637	0.5727272727272729	0.6544117647058825	0.7575757575757576
Ets1	Ets1_site_3	mismatch	1355	0.5308227715330969	0.790909090909091	0.507552345933812	0.6061884669479606
GR	GR	canonical_watson_crick	1355	0.9542819499341239	0.907142857142857	0.6047430830039525	0.7555555555555555
GR	GR	mismatch	1355	0.9340452894636665	0.9857142857142854	0.8544605286171383	0.794949494949495
Max	Max_site_1	canonical_watson_crick	1355	0.9752895752895753	0.9370629370629372	0.834749034749035	0.8055555555555556
Max	Max_site_1	mismatch	1355	0.9682771730889856	0.9790209790209792	0.8761241822649128	0.8301767676767676
Max	Max_site_2	canonical_watson_crick	1355	0.9438867438867439	0.9090909090909092	0.7462033462033463	0.8333333333333334
Max	Max_site_2	mismatch	1355	0.8381753786646113	0.9720279720279721	0.6162633794145256	0.6991150442477876
TBP	TBP_site_1	canonical_watson_crick	1355	0.9474972191323694	0.9393939393939393	0.8954393770856508	0.8666666666666667
TBP	TBP_site_1	mismatch	1355	0.9643655809431209	0.9999999999999999	0.9051045211473017	0.8287878787878787
TBP	TBP_site_2	canonical_watson_crick	1355	0.9332591768631814	0.9636363636363635	0.8834260289210233	0.7333333333333333
TBP	TBP_site_2	mismatch	1355	0.9581151468852004	0.9999999999999999	0.9159941662615458	0.8318181818181818
p53	p53	canonical_watson_crick	1355	0.9212147532363704	0.8352941176470589	0.7850842676650284	0.8229166666666666
p53	p53	mismatch	1355	0.9277628105465008	0.7411764705882353	0.8947199766703742	0.8456439393939394
Cbf1	Cbf1	canonical_watson_crick	1356	0.9459459459459459	0.7622377622377624	0.8833976833976834	0.8055555555555556
Cbf1	Cbf1	mismatch	1356	0.962132226240565	0.9160839160839163	0.9288119926050962	0.8005050505050505
Egr1	Egr1	canonical_watson_crick	1356	0.9734877734877735	0.965034965034965	0.8821106821106822	0.8611111111111112
Egr1	Egr1	mismatch	1356	0.9816011574632264	0.9930069930069931	0.904324411220963	0.8194444444444444
Ets1	Ets1_site_1	canonical_watson_crick	1356	0.9814474481062473	0.990909090909091	0.9605614973262033	0.8181818181818182
Ets1	Ets1_site_1	mismatch	1356	0.9871990879342698	0.990909090909091	0.9719440132531537	0.8820689655172413
Ets1	Ets1_site_3	canonical_watson_crick	1356	0.8983022780024082	0.8000000000000002	0.6236002005682768	0.734375
Ets1	Ets1_site_3	mismatch	1356	0.5463032233191364	0.8090909090909091	0.48495853667168415	0.6012658227848101
GR	GR	canonical_watson_crick	1356	0.9656126482213437	0.9357142857142854	0.6379446640316205	0.6888888888888889
GR	GR	mismatch	1356	0.9388931757152998	0.982142857142857	0.8413901663631592	0.7858585858585858
Max	Max_site_1	canonical_watson_crick	1356	0.9701415701415703	0.8741258741258742	0.8844272844272845	0.8611111111111112
Max	Max_site_1	mismatch	1356	0.9614066464086274	0.9860139860139862	0.85817544628233	0.8002528445006322
Max	Max_site_2	canonical_watson_crick	1356	0.9516087516087516	0.8601398601398602	0.7850707850707851	0.8055555555555556
Max	Max_site_2	mismatch	1356	0.8718557748249363	0.9440559440559443	0.6423840527288803	0.6868686868686869
TBP	TBP_site_1	canonical_watson_crick	1356	0.9510567296996663	0.9878787878787878	0.9101223581757508	0.8666666666666667
TBP	TBP_site_1	mismatch	1356	0.9655253837072018	0.7333333333333332	0.9101048683936384	0.853030303030303
TBP	TBP_site_2	canonical_watson_crick	1356	0.9479421579532814	0.9272727272727272	0.9047830923248054	0.8
TBP	TBP_site_2	mismatch	1356	0.9589902076533091	0.9636363636363635	0.9096256684491976	0.8545454545454545
p53	p53	canonical_watson_crick	1356	0.9254233608336951	0.8970588235294116	0.782783326096396	0.875
p53	p53	mismatch	1356	0.9178971908168417	0.9441176470588234	0.8844965876564707	0.8372865275142315
Cbf1	Cbf1	canonical_watson_crick	1357	0.9353925353925354	0.7972027972027973	0.9137709137709138	0.8055555555555556
Cbf1	Cbf1	mismatch	1357	0.9560847198778233	0.9230769230769231	0.9227353106663452	0.8005050505050505
Egr1	Egr1	canonical_watson_crick	1357	0.9783783783783785	0.9790209790209792	0.868983268983269	0.8055555555555556
Egr1	Egr1	mismatch	1357	0.9846264213356201	0.9930069930069931	0.92069367414195	0.8371212121212122
Ets1	Ets1_site_1	canonical_watson_crick	1357	0.9846256684491979	0.990909090909091	0.956216577540107	0.8181818181818182
Ets1	Ets1_site_1	mismatch	1357	0.9900364599712248	1.0	0.9741536743714408	0.8997233748271093
Ets1	Ets1_site_3	canonical_watson_crick	1357	0.80862444719653	0.38181818181818183	0.6022727272727274	0.696969696969697
Ets1	Ets1_site_3	mismatch	1357	0.589788098602648	0.5636363636363637	0.5880893430227979	0.6349431818181818
GR	GR	canonical_watson_crick	1357	0.9474308300395257	0.9249999999999998	0.5969696969696969	0.7111111111111111
GR	GR	mismatch	1357	0.948640878134676	0.9785714285714284	0.8703457925656142	0.8161616161616162
Max	Max_site_1	canonical_watson_crick	1357	0.978893178893179	0.9370629370629372	0.9032175032175033	0.8611111111111112
Max	Max_site_1	mismatch	1357	0.9617312951777621	0.965034965034965	0.8551282051282051	0.8080808080808081
Max	Max_site_2	canonical_watson_crick	1357	0.9346203346203347	0.8811188811188813	0.7212355212355213	0.7222222222222222
Max	Max_site_2	mismatch	1357	0.8629950626860033	0.9160839160839163	0.6288200305441685	0.6792929292929293
TBP	TBP_site_1	canonical_watson_crick	1357	0.9599555061179088	0.9636363636363635	0.9305895439377085	0.8666666666666667
TBP	TBP_site_1	mismatch	1357	0.9505035071879989	0.6727272727272726	0.8805333703729424	0.8121212121212121
TBP	TBP_site_2	canonical_watson_crick	1357	0.9474972191323694	0.9757575757575757	0.9430478309232482	0.8333333333333334
TBP	TBP_site_2	mismatch	1357	0.9619418015139939	0.9636363636363635	0.9141259809709007	0.8469696969696969
p53	p53	canonical_watson_crick	1357	0.9131272562865578	0.9352941176470588	0.7820234476769432	0.7916666666666666
p53	p53	mismatch	1357	0.9216509658912921	0.8558823529411764	0.8825142101451524	0.8428030303030303
Cbf1	Cbf1	canonical_watson_crick	1358	0.9531531531531532	0.8321678321678322	0.8911196911196911	0.8333333333333334
Cbf1	Cbf1	mismatch	1358	0.9616751065026926	0.9020979020979022	0.9274535809018568	0.8106060606060606
Egr1	Egr1	canonical_watson_crick	1358	0.9716859716859718	0.9440559440559443	0.9583011583011584	0.9166666666666666
Egr1	Egr1	mismatch	1358	0.9822240977413392	0.9860139860139862	0.9023109074833213	0.7954545454545454
Ets1	Ets1_site_1	canonical_watson_crick	1358	0.9873819705234701	0.990909090909091	0.9506141923387775	0.84375
Ets1	Ets1_site_1	mismatch	1358	0.9918418142436807	1.0	0.979310182897199	0.9158620689655173
Ets1	Ets1_site_3	canonical_watson_crick	1358	0.8767237807469299	0.5727272727272729	0.6734625668449199	0.7272727272727273
Ets1	Ets1_site_3	mismatch	1358	0.6415356845942356	0.7272727272727273	0.6040585299072814	0.653954802259887
GR	GR	canonical_watson_crick	1358	0.9723320158102765	0.9464285714285712	0.6994729907773385	0.7777777777777778
GR	GR	mismatch	1358	0.933144027079025	0.9964285714285712	0.8363653199172814	0.7878787878787878
Max	Max_site_1	canonical_watson_crick	1358	0.9621621621621623	0.8321678321678322	0.84993564993565	0.8888888888888888
Max	Max_site_1	mismatch	1358	0.961183748477043	0.965034965034965	0.8696969696969697	0.8106060606060606
Max	Max_site_2	canonical_watson_crick	1358	0.9572715572715573	0.8531468531468532	0.8437580437580439	0.9166666666666666
Max	Max_site_2	mismatch	1358	0.8461023720165948	0.8741258741258742	0.6051876963031596	0.6755050505050505
TBP	TBP_site_1	canonical_watson_crick	1358	0.9764182424916574	0.9878787878787878	0.9408231368186873	0.9
TBP	TBP_site_1	mismatch	1358	0.9616552567124305	0.9272727272727272	0.9033177708843584	0.8391502276176024
TBP	TBP_site_2	canonical_watson_crick	1358	0.9283648498331479	0.9757575757575757	0.8562847608453837	0.8
TBP	TBP_site_2	mismatch	1358	0.9409264532259183	0.9757575757575757	0.8886589346482393	0.8196969696969697
p53	p53	canonical_watson_crick	1358	0.9293313069908813	0.8852941176470588	0.8024316109422492	0.875
p53	p53	mismatch	1358	0.9364329118391446	0.961764705882353	0.8952518850422829	0.8413825757575758
Cbf1	Cbf1	canonical_watson_crick	1359	0.9590733590733591	0.9300699300699302	0.8903474903474904	0.7777777777777778
Cbf1	Cbf1	mismatch	1359	0.949770918736436	0.9300699300699302	0.9077606301744233	0.7803030303030303
Egr1	Egr1	canonical_watson_crick	1359	0.9806949806949807	0.9720279720279721	0.8934362934362934	0.8611111111111112
Egr1	Egr1	mismatch	1359	0.9832167832167832	0.9930069930069931	0.9103568844948156	0.8257575757575758
Ets1	Ets1_site_1	canonical_watson_crick	1359	0.9745989304812834	1.0	0.9391711229946524	0.7272727272727273
Ets1	Ets1_site_1	mismatch	1359	0.99026084143408	1.0	0.9715448533152453	0.8793103448275862
Ets1	Ets1_site_3	canonical_watson_crick	1359	0.7663630193733904	0.7000000000000001	0.6580882352941176	0.6666666666666666
Ets1	Ets1_site_3	mismatch	1359	0.5369193275234542	0.8454545454545455	0.5200147145917092	0.6113445378151261
GR	GR	canonical_watson_crick	1359	0.9484848484848485	0.9249999999999998	0.5401844532279314	0.6
GR	GR	mismatch	1359	0.940205973435394	0.9892857142857142	0.8571663734477402	0.798989898989899
Max	Max_site_1	canonical_watson_crick	1359	0.9760617760617762	0.8951048951048951	0.8450450450450451	0.8611111111111112
Max	Max_site_1	mismatch	1359	0.9657623297228922	0.9790209790209792	0.8838124787124454	0.8103666245259166
Max	Max_site_2	canonical_watson_crick	1359	0.9462642403274368	0.9160839160839163	0.7101673101673102	0.8333333333333334
Max	Max_site_2	mismatch	1359	0.8712788917226347	0.8741258741258742	0.6277951933124346	0.6868686868686869
TBP	TBP_site_1	canonical_watson_crick	1359	0.9248053392658508	0.9757575757575757	0.8478309232480534	0.7
TBP	TBP_site_1	mismatch	1359	0.9493020348635319	0.4787878787878787	0.8846794916313633	0.8166666666666667
TBP	TBP_site_2	canonical_watson_crick	1359	0.9550611790878754	0.9757575757575757	0.9123470522803115	0.8666666666666667
TBP	TBP_site_2	mismatch	1359	0.9530384054448223	0.9515151515151514	0.9049239530522951	0.8287878787878787
p53	p53	canonical_watson_crick	1359	0.9244463742943986	0.95	0.748588797221016	0.8333333333333334
p53	p53	mismatch	1359	0.9055377437029264	0.911764705882353	0.8772883005423322	0.8363377609108159
Cbf1	Cbf1	canonical_watson_crick	1360	0.9148005148005149	0.9090909090909092	0.8746460746460748	0.7777777777777778
Cbf1	Cbf1	mismatch	1360	0.9562937062937062	0.9020979020979022	0.9335865284141147	0.8093434343434344
Egr1	Egr1	canonical_watson_crick	1360	0.9832689832689833	0.9720279720279721	0.898841698841699	0.8611111111111112
Egr1	Egr1	mismatch	1360	0.9824049513704688	0.9860139860139862	0.9035527690700105	0.8118686868686869
Ets1	Ets1_site_1	canonical_watson_crick	1360	0.9825353088536697	0.9727272727272729	0.9522058823529411	0.8787878787878788
Ets1	Ets1_site_1	mismatch	1360	0.9892249813593788	1.0	0.9688354006689631	0.886049723756906
Ets1	Ets1_site_3	canonical_watson_crick	1360	0.8421096623202943	0.7818181818181819	0.6696749417548314	0.6818181818181818
Ets1	Ets1_site_3	mismatch	1360	0.6084626117202036	0.8636363636363636	0.6002486355070886	0.6437587657784011
GR	GR	canonical_watson_crick	1360	0.9595520421607378	0.7499999999999999	0.542687747035573	0.7111111111111111
GR	GR	mismatch	1360	0.9354856631377512	0.9928571428571428	0.847622869018591	0.7848484848484848
Max	Max_site_1	canonical_watson_crick	1360	0.978893178893179	0.8321678321678322	0.898841698841699	0.9166666666666666
Max	Max_site_1	mismatch	1360	0.9595701305869831	0.9300699300699302	0.8706052568121535	0.8118686868686869
Max	Max_site_2	canonical_watson_crick	1360	0.9410553410553412	0.8531468531468532	0.7410553410553411	0.8611111111111112
Max	Max_site_2	mismatch	1360	0.8383063507431933	0.8531468531468532	0.5834257696326662	0.7007575757575758
TBP	TBP_site_1	canonical_watson_crick	1360	0.9399332591768631	0.9636363636363635	0.9457174638487208	0.8666666666666667
TBP	TBP_site_1	mismatch	1360	0.9537328981179247	0.9515151515151514	0.8856865060073615	0.8303030303030303
TBP	TBP_site_2	canonical_watson_crick	1360	0.9301446051167965	0.9515151515151514	0.8914349276974416	0.8
TBP	TBP_site_2	mismatch	1360	0.961344537815126	0.9636363636363635	0.9194874644072503	0.8560606060606061
p53	p53	canonical_watson_crick	1360	0.9018373276586314	0.8558823529411764	0.797112462006079	0.7916666666666666
p53	p53	mismatch	1360	0.9287208114511939	0.9029411764705882	0.8899048503919921	0.8484848484848485
Cbf1	Cbf1	canonical_watson_crick	1361	0.9446589446589446	0.8951048951048951	0.8947232947232949	0.7777777777777778
Cbf1	Cbf1	mismatch	1361	0.9636644964231171	0.9720279720279721	0.9373563218390805	0.8106060606060606
Egr1	Egr1	canonical_watson_crick	1361	0.9740025740025742	0.9720279720279721	0.8944658944658945	0.8333333333333334
Egr1	Egr1	mismatch	1361	0.9819176331465783	0.9930069930069931	0.8985741686506512	0.8053097345132744
Ets1	Ets1_site_1	canonical_watson_crick	1361	0.9773543946549176	0.990909090909091	0.9548796791443851	0.7878787878787878
Ets1	Ets1_site_1	mismatch	1361	0.9904356526521105	0.990909090909091	0.9760660570597126	0.893646408839779
Ets1	Ets1_site_3	canonical_watson_crick	1361	0.8191169206388179	0.6727272727272727	0.6169786096256685	0.7575757575757576
Ets1	Ets1_site_3	mismatch	1361	0.5767803616334622	0.8181818181818182	0.548005765832044	0.6246498599439776
GR	GR	canonical_watson_crick	1361	0.9660079051383398	0.8749999999999999	0.7246376811594202	0.7555555555555555
GR	GR	mismatch	1361	0.9562990627282735	0.9714285714285713	0.9000401246952067	0.8282828282828283
Max	Max_site_1	canonical_watson_crick	1361	0.9763191763191764	0.9020979020979022	0.8656370656370658	0.8888888888888888
Max	Max_site_1	mismatch	1361	0.9569827866842966	0.965034965034965	0.8579564122225336	0.8078381795195955
Max	Max_site_2	canonical_watson_crick	1361	0.9281853281853283	0.8951048951048951	0.6954954954954956	0.75
Max	Max_site_2	mismatch	1361	0.8405231529477847	0.8951048951048951	0.6080057873161322	0.6931818181818182
TBP	TBP_site_1	canonical_watson_crick	1361	0.96440489432703	0.9757575757575757	0.9279199110122357	0.9
TBP	TBP_site_1	mismatch	1361	0.9472810611848044	0.9636363636363635	0.8838391554969094	0.8075757575757576
TBP	TBP_site_2	canonical_watson_crick	1361	0.9319243604004448	0.9515151515151514	0.8936596218020022	0.8333333333333334
TBP	TBP_site_2	mismatch	1361	0.9628724216959511	0.9999999999999999	0.9326133759288837	0.8757575757575757
p53	p53	canonical_watson_crick	1361	0.9348386574941083	0.8823529411764707	0.7818063395570993	0.7916666666666666
p53	p53	mismatch	1361	0.9342563486980431	0.9382352941176471	0.8966172042427367	0.8560606060606061
Cbf1	Cbf1	canonical_watson_crick	1362	0.9444015444015444	0.8531468531468532	0.87001287001287	0.75
Cbf1	Cbf1	mismatch	1362	0.9575706912337958	0.9370629370629372	0.9299442668844285	0.8049242424242424
Egr1	Egr1	canonical_watson_crick	1362	0.984813384813385	0.9790209790209792	0.9446589446589446	0.8611111111111112
Egr1	Egr1	mismatch	1362	0.9827988103850173	0.9930069930069931	0.911526404629853	0.8143939393939394
Ets1	Ets1_site_1	canonical_watson_crick	1362	0.9730091117785447	1.0	0.9398395721925135	0.7878787878787878
Ets1	Ets1_site_1	mismatch	1362	0.9882701619938704	0.990909090909091	0.9696481913913589	0.8908839779005525
Ets1	Ets1_site_3	canonical_watson_crick	1362	0.9028752925442995	0.29090909090909095	0.7446524064171124	0.7575757575757576
Ets1	Ets1_site_3	mismatch	1362	0.5536681165753942	0.3454545454545455	0.5227385687545657	0.6165254237288136
GR	GR	canonical_watson_crick	1362	0.9554677206851118	0.907142857142857	0.6159420289855072	0.7555555555555555
GR	GR	mismatch	1362	0.9325863966994865	0.9749999999999999	0.8524234287066473	0.7868686868686868
Max	Max_site_1	canonical_watson_crick	1362	0.9706563706563707	0.9370629370629372	0.7951093951093952	0.8333333333333334
Max	Max_site_1	mismatch	1362	0.9642191142191142	0.9510489510489512	0.874371031267583	0.8118686868686869
Max	Max_site_2	canonical_watson_crick	1362	0.9395109395109394	0.8671328671328673	0.7425997425997427	0.8333333333333334
Max	Max_site_2	mismatch	1362	0.8453072313609492	0.9580419580419581	0.5911984567156982	0.6805555555555556
TBP	TBP_site_1	canonical_watson_crick	1362	0.946162402669633	0.9757575757575757	0.9292547274749722	0.8333333333333334
TBP	TBP_site_1	mismatch	1362	0.9601412600564163	0.9151515151515152	0.8924925342037641	0.8363636363636363
TBP	TBP_site_2	canonical_watson_crick	1362	0.9136818687430479	0.9393939393939393	0.8816462736373749	0.7666666666666667
TBP	TBP_site_2	mismatch	1362	0.9539898604069728	0.9636363636363635	0.9171192443919717	0.8651515151515151
p53	p53	canonical_watson_crick	1362	0.8860182370820668	0.8676470588235294	0.6118106817194963	0.6875
p53	p53	mismatch	1362	0.9315334484842258	0.8911764705882352	0.8924857294602306	0.8473933649289099
Cbf1	Cbf1	canonical_watson_crick	1363	0.9091377091377092	0.9090909090909092	0.7961389961389961	0.6944444444444444
Cbf1	Cbf1	mismatch	1363	0.958569406166996	0.9300699300699302	0.9351177558074111	0.8118686868686869
Egr1	Egr1	canonical_watson_crick	1363	0.9873873873873874	0.9860139860139862	0.9410553410553412	0.9444444444444444
Egr1	Egr1	mismatch	1363	0.9820914717466441	0.9930069930069931	0.9049634273772206	0.8143939393939394
Ets1	Ets1_site_1	canonical_watson_crick	1363	0.9782754010695187	1.0	0.9391711229946524	0.7575757575757576
Ets1	Ets1_site_1	mismatch	1363	0.9892016415416957	1.0	0.971020466733454	0.8842975206611571
Ets1	Ets1_site_3	canonical_watson_crick	1363	0.861679902716954	0.8272727272727273	0.4983288770053476	0.6060606060606061
Ets1	Ets1_site_3	mismatch	1363	0.5729762489487048	0.7272727272727273	0.5445775745681891	0.6309523809523809
GR	GR	canonical_watson_crick	1363	0.9577075098814228	0.9428571428571427	0.6225296442687747	0.6888888888888889
GR	GR	mismatch	1363	0.9420336749251095	0.9857142857142854	0.8630945399549368	0.7919191919191919
Max	Max_site_1	canonical_watson_crick	1363	0.9853281853281853	0.9720279720279721	0.9021879021879023	0.9166666666666666
Max	Max_site_1	mismatch	1363	0.9577645642724947	1.0	0.8411028465389327	0.7973484848484849
Max	Max_site_2	canonical_watson_crick	1363	0.9498069498069499	0.9370629370629372	0.8141570141570141	0.8055555555555556
Max	Max_site_2	mismatch	1363	0.8431912353977132	0.9370629370629372	0.6037939072421832	0.6742424242424242
TBP	TBP_site_1	canonical_watson_crick	1363	0.96440489432703	0.9515151515151514	0.9341490545050056	0.8666666666666667
TBP	TBP_site_1	mismatch	1363	0.9510868810334049	0.7333333333333332	0.8841655670532674	0.8272727272727273
TBP	TBP_site_2	canonical_watson_crick	1363	0.9399332591768631	0.9515151515151514	0.9417130144605117	0.9
TBP	TBP_site_2	mismatch	1363	0.9530870199319397	0.7575757575757575	0.9077297034516284	0.8318181818181818
p53	p53	canonical_watson_crick	1363	0.912505427702996	0.7000000000000001	0.7807207989578809	0.8125
p53	p53	mismatch	1363	0.9161679514791462	0.7352941176470589	0.873238409787592	0.8238636363636364
Cbf1	Cbf1	canonical_watson_crick	1364	0.9557271557271558	0.7832167832167832	0.892921492921493	0.7777777777777778
Cbf1	Cbf1	mismatch	1364	0.9538461538461539	0.9440559440559443	0.9325817860300619	0.8093434343434344
Egr1	Egr1	canonical_watson_crick	1364	0.9845559845559846	0.9930069930069931	0.9407979407979409	0.8611111111111112
Egr1	Egr1	mismatch	1364	0.9795193312434692	0.9860139860139862	0.8905634595289769	0.8143939393939394
Ets1	Ets1_site_1	canonical_watson_crick	1364	0.9897217382261322	1.0	0.9715909090909092	0.9090909090909091
Ets1	Ets1_site_1	mismatch	1364	0.9876140918900599	1.0	0.9661064926562802	0.8723994452149791
Ets1	Ets1_site_3	canonical_watson_crick	1364	0.7739239475420944	0.7000000000000001	0.581933652904997	0.65625
Ets1	Ets1_site_3	mismatch	1364	0.6110158252797225	0.8090909090909091	0.5844945303531268	0.6557262569832403
GR	GR	canonical_watson_crick	1364	0.9613965744400526	0.9178571428571428	0.721870882740448	0.7555555555555555
GR	GR	mismatch	1364	0.9419282488142636	0.9785714285714284	0.862049240202887	0.7828282828282829
Max	Max_site_1	canonical_watson_crick	1364	0.9675675675675675	0.9020979020979022	0.8972972972972973	0.9444444444444444
Max	Max_site_1	mismatch	1364	0.9620467467855516	0.9720279720279721	0.8527529941323044	0.8068181818181818
Max	Max_site_2	canonical_watson_crick	1364	0.9492921492921493	0.8111888111888113	0.8092664092664092	0.8333333333333334
Max	Max_site_2	mismatch	1364	0.847649993872746	0.9160839160839163	0.6172225247619257	0.6984829329962073
TBP	TBP_site_1	canonical_watson_crick	1364	0.9661846496106785	0.9515151515151514	0.9176863181312569	0.8333333333333334
TBP	TBP_site_1	mismatch	1364	0.9656729038018995	0.9515151515151514	0.9005486492117507	0.8424242424242424
TBP	TBP_site_2	canonical_watson_crick	1364	0.96440489432703	0.9393939393939393	0.9136818687430479	0.7666666666666667
TBP	TBP_site_2	mismatch	1364	0.9488506146260155	0.9272727272727272	0.8952705048961732	0.8393939393939394
p53	p53	canonical_watson_crick	1364	0.8841968141774967	0.9088235294117648	0.6093139383412939	0.7291666666666666
p53	p53	mismatch	1364	0.9214277539705753	0.8970588235294116	0.8734939478161255	0.8394886363636364
Cbf1	Cbf1	canonical_watson_crick	1365	0.9392535392535393	0.9090909090909092	0.8651222651222652	0.7777777777777778
Cbf1	Cbf1	mismatch	1365	0.9676915038984005	0.9790209790209792	0.9424684510891408	0.8320707070707071
Egr1	Egr1	canonical_watson_crick	1365	0.9832689832689833	0.9720279720279721	0.9431145431145431	0.8888888888888888
Egr1	Egr1	mismatch	1365	0.9849328832087454	0.9860139860139862	0.9264729523350214	0.8383838383838383
Ets1	Ets1_site_1	canonical_watson_crick	1365	0.9759358288770055	0.990909090909091	0.9525401069518716	0.7878787878787878
Ets1	Ets1_site_1	mismatch	1365	0.991004353048044	0.990909090909091	0.9746375913811014	0.8939393939393939
Ets1	Ets1_site_3	canonical_watson_crick	1365	0.8824025856391061	0.41818181818181827	0.7065508021390374	0.7878787878787878
Ets1	Ets1_site_3	mismatch	1365	0.5883503805622216	0.7090909090909092	0.5640560040847433	0.635343618513324
GR	GR	canonical_watson_crick	1365	0.9542819499341239	0.9214285714285713	0.5382081686429512	0.6666666666666666
GR	GR	mismatch	1365	0.9374445713345062	0.9714285714285713	0.84188606644238	0.7868686868686868
Max	Max_site_1	canonical_watson_crick	1365	0.978893178893179	0.9230769230769231	0.8934362934362934	0.8888888888888888
Max	Max_site_1	mismatch	1365	0.9566624032060161	0.9790209790209792	0.854002893658066	0.8042929292929293
Max	Max_site_2	canonical_watson_crick	1365	0.9583011583011584	0.7622377622377624	0.8612612612612612	0.8888888888888888
Max	Max_site_2	mismatch	1365	0.8421948440553216	0.9510489510489512	0.6173539104573588	0.6578282828282829
TBP	TBP_site_1	canonical_watson_crick	1365	0.9639599555061179	0.9757575757575757	0.9497219132369298	0.9
TBP	TBP_site_1	mismatch	1365	0.9471838322105702	0.9515151515151514	0.8629279811097992	0.8227272727272728
TBP	TBP_site_2	canonical_watson_crick	1365	0.9283648498331479	0.9030303030303028	0.8896551724137931	0.8333333333333334
TBP	TBP_site_2	mismatch	1365	0.9551218834641294	0.8787878787878788	0.9201541773734286	0.8515151515151516
p53	p53	canonical_watson_crick	1365	0.9430347114499587	0.8764705882352942	0.8158923143725575	0.8541666666666666
p53	p53	mismatch	1365	0.9290084667642009	0.9323529411764706	0.8962454291250794	0.8508522727272727
Cbf1	Cbf1	canonical_watson_crick	1366	0.9106821106821108	0.9090909090909092	0.8321750321750323	0.7777777777777778
Cbf1	Cbf1	mismatch	1366	0.9576963266618438	0.9300699300699302	0.9243187846636122	0.8005050505050505
Egr1	Egr1	canonical_watson_crick	1366	0.9837837837837838	0.9580419580419581	0.9441441441441443	0.8888888888888888
Egr1	Egr1	mismatch	1366	0.9820472630817461	0.9860139860139862	0.9059038662486939	0.8131313131313131
Ets1	Ets1_site_1	canonical_watson_crick	1366	0.9792746250774016	1.0	0.944597646817646	0.84375
Ets1	Ets1_site_1	mismatch	1366	0.9888715248823103	1.0	0.9659930499029491	0.8687845303867403
Ets1	Ets1_site_3	canonical_watson_crick	1366	0.8846346888402851	0.8363636363636365	0.6731283422459894	0.7272727272727273
Ets1	Ets1_site_3	mismatch	1366	0.542029506197707	0.8181818181818182	0.5540450811717011	0.614950634696756
GR	GR	canonical_watson_crick	1366	0.9573122529644269	0.9749999999999999	0.6023715415019762	0.7111111111111111
GR	GR	mismatch	1366	0.9403952796897024	0.9857142857142854	0.8400485611695835	0.7848484848484848
Max	Max_site_1	canonical_watson_crick	1366	0.9781209781209783	0.9300699300699302	0.8895752895752895	0.8333333333333334
Max	Max_site_1	mismatch	1366	0.9649334508218146	0.9790209790209792	0.8734305923961097	0.827020202020202
Max	Max_site_2	canonical_watson_crick	1366	0.9359073359073359	0.9090909090909092	0.7073359073359073	0.75
Max	Max_site_2	mismatch	1366	0.8260045233824437	0.9580419580419581	0.546435174021381	0.6300505050505051
TBP	TBP_site_1	canonical_watson_crick	1366	0.9555061179087875	0.9272727272727272	0.9341490545050056	0.8333333333333334
TBP	TBP_site_1	mismatch	1366	0.9477324814223208	0.8787878787878788	0.8741995971942496	0.8166666666666667
TBP	TBP_site_2	canonical_watson_crick	1366	0.9248053392658508	0.9999999999999999	0.8527252502780869	0.7666666666666667
TBP	TBP_site_2	mismatch	1366	0.9608514480172233	0.9757575757575757	0.9298076255295505	0.8621212121212121
p53	p53	canonical_watson_crick	1366	0.9432262266608771	0.9323529411764706	0.7754016500217107	0.8541666666666666
p53	p53	mismatch	1366	0.913207662333836	0.9529411764705882	0.864360463218813	0.8170616113744076
Cbf1	Cbf1	canonical_watson_crick	1367	0.9086229086229086	0.8111888111888113	0.8386100386100388	0.75
Cbf1	Cbf1	mismatch	1367	0.9622257053291536	0.9090909090909092	0.9387227714813922	0.8207070707070707
Egr1	Egr1	canonical_watson_crick	1367	0.9832689832689833	0.9720279720279721	0.9217503217503218	0.9166666666666666
Egr1	Egr1	mismatch	1367	0.9823808375532512	0.9860139860139862	0.9146451249899527	0.8371212121212122
Ets1	Ets1_site_1	canonical_watson_crick	1367	0.9836229946524064	0.9818181818181818	0.9622326203208558	0.9090909090909091
Ets1	Ets1_site_1	mismatch	1367	0.9891427990002452	1.0	0.9683110120317601	0.8852005532503457
Ets1	Ets1_site_3	canonical_watson_crick	1367	0.8905048603196314	0.11818181818181818	0.7159090909090909	0.7575757575757576
Ets1	Ets1_site_3	mismatch	1367	0.5309582169642435	0.09090909090909091	0.5154594526919939	0.6029411764705882
GR	GR	canonical_watson_crick	1367	0.9498023715415019	0.9178571428571428	0.5055335968379446	0.6666666666666666
GR	GR	mismatch	1367	0.9392923649906889	0.9892857142857142	0.8537382841034188	0.7909090909090909
Max	Max_site_1	canonical_watson_crick	1367	0.9778635778635779	0.9300699300699302	0.9160875160875163	0.9444444444444444
Max	Max_site_1	mismatch	1367	0.9637347555155443	0.9930069930069931	0.8811671087533157	0.8181818181818182
Max	Max_site_2	canonical_watson_crick	1367	0.9624195624195625	0.9510489510489512	0.7933075933075933	0.8055555555555556
Max	Max_site_2	mismatch	1367	0.8637535078178576	0.8951048951048951	0.6330552870655234	0.6858407079646017
TBP	TBP_site_1	canonical_watson_crick	1367	0.9541713014460511	0.9515151515151514	0.896774193548387	0.8333333333333334
TBP	TBP_site_1	mismatch	1367	0.9644766997708174	0.8181818181818182	0.8936384471143829	0.8333333333333334
TBP	TBP_site_2	canonical_watson_crick	1367	0.9528364849833146	0.9757575757575757	0.9181312569521689	0.8333333333333334
TBP	TBP_site_2	mismatch	1367	0.9609347871379955	0.9757575757575757	0.915709424265574	0.8545454545454545
p53	p53	canonical_watson_crick	1367	0.9171732522796352	0.95	0.6988710377768127	0.7916666666666666
p53	p53	mismatch	1367	0.9292454989516857	0.9	0.877714442666088	0.8352272727272727
Cbf1	Cbf1	canonical_watson_crick	1368	0.9271557271557272	0.9090909090909092	0.9132561132561132	0.8055555555555556
Cbf1	Cbf1	mismatch	1368	0.9561308498750312	0.9370629370629372	0.9237912183422579	0.8036616161616161
Egr1	Egr1	canonical_watson_crick	1368	0.9814671814671815	0.9790209790209792	0.893951093951094	0.8888888888888888
Egr1	Egr1	mismatch	1368	0.9825576371646659	0.9790209790209792	0.9025922353508561	0.8080808080808081
Ets1	Ets1_site_1	canonical_watson_crick	1368	0.9736776168364482	0.990909090909091	0.9515374331550803	0.8181818181818182
Ets1	Ets1_site_1	mismatch	1368	0.9911321219909112	1.0	0.9730228238319494	0.8924137931034483
Ets1	Ets1_site_3	canonical_watson_crick	1368	0.8632335850467572	0.23636363636363636	0.6631016042780749	0.7272727272727273
Ets1	Ets1_site_3	mismatch	1368	0.5530416167784393	0.6000000000000001	0.5288659471123868	0.6242977528089888
GR	GR	canonical_watson_crick	1368	0.9686429512516468	0.8857142857142855	0.5864295125164689	0.7111111111111111
GR	GR	mismatch	1368	0.9423289516801929	0.9785714285714284	0.8700190695285313	0.8005050505050505
Max	Max_site_1	canonical_watson_crick	1368	0.9760617760617762	0.8811188811188813	0.8697554697554698	0.8611111111111112
Max	Max_site_1	mismatch	1368	0.9697913547772583	0.9930069930069931	0.8945623342175066	0.8118686868686869
Max	Max_site_2	canonical_watson_crick	1368	0.9356499356499357	0.8461538461538463	0.8414414414414414	0.8055555555555556
Max	Max_site_2	mismatch	1368	0.8489461193669522	0.9230769230769231	0.6022411806139811	0.6624525916561315
TBP	TBP_site_1	canonical_watson_crick	1368	0.9773081201334817	0.9393939393939393	0.9426028921023359	0.8333333333333334
TBP	TBP_site_1	mismatch	1368	0.9547260226404611	0.6727272727272726	0.8883672477255364	0.8196969696969697
TBP	TBP_site_2	canonical_watson_crick	1368	0.9510567296996663	0.9515151515151514	0.9154616240266963	0.8333333333333334
TBP	TBP_site_2	mismatch	1368	0.9566567122716856	0.9757575757575757	0.9134801027849155	0.843939393939394
p53	p53	canonical_watson_crick	1368	0.8862353452019106	0.8764705882352942	0.6824793747286149	0.8125
p53	p53	mismatch	1368	0.9326007195589696	0.9176470588235294	0.8934435783894609	0.8401328273244781
Cbf1	Cbf1	canonical_watson_crick	1369	0.9166023166023166	0.7902097902097903	0.8522522522522523	0.6944444444444444
Cbf1	Cbf1	mismatch	1369	0.9635077566112049	0.9300699300699302	0.9331203279479142	0.8194444444444444
Egr1	Egr1	canonical_watson_crick	1369	0.978893178893179	0.9860139860139862	0.9230373230373231	0.8888888888888888
Egr1	Egr1	mismatch	1369	0.9831966883691022	0.9930069930069931	0.9138292741741018	0.8143939393939394
Ets1	Ets1_site_1	canonical_watson_crick	1369	0.9772727272727274	0.990909090909091	0.9512032085561498	0.8181818181818182
Ets1	Ets1_site_1	mismatch	1369	0.99007152538642	0.9818181818181818	0.9751437177141927	0.896551724137931
Ets1	Ets1_site_3	canonical_watson_crick	1369	0.8679592177837206	0.6454545454545455	0.6844919786096256	0.7272727272727273
Ets1	Ets1_site_3	mismatch	1369	0.5715963766562161	0.8000000000000002	0.5801699487675906	0.651048951048951
GR	GR	canonical_watson_crick	1369	0.9565217391304347	0.8607142857142854	0.6227931488801054	0.7555555555555555
GR	GR	mismatch	1369	0.9372119892712627	0.9892857142857142	0.8727094831680543	0.7843434343434343
Max	Max_site_1	canonical_watson_crick	1369	0.9678249678249679	0.9580419580419581	0.8314028314028313	0.8611111111111112
Max	Max_site_1	mismatch	1369	0.9652829968772483	0.9930069930069931	0.8931545827857803	0.831858407079646
Max	Max_site_2	canonical_watson_crick	1369	0.9521235521235523	0.8601398601398602	0.8576576576576578	0.8888888888888888
Max	Max_site_2	mismatch	1369	0.8411963350763282	0.9370629370629372	0.6354071216140182	0.6856060606060606
TBP	TBP_site_1	canonical_watson_crick	1369	0.9652947719688543	0.9757575757575757	0.9541713014460511	0.9
TBP	TBP_site_1	mismatch	1369	0.9518906727750176	0.6969696969696969	0.8909646503229389	0.8196969696969697
TBP	TBP_site_2	canonical_watson_crick	1369	0.9319243604004448	0.9999999999999999	0.874972191323693	0.7666666666666667
TBP	TBP_site_2	mismatch	1369	0.9482533509271476	0.9878787878787878	0.8992152232793943	0.8393939393939394
p53	p53	canonical_watson_crick	1369	0.9341873154578819	0.9029411764705882	0.8050369083803733	0.8541666666666666
p53	p53	mismatch	1369	0.9186388908559099	0.911764705882353	0.8716814928254949	0.8177083333333334
Cbf1	Cbf1	canonical_watson_crick	1370	0.9158301158301159	0.8601398601398602	0.8718146718146719	0.7777777777777778
Cbf1	Cbf1	mismatch	1370	0.9585332354048276	0.9580419580419581	0.9234908769391529	0.7929292929292929
Egr1	Egr1	canonical_watson_crick	1370	0.9850707850707852	0.9860139860139862	0.926898326898327	0.9166666666666666
Egr1	Egr1	mismatch	1370	0.9809179326420706	0.9930069930069931	0.9019090105297002	0.8207070707070707
Ets1	Ets1_site_1	canonical_watson_crick	1370	0.9883847281103253	1.0	0.9629010695187166	0.8787878787878788
Ets1	Ets1_site_1	mismatch	1370	0.9907342908237581	1.0	0.973862748449512	0.8921161825726142
Ets1	Ets1_site_3	canonical_watson_crick	1370	0.8744252427872797	0.20000000000000004	0.7366310160427808	0.7878787878787878
Ets1	Ets1_site_3	mismatch	1370	0.5654392115525207	0.6454545454545455	0.5719089984104623	0.6382228490832158
GR	GR	canonical_watson_crick	1370	0.9570487483530961	0.9464285714285712	0.553227931488801	0.6666666666666666
GR	GR	mismatch	1370	0.9385854898664464	0.9928571428571428	0.8447359486403901	0.794949494949495
Max	Max_site_1	canonical_watson_crick	1370	0.9716859716859718	0.9160839160839163	0.8785070785070785	0.8055555555555556
Max	Max_site_1	mismatch	1370	0.9660064484565456	0.9860139860139862	0.8867695522867938	0.8244949494949495
Max	Max_site_2	canonical_watson_crick	1370	0.9485199485199486	0.9090909090909092	0.7796653796653797	0.8611111111111112
Max	Max_site_2	mismatch	1370	0.8497011384774559	0.965034965034965	0.5819433545772515	0.6586599241466498
TBP	TBP_site_1	canonical_watson_crick	1370	0.9519466073414905	0.9515151515151514	0.9025583982202448	0.8666666666666667
TBP	TBP_site_1	mismatch	1370	0.9652684214181539	0.9030303030303028	0.9107368567261614	0.8303030303030303
TBP	TBP_site_2	canonical_watson_crick	1370	0.9185761957730811	0.9757575757575757	0.8304783092324804	0.7666666666666667
TBP	TBP_site_2	mismatch	1370	0.9580179179109659	0.9515151515151514	0.9271616084450309	0.8560606060606061
p53	p53	canonical_watson_crick	1370	0.883195831524099	0.8941176470588235	0.7146113764654798	0.75
p53	p53	mismatch	1370	0.9206825283524949	0.9264705882352942	0.8770820334753006	0.8200757575757576
Cbf1	Cbf1	canonical_watson_crick	1371	0.9371943371943372	0.8531468531468532	0.9271557271557272	0.8333333333333334
Cbf1	Cbf1	mismatch	1371	0.9565107306486618	0.9580419580419581	0.9246081504702195	0.8068181818181818
Egr1	Egr1	canonical_watson_crick	1371	0.9824967824967825	0.9860139860139862	0.9232947232947233	0.8888888888888888
Egr1	Egr1	mismatch	1371	0.9832408970340005	0.9930069930069931	0.9044610561851943	0.8181818181818182
Ets1	Ets1_site_1	canonical_watson_crick	1371	0.973002353949768	0.9818181818181818	0.9389153538254662	0.8333333333333334
Ets1	Ets1_site_1	mismatch	1371	0.9883288329673785	1.0	0.9657921649689537	0.8734439834024896
Ets1	Ets1_site_3	canonical_watson_crick	1371	0.8426947509194249	0.6636363636363638	0.5995989304812835	0.696969696969697
Ets1	Ets1_site_3	mismatch	1371	0.5629806868244193	0.7181818181818183	0.5543435440200533	0.6285310734463276
GR	GR	canonical_watson_crick	1371	0.9666666666666665	0.9464285714285712	0.6808959156785244	0.6666666666666666
GR	GR	mismatch	1371	0.9365684828588966	0.9785714285714284	0.8423264092513143	0.7797979797979798
Max	Max_site_1	canonical_watson_crick	1371	0.9760617760617762	0.9230769230769231	0.9114543114543114	0.8888888888888888
Max	Max_site_1	mismatch	1371	0.962657669515452	0.9440559440559443	0.892814082469255	0.8207070707070707
Max	Max_site_2	canonical_watson_crick	1371	0.9444015444015444	0.7342657342657343	0.6918918918918919	0.8055555555555556
Max	Max_site_2	mismatch	1371	0.8539727290908414	0.8531468531468532	0.589176915038984	0.6666666666666666
TBP	TBP_site_1	canonical_watson_crick	1371	0.9479421579532814	0.9757575757575757	0.8949944382647386	0.8333333333333334
TBP	TBP_site_1	mismatch	1371	0.9538509618723521	0.9878787878787878	0.8863462740468088	0.8090909090909091
TBP	TBP_site_2	canonical_watson_crick	1371	0.9559510567296997	0.9757575757575757	0.8878754171301446	0.7666666666666667
TBP	TBP_site_2	mismatch	1371	0.9673344236964483	0.9515151515151514	0.9347037988749216	0.8696969696969697
p53	p53	canonical_watson_crick	1371	0.8875861694620856	0.8470588235294119	0.815675206252714	0.8125
p53	p53	mismatch	1371	0.9293887661557085	0.9323529411764706	0.8768667091663729	0.8390151515151515
Cbf1	Cbf1	canonical_watson_crick	1372	0.9464607464607465	0.8741258741258742	0.900900900900901	0.7222222222222222
Cbf1	Cbf1	mismatch	1372	0.9625662753865835	0.9230769230769231	0.934752968766014	0.8213383838383839
Egr1	Egr1	canonical_watson_crick	1372	0.9812097812097812	0.9860139860139862	0.9490347490347492	0.8888888888888888
Egr1	Egr1	mismatch	1372	0.9809661602765052	0.9860139860139862	0.9038019451812556	0.8194444444444444
Ets1	Ets1_site_1	canonical_watson_crick	1372	0.9889687447768678	0.990909090909091	0.9705882352941178	0.8787878787878788
Ets1	Ets1_site_1	mismatch	1372	0.9893214990811636	0.990909090909091	0.9677736629763429	0.8772413793103448
Ets1	Ets1_site_3	canonical_watson_crick	1372	0.8279003677699767	0.4090909090909091	0.5276176169503377	0.65625
Ets1	Ets1_site_3	mismatch	1372	0.5371117267754979	0.6636363636363638	0.5352509164123821	0.6093314763231198
GR	GR	canonical_watson_crick	1372	0.9714097496706191	0.8749999999999999	0.726086956521739	0.7555555555555555
GR	GR	mismatch	1372	0.948023087132319	0.9928571428571428	0.8638599956788791	0.794949494949495
Max	Max_site_1	canonical_watson_crick	1372	0.9827541827541829	0.9440559440559443	0.9060489060489062	0.8611111111111112
Max	Max_site_1	mismatch	1372	0.9636070432799819	1.0	0.8784431300172527	0.8263888888888888
Max	Max_site_2	canonical_watson_crick	1372	0.9556599543568035	0.9440559440559443	0.7477477477477478	0.75
Max	Max_site_2	mismatch	1372	0.8605977668398178	0.9370629370629372	0.6048963204262684	0.6792929292929293
TBP	TBP_site_1	canonical_watson_crick	1372	0.9550611790878754	0.9393939393939393	0.9515016685205783	0.9
TBP	TBP_site_1	mismatch	1372	0.9533509271477186	0.8545454545454544	0.8893117577609555	0.8409090909090909
TBP	TBP_site_2	canonical_watson_crick	1372	0.9185761957730811	0.9393939393939393	0.9003337041156841	0.8666666666666667
TBP	TBP_site_2	mismatch	1372	0.9581637613723175	0.9515151515151514	0.9038266546287936	0.8363636363636363
p53	p53	canonical_watson_crick	1372	0.9063178462874512	0.8441176470588234	0.758901432913591	0.8125
p53	p53	mismatch	1372	0.9273931365625845	0.8676470588235294	0.8825431326804656	0.8361742424242424
Cbf1	Cbf1	canonical_watson_crick	1373	0.9382239382239383	0.8741258741258742	0.9045045045045046	0.7777777777777778
Cbf1	Cbf1	mismatch	1373	0.9493297859198043	0.8951048951048951	0.913206333895989	0.7941919191919192
Egr1	Egr1	canonical_watson_crick	1373	0.9747747747747749	0.9580419580419581	0.8870012870012871	0.8333333333333334
Egr1	Egr1	mismatch	1373	0.9806355805763939	0.9860139860139862	0.902913752913753	0.8093434343434344
Ets1	Ets1_site_1	canonical_watson_crick	1373	0.9805297936799592	0.9818181818181818	0.956216577540107	0.8484848484848485
Ets1	Ets1_site_1	mismatch	1373	0.9906652874256819	1.0	0.9661951510978529	0.8798342541436464
Ets1	Ets1_site_3	canonical_watson_crick	1373	0.8997826813774658	0.6000000000000001	0.7114565078738002	0.7424242424242424
Ets1	Ets1_site_3	mismatch	1373	0.6062202213580848	0.8454545454545455	0.5787628166977482	0.6316526610644257
GR	GR	canonical_watson_crick	1373	0.9321475625823452	0.9249999999999998	0.5068511198945981	0.6888888888888889
GR	GR	mismatch	1373	0.9323353601448603	0.9928571428571428	0.8536168811794602	0.796969696969697
Max	Max_site_1	canonical_watson_crick	1373	0.9562419562419564	0.8601398601398602	0.8126126126126128	0.7777777777777778
Max	Max_site_1	mismatch	1373	0.9621000744519711	0.9580419580419581	0.8602684671650189	0.803030303030303
Max	Max_site_2	canonical_watson_crick	1373	0.944204905745658	0.9580419580419581	0.8213642213642214	0.8611111111111112
Max	Max_site_2	mismatch	1373	0.8676941193260127	0.8951048951048951	0.6534321999839242	0.6957070707070707
TBP	TBP_site_1	canonical_watson_crick	1373	0.9519466073414905	0.9393939393939393	0.9457174638487208	0.9333333333333333
TBP	TBP_site_1	mismatch	1373	0.95288561705674	0.5757575757575757	0.8864157233141188	0.8227272727272728
TBP	TBP_site_2	canonical_watson_crick	1373	0.9586206896551723	0.9515151515151514	0.9087875417130145	0.8666666666666667
TBP	TBP_site_2	mismatch	1373	0.9637197027571358	0.7818181818181817	0.9094173206472671	0.8515151515151516
p53	p53	canonical_watson_crick	1373	0.8892447149582522	0.8529411764705882	0.6834563612679114	0.8541666666666666
p53	p53	mismatch	1373	0.9288466095039589	0.8941176470588235	0.8894720355913384	0.842654028436019
Cbf1	Cbf1	canonical_watson_crick	1374	0.9186615186615188	0.8601398601398602	0.8942084942084944	0.8055555555555556
Cbf1	Cbf1	mismatch	1374	0.9572159738284177	0.9720279720279721	0.929551482999759	0.8055555555555556
Egr1	Egr1	canonical_watson_crick	1374	0.9830115830115831	0.965034965034965	0.9202059202059203	0.9166666666666666
Egr1	Egr1	mismatch	1374	0.9811429949360984	0.9860139860139862	0.8863475604854915	0.821969696969697
Ets1	Ets1_site_1	canonical_watson_crick	1374	0.9791074848444135	1.0	0.9482744246361152	0.84375
Ets1	Ets1_site_1	mismatch	1374	0.990495558898766	1.0	0.972789293124976	0.8801652892561983
Ets1	Ets1_site_3	canonical_watson_crick	1374	0.8101012498326419	0.7090909090909092	0.5484625668449198	0.696969696969697
Ets1	Ets1_site_3	mismatch	1374	0.5485664701073102	0.4727272727272727	0.5210015849731617	0.6243016759776536
GR	GR	canonical_watson_crick	1374	0.9608695652173912	0.9749999999999999	0.6438735177865612	0.7555555555555555
GR	GR	mismatch	1374	0.9403458954494479	0.9857142857142854	0.8583557105671986	0.793939393939394
Max	Max_site_1	canonical_watson_crick	1374	0.9770913770913772	0.9440559440559443	0.872844272844273	0.8055555555555556
Max	Max_site_1	mismatch	1374	0.9650982287383586	0.9930069930069931	0.879346515553412	0.8207070707070707
Max	Max_site_2	canonical_watson_crick	1374	0.9433719433719434	0.9160839160839163	0.8095238095238096	0.8333333333333334
Max	Max_site_2	mismatch	1374	0.8644990289139951	0.9020979020979022	0.637784982904613	0.6978508217446271
TBP	TBP_site_1	canonical_watson_crick	1374	0.9528364849833146	0.9393939393939393	0.9377085650723025	0.8666666666666667
TBP	TBP_site_1	mismatch	1374	0.9660670879922217	0.9878787878787878	0.8951107715813598	0.8303030303030303
TBP	TBP_site_2	canonical_watson_crick	1374	0.9150166852057842	0.9515151515151514	0.8344827586206897	0.6666666666666666
TBP	TBP_site_2	mismatch	1374	0.9629418709632612	0.8787878787878788	0.8999166608792276	0.8378787878787879
p53	p53	canonical_watson_crick	1374	0.9450686641697877	0.9294117647058824	0.7976552323056882	0.8541666666666666
p53	p53	mismatch	1374	0.9021463386101427	0.911764705882353	0.8554834793695577	0.8068181818181818
Cbf1	Cbf1	canonical_watson_crick	1375	0.9462033462033463	0.8671328671328673	0.9302445302445304	0.8055555555555556
Cbf1	Cbf1	mismatch	1375	0.9568030672811149	0.9370629370629372	0.9246724539827988	0.7891414141414141
Egr1	Egr1	canonical_watson_crick	1375	0.9783783783783785	0.9440559440559443	0.9184041184041185	0.8888888888888888
Egr1	Egr1	mismatch	1375	0.9833052005465799	0.9790209790209792	0.91143396833052	0.8320707070707071
Ets1	Ets1_site_1	canonical_watson_crick	1375	0.9806117469413066	0.990909090909091	0.9468582887700535	0.7878787878787878
Ets1	Ets1_site_1	mismatch	1375	0.9894350166853532	1.0	0.9708168972963143	0.8845089903181189
Ets1	Ets1_site_3	canonical_watson_crick	1375	0.894081269811647	0.7181818181818183	0.6999247956249649	0.7727272727272727
Ets1	Ets1_site_3	mismatch	1375	0.6442968033013153	0.8545454545454546	0.6390065473361932	0.6783216783216783
GR	GR	canonical_watson_crick	1375	0.9594202898550723	0.8892857142857141	0.5765480895915678	0.6666666666666666
GR	GR	mismatch	1375	0.9231519491342325	0.9749999999999999	0.8231673817093119	0.7818181818181819
Max	Max_site_1	canonical_watson_crick	1375	0.9786357786357787	0.9720279720279721	0.8921492921492923	0.8888888888888888
Max	Max_site_1	mismatch	1375	0.9606220573548294	0.9930069930069931	0.8634635479463065	0.7954545454545454
Max	Max_site_2	canonical_watson_crick	1375	0.9361647361647363	0.8041958041958043	0.7752895752895753	0.8055555555555556
Max	Max_site_2	mismatch	1375	0.8796038875770184	0.9370629370629372	0.6689052326983361	0.7323232323232324
TBP	TBP_site_1	canonical_watson_crick	1375	0.9652947719688543	0.9393939393939393	0.9385984427141268	0.9
TBP	TBP_site_1	mismatch	1375	0.9497881797347038	0.9515151515151514	0.876762275157997	0.8227272727272728
TBP	TBP_site_2	canonical_watson_crick	1375	0.9132369299221357	0.9151515151515152	0.8642936596218019	0.8333333333333334
TBP	TBP_site_2	mismatch	1375	0.9634210709077017	0.7333333333333332	0.9259045767067156	0.8666666666666667
p53	p53	canonical_watson_crick	1375	0.8956795484151108	0.9088235294117648	0.6835649153278333	0.7916666666666666
p53	p53	mismatch	1375	0.9287897508723295	0.9323529411764706	0.881379467614287	0.8372865275142315
Cbf1	Cbf1	canonical_watson_crick	1376	0.9402831402831404	0.8671328671328673	0.864864864864865	0.8055555555555556
Cbf1	Cbf1	mismatch	1376	0.9611375302809392	0.9370629370629372	0.9309420464592878	0.8055555555555556
Egr1	Egr1	canonical_watson_crick	1376	0.9822393822393823	0.9720279720279721	0.9057915057915058	0.8333333333333334
Egr1	Egr1	mismatch	1376	0.9865766417490555	0.9930069930069931	0.9276907001044933	0.8434343434343434
Ets1	Ets1_site_1	canonical_watson_crick	1376	0.9859625668449199	0.9818181818181818	0.9565508021390375	0.8484848484848485
Ets1	Ets1_site_1	mismatch	1376	0.990414606123295	1.0	0.9741196574714274	0.8951724137931034
Ets1	Ets1_site_3	canonical_watson_crick	1376	0.8479224174772425	0.6545454545454547	0.6988133043623601	0.796875
Ets1	Ets1_site_3	mismatch	1376	0.5516194918467441	0.9272727272727275	0.5614364411933166	0.6086956521739131
GR	GR	canonical_watson_crick	1376	0.9620553359683794	0.8857142857142855	0.6667984189723319	0.7555555555555555
GR	GR	mismatch	1376	0.9441320205356132	0.982142857142857	0.8516435692459643	0.7797979797979798
Max	Max_site_1	canonical_watson_crick	1376	0.9714285714285714	0.8951048951048951	0.8661518661518662	0.8888888888888888
Max	Max_site_1	mismatch	1376	0.9638212362350295	0.9580419580419581	0.8724981914637087	0.8118686868686869
Max	Max_site_2	canonical_watson_crick	1376	0.934877734877735	0.8811188811188813	0.7732303732303732	0.8055555555555556
Max	Max_site_2	mismatch	1376	0.8332631684748109	0.9440559440559443	0.5444382931823876	0.6496212121212122
TBP	TBP_site_1	canonical_watson_crick	1376	0.9595105672969966	0.9878787878787878	0.9563959955506117	0.9666666666666667
TBP	TBP_site_1	mismatch	1376	0.9548093617612333	0.8424242424242423	0.8904646155983054	0.8363636363636363
TBP	TBP_site_2	canonical_watson_crick	1376	0.9657397107897663	0.9515151515151514	0.9150166852057842	0.8
TBP	TBP_site_2	mismatch	1376	0.9581429265921243	0.9151515151515152	0.9159386068476977	0.8515151515151516
p53	p53	canonical_watson_crick	1376	0.9167390360399478	0.9235294117647058	0.788862353452019	0.9166666666666666
p53	p53	mismatch	1376	0.9206100133646296	0.8411764705882352	0.8886349456094187	0.834280303030303
Cbf1	Cbf1	canonical_watson_crick	1377	0.9552123552123553	0.8181818181818183	0.9405405405405406	0.8055555555555556
Cbf1	Cbf1	mismatch	1377	0.9566915842777912	0.9300699300699302	0.9268025078369907	0.8005050505050505
Egr1	Egr1	canonical_watson_crick	1377	0.9858429858429859	0.9930069930069931	0.9444015444015444	0.9444444444444444
Egr1	Egr1	mismatch	1377	0.9870709750020095	0.9930069930069931	0.9268105457760629	0.8345959595959596
Ets1	Ets1_site_1	canonical_watson_crick	1377	0.9811131539361524	0.990909090909091	0.956797864124385	0.84375
Ets1	Ets1_site_1	mismatch	1377	0.9899151310897067	0.990909090909091	0.9740089484874971	0.8986206896551724
Ets1	Ets1_site_3	canonical_watson_crick	1377	0.8852486696982307	0.8545454545454546	0.6517379679144386	0.7878787878787878
Ets1	Ets1_site_3	mismatch	1377	0.5507932835870294	0.7454545454545456	0.5522057261096336	0.6218487394957983
GR	GR	canonical_watson_crick	1377	0.9617918313570486	0.907142857142857	0.698550724637681	0.8
GR	GR	mismatch	1377	0.93571200757225	0.982142857142857	0.844048684630184	0.7818181818181819
Max	Max_site_1	canonical_watson_crick	1377	0.9824967824967825	0.9230769230769231	0.9407979407979409	0.9166666666666666
Max	Max_site_1	mismatch	1377	0.9656275903649596	0.9930069930069931	0.8775830696723641	0.8162878787878788
Max	Max_site_2	canonical_watson_crick	1377	0.9456885456885458	0.8671328671328673	0.7155727155727157	0.8055555555555556
Max	Max_site_2	mismatch	1377	0.8651354954876045	0.9230769230769231	0.6510569889880234	0.702020202020202
TBP	TBP_site_1	canonical_watson_crick	1377	0.9755283648498332	0.9878787878787878	0.9399332591768631	0.9
TBP	TBP_site_1	mismatch	1377	0.9515642606519319	0.9878787878787878	0.8797277588721438	0.8166666666666667
TBP	TBP_site_2	canonical_watson_crick	1377	0.9296996662958843	0.9515151515151514	0.8665183537263625	0.8666666666666667
TBP	TBP_site_2	mismatch	1377	0.9506285158691574	0.9515151515151514	0.9151052156399748	0.8590909090909091
p53	p53	canonical_watson_crick	1377	0.9308510638297873	0.9382352941176471	0.7513026487190622	0.7916666666666666
p53	p53	mismatch	1377	0.9221504803896675	0.9382352941176471	0.884518351734802	0.8399621212121212
Cbf1	Cbf1	canonical_watson_crick	1378	0.9153153153153153	0.9160839160839163	0.8424710424710425	0.75
Cbf1	Cbf1	mismatch	1378	0.9648782252230528	0.9300699300699302	0.9413511775580742	0.8042929292929293
Egr1	Egr1	canonical_watson_crick	1378	0.9827541827541829	0.9860139860139862	0.8983268983268984	0.8333333333333334
Egr1	Egr1	mismatch	1378	0.9845309862551243	0.9930069930069931	0.9180974198215578	0.8244949494949495
Ets1	Ets1_site_1	canonical_watson_crick	1378	0.9782754010695187	0.990909090909091	0.9548796791443851	0.7575757575757576
Ets1	Ets1_site_1	mismatch	1378	0.9897702947616562	1.0	0.9718200542918671	0.8846685082872928
Ets1	Ets1_site_3	canonical_watson_crick	1378	0.876535989019083	0.5727272727272729	0.6818181818181819	0.7878787878787878
Ets1	Ets1_site_3	mismatch	1378	0.601085459325623	0.38181818181818183	0.5892171122701434	0.6380281690140845
GR	GR	canonical_watson_crick	1378	0.948748353096179	0.932142857142857	0.6028985507246376	0.7111111111111111
GR	GR	mismatch	1378	0.9435805631861065	0.9928571428571428	0.8649917178513741	0.7909090909090909
Max	Max_site_1	canonical_watson_crick	1378	0.9703989703989705	0.8811188811188813	0.848906048906049	0.8611111111111112
Max	Max_site_1	mismatch	1378	0.9689724569144941	0.9790209790209792	0.8863555984245639	0.8522727272727273
Max	Max_site_2	canonical_watson_crick	1378	0.920978120978121	0.8321678321678322	0.6543114543114543	0.7777777777777778
Max	Max_site_2	mismatch	1378	0.8791077842847199	0.8741258741258742	0.6443439477777827	0.7089646464646465
TBP	TBP_site_1	canonical_watson_crick	1378	0.971078976640712	0.9515151515151514	0.9474972191323694	0.8666666666666667
TBP	TBP_site_1	mismatch	1378	0.9589068685325369	0.9393939393939393	0.9124800333356481	0.8484848484848485
TBP	TBP_site_2	canonical_watson_crick	1378	0.942485265593989	0.9515151515151514	0.9176863181312569	0.8666666666666667
TBP	TBP_site_2	mismatch	1378	0.9651225779568025	0.9636363636363635	0.9392388360302799	0.8712121212121212
p53	p53	canonical_watson_crick	1378	0.954841511072514	0.911764705882353	0.8828701693443335	0.9375
p53	p53	mismatch	1378	0.9255286366860515	0.8941176470588235	0.878470620947834	0.8285984848484849
Cbf1	Cbf1	canonical_watson_crick	1379	0.9444015444015444	0.9090909090909092	0.8952380952380953	0.8333333333333334
Cbf1	Cbf1	mismatch	1379	0.9547102322964391	0.9020979020979022	0.9238244514106583	0.803030303030303
Egr1	Egr1	canonical_watson_crick	1379	0.9812097812097812	0.9860139860139862	0.8833976833976834	0.9166666666666666
Egr1	Egr1	mismatch	1379	0.9839321597942288	0.9930069930069931	0.9115505184470701	0.8093434343434344
Ets1	Ets1_site_1	canonical_watson_crick	1379	0.963148662174468	0.990909090909091	0.9361631016042781	0.7878787878787878
Ets1	Ets1_site_1	mismatch	1379	0.9898226330977645	0.990909090909091	0.9711040265479797	0.8898071625344353
Ets1	Ets1_site_3	canonical_watson_crick	1379	0.8728579818174009	0.5	0.6229946524064172	0.6666666666666666
Ets1	Ets1_site_3	mismatch	1379	0.6312540466614384	0.8727272727272729	0.6015009640316125	0.6748942172073342
GR	GR	canonical_watson_crick	1379	0.9665349143610011	0.95	0.6571805006587614	0.7333333333333333
GR	GR	mismatch	1379	0.9307164473783589	0.9785714285714284	0.8606335586489294	0.7898989898989899
Max	Max_site_1	canonical_watson_crick	1379	0.9752895752895753	0.9160839160839163	0.8543114543114544	0.8611111111111112
Max	Max_site_1	mismatch	1379	0.9569276554619165	0.9860139860139862	0.8625552608311229	0.8232323232323232
Max	Max_site_2	canonical_watson_crick	1379	0.9525709524841349	0.8951048951048951	0.7861003861003861	0.7777777777777778
Max	Max_site_2	mismatch	1379	0.8650338246867809	0.9580419580419581	0.6133670926774375	0.6590909090909091
TBP	TBP_site_1	canonical_watson_crick	1379	0.9448275862068966	0.9757575757575757	0.8562847608453837	0.7666666666666667
TBP	TBP_site_1	mismatch	1379	0.9538092923119659	0.9636363636363635	0.8856378915202444	0.8257575757575758
TBP	TBP_site_2	canonical_watson_crick	1379	0.9417130144605117	0.9515151515151514	0.8518353726362626	0.7666666666666667
TBP	TBP_site_2	mismatch	1379	0.9657198416556704	0.9878787878787878	0.9228071393846794	0.8606060606060606
p53	p53	canonical_watson_crick	1379	0.9057996583790096	0.9176470588235294	0.7810464611376465	0.7916666666666666
p53	p53	mismatch	1379	0.9120135162976218	0.9411764705882352	0.8811647180099288	0.8399621212121212
Cbf1	Cbf1	canonical_watson_crick	1380	0.9317889317889319	0.9230769230769231	0.8733590733590734	0.7777777777777778
Cbf1	Cbf1	mismatch	1380	0.960706534844466	0.9090909090909092	0.9365806607185918	0.8181818181818182
Egr1	Egr1	canonical_watson_crick	1380	0.9868725868725869	0.9720279720279721	0.9243243243243244	0.9166666666666666
Egr1	Egr1	mismatch	1380	0.9845380039169868	0.9860139860139862	0.9134715858853789	0.8232323232323232
Ets1	Ets1_site_1	canonical_watson_crick	1380	0.9748432963424395	0.990909090909091	0.9532882125703914	0.78125
Ets1	Ets1_site_1	mismatch	1380	0.9891663503327649	1.0	0.97118333433233	0.8903448275862069
Ets1	Ets1_site_3	canonical_watson_crick	1380	0.8886194777468648	0.6363636363636364	0.6527406417112299	0.6666666666666666
Ets1	Ets1_site_3	mismatch	1380	0.5981979003227534	0.8727272727272729	0.5912196802072097	0.6491596638655462
GR	GR	canonical_watson_crick	1380	0.9703557312252964	0.9178571428571428	0.7068511198945981	0.7333333333333333
GR	GR	mismatch	1380	0.9369095753984175	0.9857142857142854	0.8792040906612344	0.7919191919191919
Max	Max_site_1	canonical_watson_crick	1380	0.9685971685971686	0.9300699300699302	0.807979407979408	0.75
Max	Max_site_1	mismatch	1380	0.9684641191067896	0.9930069930069931	0.8844506068643999	0.8345959595959596
Max	Max_site_2	canonical_watson_crick	1380	0.9595881595881596	0.8461538461538463	0.8736164736164738	0.8333333333333334
Max	Max_site_2	mismatch	1380	0.8657658780094564	0.9860139860139862	0.6599328629118643	0.6864728192161821
TBP	TBP_site_1	canonical_watson_crick	1380	0.9692992213570634	0.9878787878787878	0.9737486095661846	0.9
TBP	TBP_site_1	mismatch	1380	0.9533092575873323	0.9757575757575757	0.8743384957288698	0.806060606060606
TBP	TBP_site_2	canonical_watson_crick	1380	0.9448275862068966	0.9757575757575757	0.8527252502780869	0.8333333333333334
TBP	TBP_site_2	mismatch	1380	0.9643239113827348	0.9515151515151514	0.9212862004305853	0.8621212121212121
p53	p53	canonical_watson_crick	1380	0.9423290909107133	0.9147058823529413	0.8713634389926183	0.8541666666666666
p53	p53	mismatch	1380	0.9184038168421106	0.9323529411764706	0.8871648800671204	0.8267045454545454
Cbf1	Cbf1	canonical_watson_crick	1381	0.9047619047619049	0.7692307692307694	0.8671814671814673	0.7777777777777778
Cbf1	Cbf1	mismatch	1381	0.9654891085925569	0.9230769230769231	0.946282453179005	0.8320707070707071
Egr1	Egr1	canonical_watson_crick	1381	0.9801801801801803	0.9860139860139862	0.9361647361647363	0.8888888888888888
Egr1	Egr1	mismatch	1381	0.9809340085202154	0.9860139860139862	0.9075355678803955	0.8156565656565656
Ets1	Ets1_site_1	canonical_watson_crick	1381	0.9782754010695187	0.9727272727272729	0.9552139037433156	0.7878787878787878
Ets1	Ets1_site_1	mismatch	1381	0.9898497883680747	0.990909090909091	0.9767025042884456	0.8947368421052632
Ets1	Ets1_site_3	canonical_watson_crick	1381	0.8710297559344702	0.3090909090909091	0.750564053761155	0.875
Ets1	Ets1_site_3	mismatch	1381	0.5658914530101472	0.28181818181818186	0.5357381856550836	0.6431564245810056
GR	GR	canonical_watson_crick	1381	0.9620553359683794	0.9392857142857142	0.5935441370223978	0.6888888888888889
GR	GR	mismatch	1381	0.9397162463862053	0.9857142857142854	0.8617405887012973	0.798989898989899
Max	Max_site_1	canonical_watson_crick	1381	0.9791505791505792	0.8671328671328673	0.876962676962677	0.8888888888888888
Max	Max_site_1	mismatch	1381	0.9583232021606024	0.9510489510489512	0.8483843742464431	0.7954545454545454
Max	Max_site_2	canonical_watson_crick	1381	0.9536679536679538	0.8811188811188813	0.802831402831403	0.8055555555555556
Max	Max_site_2	mismatch	1381	0.834412932282945	0.9160839160839163	0.6079977493770597	0.6818181818181818
TBP	TBP_site_1	canonical_watson_crick	1381	0.957285873192436	0.9636363636363635	0.9537263626251389	0.9
TBP	TBP_site_1	mismatch	1381	0.9509253262833386	0.8181818181818182	0.8701020904229458	0.8227272727272728
TBP	TBP_site_2	canonical_watson_crick	1381	0.9181312569521689	0.9515151515151514	0.8714126807563959	0.8
TBP	TBP_site_2	mismatch	1381	0.9677685950413222	0.8545454545454544	0.9256476144176677	0.8681818181818182
p53	p53	canonical_watson_crick	1381	0.8952453321754233	0.8852941176470588	0.6732522796352584	0.7708333333333334
p53	p53	mismatch	1381	0.9300935984937432	0.8941176470588235	0.8939010661096494	0.8399621212121212
Cbf1	Cbf1	canonical_watson_crick	1382	0.9536679536679538	0.9440559440559443	0.9006435006435008	0.8333333333333334
Cbf1	Cbf1	mismatch	1382	0.9539104573587333	0.9230769230769231	0.9217185113736838	0.803030303030303
Egr1	Egr1	canonical_watson_crick	1382	0.9873873873873874	0.9860139860139862	0.9436293436293436	0.8888888888888888
Egr1	Egr1	mismatch	1382	0.9828942437251201	1.0	0.9024837231733783	0.8118686868686869
Ets1	Ets1_site_1	canonical_watson_crick	1382	0.9756790673441048	0.990909090909091	0.9420907528505079	0.7727272727272727
Ets1	Ets1_site_1	mismatch	1382	0.9891022463947519	1.0	0.9720327154615779	0.8751724137931034
Ets1	Ets1_site_3	canonical_watson_crick	1382	0.864821948218933	0.6545454545454547	0.6407085561497327	0.7878787878787878
Ets1	Ets1_site_3	mismatch	1382	0.5365053073442104	0.9272727272727275	0.4943274244280429	0.601123595505618
GR	GR	canonical_watson_crick	1382	0.9636363636363634	0.8714285714285712	0.6346508563899868	0.7555555555555555
GR	GR	mismatch	1382	0.9430964654756361	0.9892857142857142	0.8799983538586581	0.796969696969697
Max	Max_site_1	canonical_watson_crick	1382	0.9773487773487773	0.9510489510489512	0.8357786357786359	0.7777777777777778
Max	Max_site_1	mismatch	1382	0.9588074889648185	0.9790209790209792	0.8515513222409774	0.803030303030303
Max	Max_site_2	canonical_watson_crick	1382	0.9448484478024638	0.7762237762237763	0.8092664092664092	0.75
Max	Max_site_2	mismatch	1382	0.8274147070778987	0.9160839160839163	0.5716734419930913	0.6643489254108723
TBP	TBP_site_1	canonical_watson_crick	1382	0.9270300333704115	0.9393939393939393	0.8593993325917685	0.8
TBP	TBP_site_1	mismatch	1382	0.9653031460518091	0.7575757575757575	0.9188693659281894	0.8484848484848485
TBP	TBP_site_2	canonical_watson_crick	1382	0.9417130144605117	0.9757575757575757	0.9101223581757508	0.8333333333333334
TBP	TBP_site_2	mismatch	1382	0.9577053962080699	0.9515151515151514	0.9097576220570871	0.8393939393939394
p53	p53	canonical_watson_crick	1382	0.887127853340516	0.9176470588235294	0.6998480243161094	0.75
p53	p53	mismatch	1382	0.9324288009223349	0.8911764705882352	0.8885213493204569	0.8371212121212122
Cbf1	Cbf1	canonical_watson_crick	1383	0.952895752895753	0.9020979020979022	0.926898326898327	0.8611111111111112
Cbf1	Cbf1	mismatch	1383	0.9500692770574655	0.9510489510489512	0.9267663371111647	0.8080808080808081
Egr1	Egr1	canonical_watson_crick	1383	0.9819819819819822	0.9580419580419581	0.9433719433719434	0.8611111111111112
Egr1	Egr1	mismatch	1383	0.9837553251346356	0.9930069930069931	0.9172212844626637	0.8333333333333334
Ets1	Ets1_site_1	canonical_watson_crick	1383	0.9798612886220557	0.9818181818181818	0.96524064171123	0.8181818181818182
Ets1	Ets1_site_1	mismatch	1383	0.9907291575634215	0.990909090909091	0.975146391446795	0.9026243093922652
Ets1	Ets1_site_3	canonical_watson_crick	1383	0.898194633951708	0.8909090909090911	0.679144385026738	0.7272727272727273
Ets1	Ets1_site_3	mismatch	1383	0.5663463747541739	0.8181818181818182	0.5443853211253166	0.6228813559322034
GR	GR	canonical_watson_crick	1383	0.9620553359683794	0.8999999999999999	0.6231884057971013	0.7111111111111111
GR	GR	mismatch	1383	0.9409261602724363	0.982142857142857	0.8656213669146168	0.7838383838383839
Max	Max_site_1	canonical_watson_crick	1383	0.9812097812097812	0.8741258741258742	0.8990990990990991	0.8333333333333334
Max	Max_site_1	mismatch	1383	0.9616067840205771	0.9440559440559443	0.8723092998955069	0.8131313131313131
Max	Max_site_2	canonical_watson_crick	1383	0.9562419562419564	0.8461538461538463	0.7642213642213642	0.8888888888888888
Max	Max_site_2	mismatch	1383	0.8592892825708649	0.9160839160839163	0.6262109681918017	0.6769911504424779
TBP	TBP_site_1	canonical_watson_crick	1383	0.9617352614015572	0.9999999999999999	0.9030033370411568	0.8666666666666667
TBP	TBP_site_1	mismatch	1383	0.949850684075283	0.9757575757575757	0.8796999791652197	0.8181818181818182
TBP	TBP_site_2	canonical_watson_crick	1383	0.9372636262513905	0.9515151515151514	0.9167964404894325	0.8333333333333334
TBP	TBP_site_2	mismatch	1383	0.9528647822765468	0.9272727272727272	0.9040419473574552	0.8409090909090909
p53	p53	canonical_watson_crick	1383	0.9216239687364307	0.8823529411764707	0.8266391663048197	0.8333333333333334
p53	p53	mismatch	1383	0.9302089497072771	0.95	0.8810646854569624	0.8484848484848485
Cbf1	Cbf1	canonical_watson_crick	1384	0.9634491634491634	0.9020979020979022	0.9003861003861005	0.8055555555555556
Cbf1	Cbf1	mismatch	1384	0.9563580098062856	0.9510489510489512	0.9355638614259305	0.8194444444444444
Egr1	Egr1	canonical_watson_crick	1384	0.9840411840411842	0.965034965034965	0.9220077220077222	0.8888888888888888
Egr1	Egr1	mismatch	1384	0.9825295394260912	0.9790209790209792	0.9143396833052005	0.8207070707070707
Ets1	Ets1_site_1	canonical_watson_crick	1384	0.9857930803944511	0.9818181818181818	0.9632352941176471	0.8181818181818182
Ets1	Ets1_site_1	mismatch	1384	0.9874510172376385	1.0	0.9673405869232308	0.8758620689655172
Ets1	Ets1_site_3	canonical_watson_crick	1384	0.8755432965563358	0.4000000000000001	0.7389705882352942	0.7878787878787878
Ets1	Ets1_site_3	mismatch	1384	0.5968989016100149	0.5090909090909091	0.592007357403811	0.6471004243281471
GR	GR	canonical_watson_crick	1384	0.9646903820816862	0.8964285714285712	0.6816864295125165	0.7777777777777778
GR	GR	mismatch	1384	0.939192021972007	0.9892857142857142	0.8560531703653405	0.7888888888888889
Max	Max_site_1	canonical_watson_crick	1384	0.9598455598455599	0.9090909090909092	0.7778635778635778	0.8888888888888888
Max	Max_site_1	mismatch	1384	0.9640743591237826	0.9930069930069931	0.8578077102002865	0.8074494949494949
Max	Max_site_2	canonical_watson_crick	1384	0.9665379665379665	0.8671328671328673	0.8563706563706565	0.8055555555555556
Max	Max_site_2	mismatch	1384	0.8383306272121978	0.9160839160839163	0.5982925390772844	0.6672979797979798
TBP	TBP_site_1	canonical_watson_crick	1384	0.9488320355951056	0.9515151515151514	0.9230255839822022	0.8333333333333334
TBP	TBP_site_1	mismatch	1384	0.9630807694978818	0.6242424242424242	0.9142579345787901	0.8393939393939394
TBP	TBP_site_2	canonical_watson_crick	1384	0.9249082268824864	0.9636363636363635	0.8585094549499442	0.8
TBP	TBP_site_2	mismatch	1384	0.966219876380304	0.9757575757575757	0.9150774359330509	0.8651515151515151
p53	p53	canonical_watson_crick	1384	0.9006730351715155	0.8735294117647058	0.7972210160660008	0.7916666666666666
p53	p53	mismatch	1384	0.9180930872697686	0.9382352941176471	0.876732767273418	0.8314393939393939
Cbf1	Cbf1	canonical_watson_crick	1385	0.896010296010296	0.9370629370629372	0.8321750321750323	0.7222222222222222
Cbf1	Cbf1	mismatch	1385	0.9602674225021148	0.9510489510489512	0.9375662502679861	0.8327020202020202
Egr1	Egr1	canonical_watson_crick	1385	0.9861003861003862	0.9860139860139862	0.9227799227799229	0.8611111111111112
Egr1	Egr1	mismatch	1385	0.9847359537014709	0.9860139860139862	0.92507435093642	0.8333333333333334
Ets1	Ets1_site_1	canonical_watson_crick	1385	0.9829545454545456	1.0	0.9602272727272728	0.8787878787878788
Ets1	Ets1_site_1	mismatch	1385	0.9891102154905488	0.990909090909091	0.9677658363006842	0.8717241379310345
Ets1	Ets1_site_3	canonical_watson_crick	1385	0.8673631455282782	0.36363636363636365	0.6403743315508021	0.7272727272727273
Ets1	Ets1_site_3	mismatch	1385	0.6081750260676823	0.7545454545454545	0.6125813992319251	0.6585195530726257
GR	GR	canonical_watson_crick	1385	0.9495388669301712	0.9571428571428571	0.5220026350461132	0.6888888888888889
GR	GR	mismatch	1385	0.9350144551786579	0.9928571428571428	0.8387337057728119	0.7777777777777778
Max	Max_site_1	canonical_watson_crick	1385	0.9752895752895753	0.9020979020979022	0.8306306306306308	0.8055555555555556
Max	Max_site_1	mismatch	1385	0.9599358571822396	0.9930069930069931	0.8687605497950325	0.8143939393939394
Max	Max_site_2	canonical_watson_crick	1385	0.9250965250965252	0.8671328671328673	0.7763191763191764	0.7777777777777778
Max	Max_site_2	mismatch	1385	0.8440372318834173	0.9370629370629372	0.5885290341002037	0.6481012658227848
TBP	TBP_site_1	canonical_watson_crick	1385	0.9617352614015572	0.9515151515151514	0.9452725250278088	0.9333333333333333
TBP	TBP_site_1	mismatch	1385	0.9560594485728174	0.9757575757575757	0.8848600597263698	0.8409090909090909
TBP	TBP_site_2	canonical_watson_crick	1385	0.9483870967741934	0.9757575757575757	0.8963292547274748	0.8
TBP	TBP_site_2	mismatch	1385	0.9506648910787492	0.9878787878787878	0.9188971456351136	0.853030303030303
p53	p53	canonical_watson_crick	1385	0.931719496309162	0.8764705882352942	0.8377116804168475	0.875
p53	p53	mismatch	1385	0.9315707198638198	0.9294117647058824	0.888143260179584	0.8513257575757576
Cbf1	Cbf1	canonical_watson_crick	1386	0.9356499356499357	0.8461538461538463	0.9037323037323038	0.8055555555555556
Cbf1	Cbf1	mismatch	1386	0.9632404212692334	0.9720279720279721	0.9405021104639728	0.8305941845764855
Egr1	Egr1	canonical_watson_crick	1386	0.9740025740025742	0.965034965034965	0.8815958815958815	0.8333333333333334
Egr1	Egr1	mismatch	1386	0.9831926693995661	0.9790209790209792	0.9180934008520216	0.8421717171717171
Ets1	Ets1_site_1	canonical_watson_crick	1386	0.9665719538692964	0.9818181818181818	0.9421791443850267	0.7575757575757576
Ets1	Ets1_site_1	mismatch	1386	0.9897650768216821	0.990909090909091	0.9766281810636179	0.8948824343015215
Ets1	Ets1_site_3	canonical_watson_crick	1386	0.8316053511705687	0.7090909090909092	0.6560828877005348	0.696969696969697
Ets1	Ets1_site_3	mismatch	1386	0.5971323966217132	0.790909090909091	0.5519608341915009	0.634453781512605
GR	GR	canonical_watson_crick	1386	0.9644268774703557	0.8857142857142855	0.7160737812911725	0.7555555555555555
GR	GR	mismatch	1386	0.9348621871045403	0.9928571428571428	0.8483862670658558	0.7666666666666667
Max	Max_site_1	canonical_watson_crick	1386	0.9712961851603832	0.9160839160839163	0.8530244530244531	0.8055555555555556
Max	Max_site_1	mismatch	1386	0.962040832730488	0.9860139860139862	0.8579535407121613	0.7916666666666666
Max	Max_site_2	canonical_watson_crick	1386	0.9420849420849422	0.8811188811188813	0.7407979407979408	0.8333333333333334
Max	Max_site_2	mismatch	1386	0.8524891587878268	0.9090909090909092	0.6191490024408342	0.6698232323232324
TBP	TBP_site_1	canonical_watson_crick	1386	0.9697441601779755	0.9878787878787878	0.8918798665183537	0.8666666666666667
TBP	TBP_site_1	mismatch	1386	0.9489408986735188	0.6363636363636362	0.8667754705187859	0.8
TBP	TBP_site_2	canonical_watson_crick	1386	0.9341490545050056	0.9878787878787878	0.9292547274749722	0.8333333333333334
TBP	TBP_site_2	mismatch	1386	0.9573355047856376	0.9878787878787878	0.9008472810611846	0.8545454545454545
p53	p53	canonical_watson_crick	1386	0.9126139817629179	0.8764705882352942	0.7238384715588363	0.75
p53	p53	mismatch	1386	0.9208033641499809	0.8352941176470589	0.8697444209575852	0.8252840909090909
Cbf1	Cbf1	canonical_watson_crick	1387	0.9513513513513513	0.8811188811188813	0.8952380952380953	0.75
Cbf1	Cbf1	mismatch	1387	0.962498995257616	0.9510489510489512	0.9335503576882886	0.8207070707070707
Egr1	Egr1	canonical_watson_crick	1387	0.9891891891891892	0.9860139860139862	0.9469755469755471	0.9444444444444444
Egr1	Egr1	mismatch	1387	0.9826300136644964	0.9860139860139862	0.9139217104734347	0.8068181818181818
Ets1	Ets1_site_1	canonical_watson_crick	1387	0.9794417516296173	0.990909090909091	0.9605614973262033	0.7878787878787878
Ets1	Ets1_site_1	mismatch	1387	0.9900532753400113	1.0	0.9706461295241434	0.8822314049586777
Ets1	Ets1_site_3	canonical_watson_crick	1387	0.8542171725906933	0.18181818181818182	0.6121835067751304	0.78125
Ets1	Ets1_site_3	mismatch	1387	0.5054510763231013	0.27272727272727276	0.5051292621028382	0.5935302390998594
GR	GR	canonical_watson_crick	1387	0.9577075098814228	0.9607142857142855	0.5379446640316206	0.7111111111111111
GR	GR	mismatch	1387	0.9495349391108693	0.9857142857142854	0.8710931773066047	0.7967644084934277
Max	Max_site_1	canonical_watson_crick	1387	0.9827541827541829	0.8741258741258742	0.9294723294723294	0.9444444444444444
Max	Max_site_1	mismatch	1387	0.9629881932410315	0.9930069930069931	0.8694696356211503	0.8037974683544303
Max	Max_site_2	canonical_watson_crick	1387	0.9258687258687259	0.8811188811188813	0.6736164736164737	0.7222222222222222
Max	Max_site_2	mismatch	1387	0.858064930995471	0.9580419580419581	0.5766724707346278	0.6750948166877371
TBP	TBP_site_1	canonical_watson_crick	1387	0.9385984427141268	0.9272727272727272	0.8593993325917685	0.8
TBP	TBP_site_1	mismatch	1387	0.9602055698312383	0.6242424242424242	0.9026876866449058	0.8424242424242424
TBP	TBP_site_2	canonical_watson_crick	1387	0.9568409343715237	0.9515151515151514	0.9421579532814239	0.9333333333333333
TBP	TBP_site_2	mismatch	1387	0.9618445725397595	0.9757575757575757	0.9301618167928326	0.8560606060606061
p53	p53	canonical_watson_crick	1387	0.8983092249624045	0.8117647058823528	0.7442466348241424	0.7916666666666666
p53	p53	mismatch	1387	0.9211797583024773	0.8911764705882352	0.8768226270243877	0.8409090909090909
Cbf1	Cbf1	canonical_watson_crick	1388	0.9377091377091378	0.8461538461538463	0.857915057915058	0.75
Cbf1	Cbf1	mismatch	1388	0.9611134164394938	0.9440559440559443	0.9318342576963267	0.8055555555555556
Egr1	Egr1	canonical_watson_crick	1388	0.9750321750321751	0.9930069930069931	0.8906048906048907	0.8333333333333334
Egr1	Egr1	mismatch	1388	0.9837673820432441	0.9860139860139862	0.9149224338879511	0.8131313131313131
Ets1	Ets1_site_1	canonical_watson_crick	1388	0.979191041283637	1.0	0.9515374331550803	0.7575757575757576
Ets1	Ets1_site_1	mismatch	1388	0.9918744154525341	1.0	0.9786474686516536	0.9197786998616874
Ets1	Ets1_site_3	canonical_watson_crick	1388	0.866231996092898	0.41818181818181827	0.7907404422668011	0.8709677419354839
Ets1	Ets1_site_3	mismatch	1388	0.6580792046607624	0.8454545454545455	0.6236280006595865	0.6661991584852734
GR	GR	canonical_watson_crick	1388	0.9563899868247693	0.9392857142857142	0.5857707509881422	0.7111111111111111
GR	GR	mismatch	1388	0.9392887328255883	0.9892857142857142	0.8465281850262867	0.7919191919191919
Max	Max_site_1	canonical_watson_crick	1388	0.9830115830115831	0.9300699300699302	0.862805662805663	0.8611111111111112
Max	Max_site_1	mismatch	1388	0.9663169486333887	0.9370629370629372	0.8959437504463071	0.8280657395701644
Max	Max_site_2	canonical_watson_crick	1388	0.9564993564993566	0.8531468531468532	0.8211068211068212	0.8333333333333334
Max	Max_site_2	mismatch	1388	0.853197652516694	0.9300699300699302	0.6208309428816562	0.6748737373737373
TBP	TBP_site_1	canonical_watson_crick	1388	0.9666295884315905	0.9393939393939393	0.9608453837597329	0.9333333333333333
TBP	TBP_site_1	mismatch	1388	0.9616640044447531	0.6363636363636362	0.9200777831793873	0.8424242424242424
TBP	TBP_site_2	canonical_watson_crick	1388	0.9368186874304782	0.9393939393939393	0.8865406006674084	0.7
TBP	TBP_site_2	mismatch	1388	0.956872005000347	0.9878787878787878	0.9229390929925689	0.8590909090909091
p53	p53	canonical_watson_crick	1388	0.9048769238276886	0.8794117647058824	0.7498914459400782	0.8541666666666666
p53	p53	mismatch	1388	0.9275471541363254	0.9294117647058824	0.8839859750969808	0.8380681818181818
Cbf1	Cbf1	canonical_watson_crick	1389	0.9407979407979409	0.8741258741258742	0.9235521235521235	0.75
Cbf1	Cbf1	mismatch	1389	0.9548066875653083	0.9790209790209792	0.9249095731854353	0.8042929292929293
Egr1	Egr1	canonical_watson_crick	1389	0.9830115830115831	0.9790209790209792	0.9060489060489062	0.8888888888888888
Egr1	Egr1	mismatch	1389	0.980962141306969	0.9790209790209792	0.9006309782171851	0.8181818181818182
Ets1	Ets1_site_1	canonical_watson_crick	1389	0.9852941176470589	0.990909090909091	0.9649064171122995	0.8787878787878788
Ets1	Ets1_site_1	mismatch	1389	0.9884214659657069	0.990909090909091	0.970882081699879	0.8910344827586207
Ets1	Ets1_site_3	canonical_watson_crick	1389	0.9048494983277593	0.7636363636363637	0.6858288770053477	0.7272727272727273
Ets1	Ets1_site_3	mismatch	1389	0.5444315966437628	0.8909090909090911	0.5125105172879216	0.6162952646239555
GR	GR	canonical_watson_crick	1389	0.9566534914361001	0.9642857142857141	0.5627140974967062	0.7777777777777778
GR	GR	mismatch	1389	0.9352840108233792	0.9785714285714284	0.8433346708231735	0.7929292929292929
Max	Max_site_1	canonical_watson_crick	1389	0.9796653796653797	0.9930069930069931	0.9184041184041185	0.8611111111111112
Max	Max_site_1	mismatch	1389	0.9672242657591348	0.965034965034965	0.8892613133992444	0.8320707070707071
Max	Max_site_2	canonical_watson_crick	1389	0.9196911196911197	0.8111888111888113	0.6957528957528958	0.6944444444444444
Max	Max_site_2	mismatch	1389	0.8610952583816281	0.9090909090909092	0.6535232834213606	0.6991150442477876
TBP	TBP_site_1	canonical_watson_crick	1389	0.9452725250278088	0.9393939393939393	0.903448275862069	0.8666666666666667
TBP	TBP_site_1	mismatch	1389	0.957413709285367	0.6363636363636362	0.8953191193832903	0.8303030303030303
TBP	TBP_site_2	canonical_watson_crick	1389	0.9421579532814239	0.9272727272727272	0.8789766407119021	0.7333333333333333
TBP	TBP_site_2	mismatch	1389	0.9493104520084259	0.8303030303030302	0.8894298215153829	0.8287878787878787
p53	p53	canonical_watson_crick	1389	0.8984720604714612	0.9294117647058824	0.6703937907861425	0.7395833333333334
p53	p53	mismatch	1389	0.9338355317236458	0.9441176470588234	0.9010507665636671	0.8440758293838863
Cbf1	Cbf1	canonical_watson_crick	1390	0.918918918918919	0.8601398601398602	0.8293436293436294	0.6666666666666666
Cbf1	Cbf1	mismatch	1390	0.9601117273531067	0.9230769230769231	0.933060043404871	0.7941919191919192
Egr1	Egr1	canonical_watson_crick	1390	0.9776061776061777	0.9230769230769231	0.9418275418275419	0.8888888888888888
Egr1	Egr1	mismatch	1390	0.9835101679929267	0.9860139860139862	0.9055260831122901	0.8017676767676768
Ets1	Ets1_site_1	canonical_watson_crick	1390	0.9854588136979623	1.0	0.9579677479757159	0.8636363636363636
Ets1	Ets1_site_1	mismatch	1390	0.9896451595364557	1.0	0.9706734845652056	0.8922651933701657
Ets1	Ets1_site_3	canonical_watson_crick	1390	0.8517218797662297	0.38181818181818183	0.6356951871657754	0.7272727272727273
Ets1	Ets1_site_3	mismatch	1390	0.6455657256507906	0.39090909090909093	0.5665653495460011	0.6442715700141443
GR	GR	canonical_watson_crick	1390	0.9567852437417654	0.6785714285714285	0.6134387351778656	0.7555555555555555
GR	GR	mismatch	1390	0.9329341440579442	0.9428571428571427	0.8412687634392008	0.7888888888888889
Max	Max_site_1	canonical_watson_crick	1390	0.9709137709137711	0.9580419580419581	0.8265122265122266	0.8055555555555556
Max	Max_site_1	mismatch	1390	0.9711246796129407	1.0	0.8898670624020472	0.8415404040404041
Max	Max_site_2	canonical_watson_crick	1390	0.942857142857143	0.7972027972027973	0.8157014157014157	0.7777777777777778
Max	Max_site_2	mismatch	1390	0.8387634799160649	0.9160839160839163	0.5804436942367978	0.6666666666666666
TBP	TBP_site_1	canonical_watson_crick	1390	0.9434927697441602	0.9515151515151514	0.8874304783092326	0.8
TBP	TBP_site_1	mismatch	1390	0.9698919541162512	0.9878787878787878	0.9200222237655391	0.8636363636363636
TBP	TBP_site_2	canonical_watson_crick	1390	0.9470522803114572	0.9515151515151514	0.8976640711902113	0.8
TBP	TBP_site_2	mismatch	1390	0.9560802833530107	0.9393939393939393	0.9151885547607472	0.8636363636363636
p53	p53	canonical_watson_crick	1390	0.8988276161528441	0.9441176470588234	0.6947459834997829	0.7083333333333334
p53	p53	mismatch	1390	0.9224695207371717	0.888235294117647	0.8968786863177833	0.8417061611374408
Cbf1	Cbf1	canonical_watson_crick	1391	0.9541827541827543	0.8951048951048951	0.9222651222651224	0.8333333333333334
Cbf1	Cbf1	mismatch	1391	0.9626517160999919	0.9580419580419581	0.9360260429225948	0.8232323232323232
Egr1	Egr1	canonical_watson_crick	1391	0.9812097812097812	0.9790209790209792	0.9057915057915058	0.9444444444444444
Egr1	Egr1	mismatch	1391	0.984241620448517	0.9790209790209792	0.9185716582268306	0.8320707070707071
Ets1	Ets1_site_1	canonical_watson_crick	1391	0.9745132481588278	0.990909090909091	0.9428475935828877	0.7878787878787878
Ets1	Ets1_site_1	mismatch	1391	0.9898916374214359	0.990909090909091	0.9708781683452319	0.8970994475138122
Ets1	Ets1_site_3	canonical_watson_crick	1391	0.8603193209025751	0.6363636363636364	0.5904570923932667	0.6515151515151515
Ets1	Ets1_site_3	mismatch	1391	0.593476453045725	0.8636363636363636	0.5479209741911952	0.6242977528089888
GR	GR	canonical_watson_crick	1391	0.9606060606060606	0.9535714285714283	0.5841897233201581	0.6888888888888889
GR	GR	mismatch	1391	0.9323625895669769	0.9857142857142854	0.856814510735928	0.7868686868686868
Max	Max_site_1	canonical_watson_crick	1391	0.9693693693693693	0.9230769230769231	0.8200772200772201	0.8055555555555556
Max	Max_site_1	mismatch	1391	0.9613454733269818	1.0	0.8764809902740938	0.8143939393939394
Max	Max_site_2	canonical_watson_crick	1391	0.9466503655615205	0.6853146853146854	0.7647361647361649	0.8333333333333334
Max	Max_site_2	mismatch	1391	0.8373123006242352	0.9300699300699302	0.5983628711148338	0.67739898989899
TBP	TBP_site_1	canonical_watson_crick	1391	0.9448275862068966	0.9878787878787878	0.9337041156840934	0.8333333333333334
TBP	TBP_site_1	mismatch	1391	0.9565090570697398	0.9878787878787878	0.8990485450378498	0.8287878787878787
TBP	TBP_site_2	canonical_watson_crick	1391	0.9430478309232482	0.9636363636363635	0.9016685205784205	0.8333333333333334
TBP	TBP_site_2	mismatch	1391	0.9488158899923606	0.9636363636363635	0.9052017501215361	0.8287878787878787
p53	p53	canonical_watson_crick	1391	0.894159791576205	0.8823529411764707	0.706252713851498	0.75
p53	p53	mismatch	1391	0.9394648409829611	0.9294117647058824	0.9050487616309036	0.8645833333333334
Cbf1	Cbf1	canonical_watson_crick	1392	0.9196911196911197	0.8881118881118882	0.8311454311454312	0.6944444444444444
Cbf1	Cbf1	mismatch	1392	0.9552939427039854	0.9720279720279721	0.9314122658950246	0.7878787878787878
Egr1	Egr1	canonical_watson_crick	1392	0.9796653796653797	0.9720279720279721	0.9389961389961391	0.8888888888888888
Egr1	Egr1	mismatch	1392	0.9846997829756451	0.9930069930069931	0.9166023631540874	0.821969696969697
Ets1	Ets1_site_1	canonical_watson_crick	1392	0.9802774527828849	0.990909090909091	0.9749331550802139	0.8484848484848485
Ets1	Ets1_site_1	mismatch	1392	0.9885193016884424	1.0	0.9706890614370443	0.8911845730027548
Ets1	Ets1_site_3	canonical_watson_crick	1392	0.8501296579363633	0.33636363636363636	0.5357620320855615	0.6363636363636364
Ets1	Ets1_site_3	mismatch	1392	0.5859141484502051	0.5181818181818182	0.5782825581607708	0.6320224719101124
GR	GR	canonical_watson_crick	1392	0.9516469038208167	0.9464285714285712	0.5218708827404479	0.7111111111111111
GR	GR	mismatch	1392	0.9336625616016955	0.982142857142857	0.8328919616860603	0.7707070707070707
Max	Max_site_1	canonical_watson_crick	1392	0.9724581724581726	0.9020979020979022	0.8666666666666668	0.8333333333333334
Max	Max_site_1	mismatch	1392	0.9610681638717335	0.9720279720279721	0.879851780255026	0.8200757575757576
Max	Max_site_2	canonical_watson_crick	1392	0.9516087516087516	0.8531468531468532	0.8617760617760618	0.8888888888888888
Max	Max_site_2	mismatch	1392	0.8274156761481809	0.9370629370629372	0.5709198836907878	0.6441213653603034
TBP	TBP_site_1	canonical_watson_crick	1392	0.9439377085650723	0.9878787878787878	0.9119021134593993	0.8333333333333334
TBP	TBP_site_1	mismatch	1392	0.9495571733418946	0.7575757575757575	0.8822834919091601	0.8136363636363636
TBP	TBP_site_2	canonical_watson_crick	1392	0.9390433815350391	0.9757575757575757	0.8491657397107898	0.7333333333333333
TBP	TBP_site_2	mismatch	1392	0.9650600736162231	0.9757575757575757	0.9205361483436348	0.8621212121212121
p53	p53	canonical_watson_crick	1392	0.9415979157620494	0.9558823529411766	0.7961354754667825	0.8125
p53	p53	mismatch	1392	0.933790177885291	0.9176470588235294	0.8844966855726243	0.8407582938388626
Cbf1	Cbf1	canonical_watson_crick	1393	0.9320463320463322	0.8461538461538463	0.8398970398970399	0.75
Cbf1	Cbf1	mismatch	1393	0.958113252666319	0.9300699300699302	0.9263885539747609	0.8131313131313131
Egr1	Egr1	canonical_watson_crick	1393	0.9881595881595883	0.9790209790209792	0.9091377091377092	0.9166666666666666
Egr1	Egr1	mismatch	1393	0.9859496825014067	0.9930069930069931	0.9198496905393456	0.8244949494949495
Ets1	Ets1_site_1	canonical_watson_crick	1393	0.9788585310352004	0.990909090909091	0.9511155711322052	0.84375
Ets1	Ets1_site_1	mismatch	1393	0.9873869995829639	1.0	0.9639477230252043	0.8791436464088398
Ets1	Ets1_site_3	canonical_watson_crick	1393	0.8549816234474854	0.5545454545454546	0.5	0.696969696969697
Ets1	Ets1_site_3	mismatch	1393	0.6034234117630362	0.4909090909090909	0.5697006227467681	0.6345323741007194
GR	GR	canonical_watson_crick	1393	0.9561264822134385	0.7999999999999999	0.5592885375494071	0.6888888888888889
GR	GR	mismatch	1393	0.9434859100589524	0.9928571428571428	0.8607261540994063	0.7868686868686868
Max	Max_site_1	canonical_watson_crick	1393	0.9639639639639641	0.8881118881118882	0.8527670527670529	0.8611111111111112
Max	Max_site_1	mismatch	1393	0.9552095442589261	0.9440559440559443	0.8364890648756984	0.8036616161616161
Max	Max_site_2	canonical_watson_crick	1393	0.91994851994852	0.7552447552447553	0.6785070785070786	0.75
Max	Max_site_2	mismatch	1393	0.856393314807501	0.9160839160839163	0.6092763938556988	0.6963383838383839
TBP	TBP_site_1	canonical_watson_crick	1393	0.9256952169076751	0.9515151515151514	0.8233592880978865	0.7666666666666667
TBP	TBP_site_1	mismatch	1393	0.9670879922216818	0.9515151515151514	0.9166608792277241	0.8545454545454545
TBP	TBP_site_2	canonical_watson_crick	1393	0.9608453837597329	0.9636363636363635	0.8985539488320357	0.8333333333333334
TBP	TBP_site_2	mismatch	1393	0.959017987360233	0.9878787878787878	0.9189665949024236	0.8363636363636363
p53	p53	canonical_watson_crick	1393	0.9043044034382463	0.9470588235294116	0.7314028281793595	0.7872340425531915
p53	p53	mismatch	1393	0.9202107976808336	0.9558823529411766	0.872387285353878	0.8229166666666666
Cbf1	Cbf1	canonical_watson_crick	1394	0.9387387387387389	0.8181818181818183	0.9142857142857144	0.7777777777777778
Cbf1	Cbf1	mismatch	1394	0.9583594566353187	0.9300699300699302	0.9282051282051282	0.7954545454545454
Egr1	Egr1	canonical_watson_crick	1394	0.9786357786357787	0.9720279720279721	0.9122265122265123	0.8611111111111112
Egr1	Egr1	mismatch	1394	0.9813278675347642	0.9930069930069931	0.9053974760871312	0.8156565656565656
Ets1	Ets1_site_1	canonical_watson_crick	1394	0.9745132481588276	0.990909090909091	0.9555481283422461	0.8181818181818182
Ets1	Ets1_site_1	mismatch	1394	0.9918770879690664	0.990909090909091	0.9767300495305142	0.8979310344827586
Ets1	Ets1_site_3	canonical_watson_crick	1394	0.7461538565865296	0.7727272727272727	0.517466161331223	0.7419354838709677
Ets1	Ets1_site_3	mismatch	1394	0.5458008248679943	0.7636363636363637	0.5324747156752098	0.604225352112676
GR	GR	canonical_watson_crick	1394	0.9541501976284584	0.9249999999999998	0.5612648221343873	0.6444444444444445
GR	GR	mismatch	1394	0.9341481732975296	0.9892857142857142	0.8473430249904832	0.7737373737373737
Max	Max_site_1	canonical_watson_crick	1394	0.9745173745173745	0.8881118881118882	0.8043758043758045	0.8055555555555556
Max	Max_site_1	mismatch	1394	0.9610812646508998	0.9790209790209792	0.8779157623985211	0.8169191919191919
Max	Max_site_2	canonical_watson_crick	1394	0.9317889317889319	0.7482517482517484	0.7032175032175032	0.7777777777777778
Max	Max_site_2	mismatch	1394	0.8251359421925758	0.9160839160839163	0.5814082469254883	0.6679292929292929
TBP	TBP_site_1	canonical_watson_crick	1394	0.9483870967741934	0.9757575757575757	0.8998887652947719	0.8333333333333334
TBP	TBP_site_1	mismatch	1394	0.9610111813320368	0.9636363636363635	0.9069102020973677	0.8303030303030303
TBP	TBP_site_2	canonical_watson_crick	1394	0.9363737486095662	0.9515151515151514	0.8847608453837598	0.8
TBP	TBP_site_2	mismatch	1394	0.9648100562539064	0.9999999999999999	0.9325925411486907	0.8803030303030303
p53	p53	canonical_watson_crick	1394	0.9058836300477637	0.8911764705882352	0.7577073382544507	0.8541666666666666
p53	p53	mismatch	1394	0.9142316529948977	0.8558823529411764	0.8725771776578142	0.8352272727272727
Cbf1	Cbf1	canonical_watson_crick	1395	0.9495495495495495	0.9580419580419581	0.893951093951094	0.7222222222222222
Cbf1	Cbf1	mismatch	1395	0.964195000401897	0.9440559440559443	0.9377501808536293	0.8156565656565656
Egr1	Egr1	canonical_watson_crick	1395	0.9879021879021881	0.9860139860139862	0.957014157014157	0.8888888888888888
Egr1	Egr1	mismatch	1395	0.9834860541757094	0.9860139860139862	0.9039747608713126	0.8194444444444444
Ets1	Ets1_site_1	canonical_watson_crick	1395	0.9798612886220557	1.0	0.9548796791443851	0.8181818181818182
Ets1	Ets1_site_1	mismatch	1395	0.989432407718667	1.0	0.9704541837691484	0.8888121546961326
Ets1	Ets1_site_3	canonical_watson_crick	1395	0.908407153601872	0.11818181818181818	0.7663770053475936	0.7878787878787878
Ets1	Ets1_site_3	mismatch	1395	0.5471622025807831	0.1272727272727273	0.5324226205037256	0.6323943661971831
GR	GR	canonical_watson_crick	1395	0.9644268774703557	0.9428571428571427	0.6952569169960474	0.7333333333333333
GR	GR	mismatch	1395	0.9456402975400474	0.9892857142857142	0.8638435342654608	0.8121212121212121
Max	Max_site_1	canonical_watson_crick	1395	0.9750321750321751	0.9090909090909092	0.8702702702702704	0.8333333333333334
Max	Max_site_1	mismatch	1395	0.964268238892775	0.9930069930069931	0.8828550759585243	0.8194444444444444
Max	Max_site_2	canonical_watson_crick	1395	0.957014157014157	0.8461538461538463	0.794851994851995	0.8055555555555556
Max	Max_site_2	mismatch	1395	0.843112549917688	0.8951048951048951	0.6081832330435039	0.6672979797979798
TBP	TBP_site_1	canonical_watson_crick	1395	0.9381535038932147	0.9515151515151514	0.9021134593993325	0.8333333333333334
TBP	TBP_site_1	mismatch	1395	0.9605319813875962	0.8545454545454544	0.903673866240711	0.843939393939394
TBP	TBP_site_2	canonical_watson_crick	1395	0.9515016685205783	0.9515151515151514	0.8843159065628475	0.8333333333333334
TBP	TBP_site_2	mismatch	1395	0.9574692686992151	0.9878787878787878	0.923612750885478	0.8575757575757575
p53	p53	canonical_watson_crick	1395	0.9061796079001416	0.8264705882352942	0.7378419452887538	0.7916666666666666
p53	p53	mismatch	1395	0.9124806186435721	0.8647058823529412	0.8693341177698091	0.8199052132701422
Cbf1	Cbf1	canonical_watson_crick	1396	0.934877734877735	0.9300699300699302	0.8743886743886745	0.75
Cbf1	Cbf1	mismatch	1396	0.958438789525833	0.9720279720279721	0.9318422956353991	0.8131313131313131
Egr1	Egr1	canonical_watson_crick	1396	0.9881595881595883	0.9860139860139862	0.9660231660231662	0.9722222222222222
Egr1	Egr1	mismatch	1396	0.9823486857969617	0.9930069930069931	0.9053613053613053	0.8295454545454546
Ets1	Ets1_site_1	canonical_watson_crick	1396	0.9867123516630455	1.0	0.953956717628295	0.84375
Ets1	Ets1_site_1	mismatch	1396	0.9900859521864334	1.0	0.9690703629358723	0.8786206896551724
Ets1	Ets1_site_3	canonical_watson_crick	1396	0.902540968812782	0.4909090909090909	0.6898395721925134	0.7575757575757576
Ets1	Ets1_site_3	mismatch	1396	0.5928437550625912	0.8272727272727273	0.5769758589491288	0.6366197183098592
GR	GR	canonical_watson_crick	1396	0.9612648221343872	0.9357142857142854	0.6774703557312253	0.7111111111111111
GR	GR	mismatch	1396	0.9365242427875776	0.982142857142857	0.8362974165869318	0.7858585858585858
Max	Max_site_1	canonical_watson_crick	1396	0.9750321750321751	0.9090909090909092	0.8355212355212355	0.8333333333333334
Max	Max_site_1	mismatch	1396	0.966443546428176	0.9510489510489512	0.8833052005465799	0.8118686868686869
Max	Max_site_2	canonical_watson_crick	1396	0.9451737451737452	0.8601398601398602	0.7462033462033463	0.7777777777777778
Max	Max_site_2	mismatch	1396	0.8420672941668206	0.8881118881118882	0.5926734185354875	0.6805555555555556
TBP	TBP_site_1	canonical_watson_crick	1396	0.9519466073414905	0.9636363636363635	0.9296996662958843	0.9
TBP	TBP_site_1	mismatch	1396	0.9543023821098687	0.6848484848484848	0.898840197235919	0.8318181818181818
TBP	TBP_site_2	canonical_watson_crick	1396	0.9296996662958843	0.9393939393939393	0.9123470522803115	0.8666666666666667
TBP	TBP_site_2	mismatch	1396	0.9614556566428223	0.9878787878787878	0.9178206819918048	0.8469696969696969
p53	p53	canonical_watson_crick	1396	0.9144299403590107	0.9294117647058824	0.7555362570560139	0.7708333333333334
p53	p53	mismatch	1396	0.9246951859198523	0.9264705882352942	0.8888260623907488	0.8417061611374408
Cbf1	Cbf1	canonical_watson_crick	1397	0.9106821106821108	0.9020979020979022	0.8344916344916345	0.7222222222222222
Cbf1	Cbf1	mismatch	1397	0.9616057407023388	0.9440559440559443	0.9345872518286312	0.8143939393939394
Egr1	Egr1	canonical_watson_crick	1397	0.9794079794079794	0.9860139860139862	0.9158301158301159	0.8611111111111112
Egr1	Egr1	mismatch	1397	0.9815489108592558	0.9790209790209792	0.9075918334539026	0.8118686868686869
Ets1	Ets1_site_1	canonical_watson_crick	1397	0.9790256572996762	1.0	0.9368315508021391	0.7575757575757576
Ets1	Ets1_site_1	mismatch	1397	0.9893059429111107	1.0	0.9693350847702444	0.886049723756906
Ets1	Ets1_site_3	canonical_watson_crick	1397	0.8692635899842888	0.7000000000000001	0.5581550802139037	0.7575757575757576
Ets1	Ets1_site_3	mismatch	1397	0.6132838960504318	0.7636363636363637	0.5787344618957078	0.6500701262272089
GR	GR	canonical_watson_crick	1397	0.96231884057971	0.9392857142857142	0.6732542819499341	0.7777777777777778
GR	GR	mismatch	1397	0.9275651139260227	0.982142857142857	0.8376822329907301	0.7828282828282829
Max	Max_site_1	canonical_watson_crick	1397	0.9840411840411842	0.8951048951048951	0.920978120978121	0.9166666666666666
Max	Max_site_1	mismatch	1397	0.9612922607635476	0.965034965034965	0.8607909332047263	0.7941919191919192
Max	Max_site_2	canonical_watson_crick	1397	0.9624195624195625	0.9090909090909092	0.8023166023166024	0.8055555555555556
Max	Max_site_2	mismatch	1397	0.8553773688332175	0.8951048951048951	0.6058355437665782	0.6616161616161617
TBP	TBP_site_1	canonical_watson_crick	1397	0.9639599555061179	0.9515151515151514	0.9248053392658508	0.8
TBP	TBP_site_1	mismatch	1397	0.9629002014028749	0.7333333333333332	0.8977984582262655	0.8303030303030303
TBP	TBP_site_2	canonical_watson_crick	1397	0.9532814238042269	0.9878787878787878	0.8700778642936596	0.7666666666666667
TBP	TBP_site_2	mismatch	1397	0.9632266129592331	0.9999999999999999	0.929932634210709	0.8681818181818182
p53	p53	canonical_watson_crick	1397	0.9181751570673133	0.8647058823529412	0.7942900564481111	0.8125
p53	p53	mismatch	1397	0.912444166010706	0.8176470588235294	0.8761100545051274	0.818957345971564
Cbf1	Cbf1	canonical_watson_crick	1398	0.9467181467181469	0.9160839160839163	0.8911196911196911	0.75
Cbf1	Cbf1	mismatch	1398	0.9614781769954184	0.9370629370629372	0.92636845912708	0.797979797979798
Egr1	Egr1	canonical_watson_crick	1398	0.9855855855855857	0.9860139860139862	0.9274131274131274	0.9166666666666666
Egr1	Egr1	mismatch	1398	0.9824652359135118	0.9860139860139862	0.9072261072261072	0.8106060606060606
Ets1	Ets1_site_1	canonical_watson_crick	1398	0.9837873976266088	0.990909090909091	0.956216577540107	0.8484848484848485
Ets1	Ets1_site_1	mismatch	1398	0.9887724287480648	1.0	0.9706617062943862	0.8846685082872928
Ets1	Ets1_site_3	canonical_watson_crick	1398	0.8861489871548655	0.6090909090909091	0.6042780748663102	0.6060606060606061
Ets1	Ets1_site_3	mismatch	1398	0.5847185879424041	0.6818181818181819	0.5878748744459669	0.6526610644257703
GR	GR	canonical_watson_crick	1398	0.9641633728590249	0.9428571428571427	0.71133069828722	0.7555555555555555
GR	GR	mismatch	1398	0.9463234461968989	0.9892857142857142	0.8751093140734797	0.806060606060606
Max	Max_site_1	canonical_watson_crick	1398	0.972972972972973	0.8111888111888113	0.8118404118404119	0.7777777777777778
Max	Max_site_1	mismatch	1398	0.9585100846195737	0.8951048951048951	0.8653605015673982	0.8207070707070707
Max	Max_site_2	canonical_watson_crick	1398	0.9361647361647363	0.8601398601398602	0.8120978120978121	0.8055555555555556
Max	Max_site_2	mismatch	1398	0.8712931173938891	0.9230769230769231	0.6438670524877422	0.696969696969697
TBP	TBP_site_1	canonical_watson_crick	1398	0.9385984427141268	0.9999999999999999	0.9479421579532814	0.8666666666666667
TBP	TBP_site_1	mismatch	1398	0.9451489686783805	0.9757575757575757	0.8638586012917562	0.8075757575757576
TBP	TBP_site_2	canonical_watson_crick	1398	0.9203559510567296	0.9515151515151514	0.8607341490545051	0.7333333333333333
TBP	TBP_site_2	mismatch	1398	0.9511910549343704	0.9515151515151514	0.9304812834224596	0.8575757575757575
p53	p53	canonical_watson_crick	1398	0.9444459525284495	0.9147058823529413	0.8570343030829353	0.875
p53	p53	mismatch	1398	0.9213933207784564	0.9	0.8826545598969272	0.8423295454545454
Cbf1	Cbf1	canonical_watson_crick	1399	0.944916344916345	0.8881118881118882	0.884942084942085	0.8055555555555556
Cbf1	Cbf1	mismatch	1399	0.959794228759746	0.9300699300699302	0.932372799614179	0.8068181818181818
Egr1	Egr1	canonical_watson_crick	1399	0.980952380952381	0.9790209790209792	0.9096525096525098	0.8055555555555556
Egr1	Egr1	mismatch	1399	0.9824692548830479	1.0	0.9087854674061572	0.8156565656565656
Ets1	Ets1_site_1	canonical_watson_crick	1399	0.9772727272727274	1.0	0.9502005347593584	0.8181818181818182
Ets1	Ets1_site_1	mismatch	1399	0.9897455096663612	0.990909090909091	0.9670743511041173	0.8825966850828729
Ets1	Ets1_site_3	canonical_watson_crick	1399	0.8054998440867549	0.4727272727272727	0.5731951871657754	0.6363636363636364
Ets1	Ets1_site_3	mismatch	1399	0.6278622687545703	0.5181818181818182	0.5986258339560766	0.6517730496453901
GR	GR	canonical_watson_crick	1399	0.9586297760210802	0.8892857142857141	0.7042160737812911	0.7111111111111111
GR	GR	mismatch	1399	0.9376014370822546	0.9857142857142854	0.857180777184481	0.793939393939394
Max	Max_site_1	canonical_watson_crick	1399	0.9655083655083655	0.9090909090909092	0.8553410553410553	0.8055555555555556
Max	Max_site_1	mismatch	1399	0.9672061803780508	0.9720279720279721	0.8939715456956838	0.8345959595959596
Max	Max_site_2	canonical_watson_crick	1399	0.9552123552123553	0.8461538461538463	0.7806949806949809	0.8333333333333334
Max	Max_site_2	mismatch	1399	0.8502342068633447	0.965034965034965	0.5834739972671007	0.6742424242424242
TBP	TBP_site_1	canonical_watson_crick	1399	0.9586206896551723	0.9636363636363635	0.9323692992213571	0.8666666666666667
TBP	TBP_site_1	mismatch	1399	0.9496076116396969	0.6606060606060605	0.8870824362802971	0.8242424242424242
TBP	TBP_site_2	canonical_watson_crick	1399	0.9532814238042269	0.9393939393939393	0.9332591768631814	0.8333333333333334
TBP	TBP_site_2	mismatch	1399	0.9418795435105929	0.9878787878787878	0.8908952010556287	0.8272727272727273
p53	p53	canonical_watson_crick	1399	0.930308293530178	0.8588235294117647	0.8482414242292661	0.875
p53	p53	mismatch	1399	0.9157011663998177	0.9323529411764706	0.8699932859506824	0.8238636363636364
Cbf1	Cbf1	canonical_watson_crick	1400	0.9325611325611326	0.8461538461538463	0.916859716859717	0.7777777777777778
Cbf1	Cbf1	mismatch	1400	0.9604051121292502	0.9230769230769231	0.9432843019049916	0.8194444444444444
Egr1	Egr1	canonical_watson_crick	1400	0.9778635778635779	0.9930069930069931	0.9029601029601031	0.8333333333333334
Egr1	Egr1	mismatch	1400	0.9795544766849216	0.9930069930069931	0.8976288079736355	0.7941919191919192
Ets1	Ets1_site_1	canonical_watson_crick	1400	0.9796907681520984	0.990909090909091	0.9359070810649006	0.7727272727272727
Ets1	Ets1_site_1	mismatch	1400	0.9891898590730823	1.0	0.968240654623976	0.8819060773480663
Ets1	Ets1_site_3	canonical_watson_crick	1400	0.8693580863698597	0.8727272727272729	0.779077540106952	0.8181818181818182
Ets1	Ets1_site_3	mismatch	1400	0.5817196498812364	0.8363636363636365	0.5715269679190116	0.6419491525423728
GR	GR	canonical_watson_crick	1400	0.9610013175230566	0.9214285714285713	0.7372859025032938	0.8
GR	GR	mismatch	1400	0.9494943259565624	0.9892857142857142	0.8727820817514943	0.8010101010101011
Max	Max_site_1	canonical_watson_crick	1400	0.9786357786357787	0.9440559440559443	0.8661518661518662	0.8333333333333334
Max	Max_site_1	mismatch	1400	0.9558164092686373	0.9510489510489512	0.8401495056667472	0.8093434343434344
Max	Max_site_2	canonical_watson_crick	1400	0.9402831402831404	0.8601398601398602	0.7407979407979408	0.75
Max	Max_site_2	mismatch	1400	0.861868916251625	0.9370629370629372	0.6130060013325992	0.6877370417193426
TBP	TBP_site_1	canonical_watson_crick	1400	0.9581757508342603	0.9636363636363635	0.9052280311457174	0.9
TBP	TBP_site_1	mismatch	1400	0.9410584068338078	0.5030303030303029	0.8871518855476074	0.8257575757575758
TBP	TBP_site_2	canonical_watson_crick	1400	0.9421579532814239	0.9515151515151514	0.8549499443826475	0.8333333333333334
TBP	TBP_site_2	mismatch	1400	0.9577799808681371	0.8787878787878788	0.9141067332931572	0.8452200303490136
p53	p53	canonical_watson_crick	1400	0.9235779418150238	0.9294117647058824	0.7709509335649153	0.8333333333333334
p53	p53	mismatch	1400	0.9316908193313145	0.9411764705882352	0.8966155087757374	0.8465909090909091
