protein_id,left_index,right_index,left_score,right_score,difficulty
DBP35,4409,2811,-0.131905,0.06448000000000001,easy
DBP35,3685,8101,-0.17264000000000002,0.05443,easy
DBP35,2111,1881,-0.15277000000000002,0.0675,easy
DBP35,3222,2369,-0.13821,0.038195,easy
DBP35,1640,6723,0.13333,-0.14514,easy
DBP35,4168,4971,0.0014949999999999998,-0.21618500000000002,easy
DBP35,5632,216,0.154155,-0.15181,easy
DBP35,3133,4313,0.1777,-0.06564,easy
DBP35,2484,5643,-0.162445,0.0135,easy
DBP35,2480,3597,-0.05994,0.14432,easy
DBP35,2209,4267,-0.121745,0.05043,easy
DBP35,7545,4066,0.255595,-0.0793,easy
DBP35,2367,5361,0.14716,-0.14144,easy
DBP35,1912,6301,0.08734,-0.055725,easy
DBP35,5984,4114,0.052965,-0.17196,easy
DBP35,8103,4244,0.12246499999999999,-0.1064,easy
DBP35,2673,3917,-0.07956,0.183445,easy
DBP35,5340,6705,-0.09958,0.16257,easy
DBP35,7764,825,0.089395,-0.192365,easy
DBP35,4056,6805,0.107185,-0.11296999999999999,easy
DBP35,2362,289,-0.201845,-0.0010100000000000005,easy
DBP35,1007,5005,0.16812,-0.17863,easy
DBP35,2934,4621,0.073725,-0.100795,easy
DBP35,3816,5267,0.24248999999999998,-0.029725,easy
DBP35,8012,1619,-0.171805,0.026665,easy
DBP35,353,7788,-0.191495,0.032959999999999996,easy
DBP35,6796,7357,-0.080275,0.10997,easy
DBP35,4262,7286,-0.12803,0.190685,easy
DBP35,1103,2433,0.09811500000000001,-0.12204,easy
DBP35,3717,121,0.11655,-0.043055,easy
DBP35,2507,4730,0.095215,-0.050775,easy
DBP35,1766,6498,-0.14632499999999998,0.057515000000000004,easy
DBP35,5826,872,-0.11649,0.104175,easy
DBP35,4842,5854,0.15391,-0.087035,easy
DBP35,4061,7550,-0.057789999999999994,0.48199499999999995,easy
DBP35,6406,8191,0.0251,-0.13685,easy
DBP35,236,7019,0.18581,-0.037774999999999996,easy
DBP35,1111,2994,0.159045,-0.060629999999999996,easy
DBP35,6794,1536,-0.14455,0.05961,easy
DBP35,3295,6784,0.07778,-0.063915,easy
DBP35,2464,7610,-0.2276,0.08861,easy
DBP35,5036,5077,0.227675,-0.107945,easy
DBP35,3197,1583,0.025445000000000002,-0.13948,easy
DBP35,2244,1115,-0.23939500000000002,0.04363,easy
DBP35,1181,4445,0.156165,-0.031955,easy
DBP35,7997,6490,-0.099345,0.45888,easy
DBP35,2707,1423,-0.06569,0.082755,easy
DBP35,7189,6162,-0.124285,0.01507,easy
DBP35,2370,6740,0.113995,-0.07209499999999999,easy
DBP35,4841,4708,0.058820000000000004,-0.24655499999999997,easy
DBP35,955,6274,-0.08601500000000001,0.12883,easy
DBP35,677,474,0.12182499999999999,-0.0684,easy
DBP35,1262,1073,-0.067905,0.0942,easy
DBP35,4923,112,0.117345,-0.13493,easy
DBP35,3720,807,-0.05239,0.15968,easy
DBP35,4729,754,-0.144905,0.009134999999999999,easy
DBP35,4739,5495,-0.07678,0.36379,easy
DBP35,737,7133,-0.17029,0.087215,easy
DBP35,7069,664,0.097695,-0.08782999999999999,easy
DBP35,4062,1346,-0.05759499999999999,0.091575,easy
DBP35,3485,1369,0.03488,-0.10957,easy
DBP35,6811,6259,-0.12067,0.035214999999999996,easy
DBP35,6471,6566,0.13037,-0.15269,easy
DBP35,1218,6223,0.155395,-0.114785,easy
DBP35,2186,6654,-0.036574999999999996,0.14585,easy
DBP35,4708,413,-0.24655499999999997,0.042429999999999995,easy
DBP35,7824,3859,-0.072645,0.078315,easy
DBP35,1864,2111,0.082135,-0.15277000000000002,easy
DBP35,7097,2840,-0.08532000000000001,0.16954000000000002,easy
DBP35,4556,134,0.105525,-0.055095000000000005,easy
DBP35,6890,7355,-0.20048,0.03415,easy
DBP35,2182,5318,0.119655,-0.13093,easy
DBP35,4917,2853,0.06954,-0.08814,easy
DBP35,178,2977,-0.138625,0.15667,easy
DBP35,4323,4735,0.022235,-0.170825,easy
DBP35,3499,4690,0.116695,-0.161505,easy
DBP35,959,8140,-0.197215,0.11692999999999999,easy
DBP35,7615,3908,-0.08007500000000001,0.11186499999999999,easy
DBP35,7947,7297,0.040565000000000004,-0.15071,easy
DBP35,2395,2286,0.087565,-0.11768499999999998,easy
DBP35,5620,5276,0.10000999999999999,-0.12276999999999999,easy
DBP35,715,6121,-0.222595,0.115815,easy
DBP35,5547,4246,-0.132605,0.053195,easy
DBP35,3827,5073,0.02866,-0.152295,easy
DBP35,6698,5210,-0.24819000000000002,0.12565500000000002,easy
DBP35,2273,1594,-0.14162,0.020325,easy
DBP35,4327,2987,-0.09493,0.060545,easy
DBP35,6693,3205,-0.119045,0.06632,easy
DBP35,1990,2259,-0.077025,0.08151,easy
DBP35,7774,7364,-0.09156,0.088055,easy
DBP35,1592,4109,0.11127,-0.097315,easy
DBP35,6604,5671,0.141205,-0.10333999999999999,easy
DBP35,3560,3496,-0.06028,0.13853,easy
DBP35,7776,5708,-0.116395,0.049435,easy
DBP35,7341,7426,-0.134325,0.01223,easy
DBP35,2000,8062,-0.175395,0.075985,easy
DBP35,6004,2151,0.031194999999999997,-0.16344999999999998,easy
DBP35,2924,5006,0.06718,-0.16065000000000002,easy
DBP35,1870,5615,0.07173,-0.092905,easy
DBP35,3773,3965,0.06681000000000001,-0.08146500000000001,easy
DBP35,7933,2548,-0.061095000000000003,0.22392,easy
DBP35,5973,6177,-0.11948500000000001,0.084825,easy
DBP35,1891,7211,0.23761500000000002,-0.12897999999999998,easy
DBP35,5858,6652,-0.047880000000000006,0.118035,easy
DBP35,5570,5928,0.05508,-0.15028999999999998,easy
DBP35,4762,3216,-0.14802500000000002,0.0005500000000000001,easy
DBP35,7810,4461,-0.173975,0.040580000000000005,easy
DBP35,4773,1466,-0.14280500000000002,0.08779500000000001,easy
DBP35,597,4211,-0.1476,0.13802,easy
DBP35,5067,4634,-0.108425,0.057375,easy
DBP35,1406,6486,0.1575,-0.07527,easy
DBP35,379,4714,0.04319,-0.13063,easy
DBP35,2856,2158,-0.117365,0.076995,easy
DBP35,6405,5373,-0.003975000000000003,-0.15782000000000002,easy
DBP35,5455,6084,-0.120405,0.096695,easy
DBP35,3186,7809,0.012225000000000003,-0.12945,easy
DBP35,5985,2238,0.06017,-0.142705,easy
DBP35,4084,2050,0.089755,-0.06810000000000001,easy
DBP35,5734,5385,0.048305,-0.081455,easy
DBP35,5396,4465,-0.157365,0.09729499999999999,easy
DBP35,4767,2684,-0.0667,0.487755,easy
DBP35,5275,6072,-0.159745,0.0048899999999999985,easy
DBP35,5071,2726,-0.031245000000000002,0.29713,easy
DBP35,2107,1175,-0.166435,0.0192,easy
DBP35,5731,3711,0.030545,-0.16122999999999998,easy
DBP35,3797,2353,0.105105,-0.125055,easy
DBP35,7607,195,0.149395,-0.081635,easy
DBP35,2017,4046,0.12483,-0.155435,easy
DBP35,4738,3451,-0.16841,0.06000000000000001,easy
DBP35,3994,2592,0.12571,-0.098135,easy
DBP35,5987,7694,-0.116145,0.111665,easy
DBP35,6021,3152,-0.140165,0.11999499999999999,easy
DBP35,2739,3598,-0.246805,0.12843,easy
DBP35,4319,1760,0.08812500000000001,-0.136765,easy
DBP35,4235,825,0.20517000000000002,-0.192365,easy
DBP35,1397,2226,0.08163000000000001,-0.121785,easy
DBP35,2463,4218,-0.1991,0.075105,easy
DBP35,5931,4563,-0.061845000000000004,0.12179000000000001,easy
DBP35,488,6723,0.115875,-0.14514,easy
DBP35,6732,7287,-0.06394999999999999,0.3083,easy
DBP35,7600,3109,0.0010249999999999999,-0.258845,easy
DBP35,7421,2221,0.07008,-0.13503500000000002,easy
DBP35,2504,5739,0.110495,-0.14564500000000002,easy
DBP35,4434,1326,-0.19450499999999998,0.03402,easy
DBP35,5416,3797,-0.08460000000000001,0.105105,easy
DBP35,403,7548,-0.0752,0.16127,easy
DBP35,2829,1227,-0.1743,0.145505,easy
DBP35,5031,2545,-0.1352,0.07786,easy
DBP35,4580,7822,0.060035,-0.13738,easy
DBP35,5540,2360,0.134885,-0.06742000000000001,easy
DBP35,1378,7167,0.034345,-0.14932499999999999,easy
DBP35,1230,2882,0.05443,-0.148425,easy
DBP35,3903,5449,0.14539,-0.08970500000000001,easy
DBP35,5041,4762,0.083495,-0.14802500000000002,easy
DBP35,586,3007,-0.13962000000000002,0.03284,easy
DBP35,4143,3322,0.147915,-0.041985,easy
DBP35,5049,1096,-0.197,0.169885,easy
DBP35,6639,1293,-0.09131,0.04242,easy
DBP35,3890,5279,0.008355000000000001,-0.15743000000000001,easy
DBP35,1804,7709,-0.108355,0.04912,easy
DBP35,1196,2779,0.01007,-0.15989,easy
DBP35,736,2318,0.02936,-0.152625,easy
DBP35,5433,2863,0.07763500000000001,-0.08223,easy
DBP35,5757,2765,0.043935,-0.132665,easy
DBP35,6412,3443,-0.03698,0.23928,easy
DBP35,5717,6166,0.060955,-0.103235,easy
DBP35,5703,7342,0.2822,-0.047265,easy
DBP35,4867,6804,0.05944000000000001,-0.10076,easy
DBP35,6336,4016,0.04766,-0.16479500000000002,easy
DBP35,7545,5713,0.255595,-0.106105,easy
DBP35,7356,3466,0.04895,-0.188775,easy
DBP35,4765,4223,-0.175085,-0.007349999999999999,easy
DBP35,1221,8189,0.15637,-0.04263,easy
DBP35,4777,7927,-0.03865,0.18455500000000002,easy
DBP35,3161,712,0.016749999999999994,-0.15731499999999998,easy
DBP35,3174,4813,0.03773,-0.12007999999999999,easy
DBP35,4381,4225,-0.06329499999999999,0.074435,easy
DBP35,5377,4679,-0.23100500000000002,-0.010325,easy
DBP35,3219,5629,0.199585,-0.09889,easy
DBP35,1090,7935,0.08254,-0.075845,easy
DBP35,2563,6005,-0.06451,0.208995,easy
DBP35,1958,5249,0.126885,-0.14482,easy
DBP35,6854,277,-0.16763499999999998,0.006974999999999995,easy
DBP35,1028,2024,0.10368,-0.10047500000000001,easy
DBP35,4573,4108,0.18112,-0.09859,easy
DBP35,6013,6864,0.10303999999999999,-0.06597,easy
DBP35,6374,2802,-0.138395,0.0036850000000000008,easy
DBP35,5356,2505,-0.073645,0.09125,easy
DBP35,4348,1736,-0.038419999999999996,0.23169,easy
DBP35,6398,2106,0.08767000000000001,-0.098245,easy
DBP35,3098,4908,-0.1538,0.034015,easy
DBP35,7953,788,0.071255,-0.06472,easy
DBP35,4035,1174,-0.14623,0.082145,easy
DBP35,7184,4273,-0.28094,0.14155,easy
DBP35,7602,4772,0.30727499999999996,-0.152805,easy
DBP35,6982,2269,-0.20768999999999999,0.020294999999999997,easy
DBP35,2861,2894,0.10996,-0.05468,easy
DBP35,4354,2276,0.04011,-0.21113500000000002,easy
DBP35,4887,6254,0.1015,-0.134295,easy
DBP35,6867,6349,0.021390000000000003,-0.182145,easy
DBP35,6207,4690,0.038475,-0.161505,easy
DBP35,3416,3683,-0.121105,0.07009499999999999,easy
DBP35,7706,2439,-0.14116,0.004765,easy
DBP35,2475,5945,0.158935,-0.12515,easy
DBP35,3826,5377,0.083855,-0.23100500000000002,easy
DBP35,3642,7226,-0.017320000000000002,0.13087,medium
DBP35,4776,170,-0.07918,-0.02042,medium
DBP35,5716,7763,0.039645,-0.030875,medium
DBP35,5002,7189,0.006534999999999999,-0.124285,medium
DBP35,5381,3347,-0.036115,0.03533,medium
DBP35,6534,4516,-0.066885,-0.01607,medium
DBP35,283,1922,0.09906999999999999,-0.02792,medium
DBP35,6387,5523,0.04052,-0.023865,medium
DBP35,4016,7904,-0.16479500000000002,-0.05403,medium
DBP35,6462,788,-0.152825,-0.06472,medium
DBP35,2107,489,-0.166435,-0.061615,medium
DBP35,6371,6206,0.09436,-0.0043,medium
DBP35,4415,5876,-0.06899,0.02631,medium
DBP35,3371,7722,0.01606,0.0865,medium
DBP35,6169,3315,-0.00049,-0.059745,medium
DBP35,3628,4531,-0.04107,0.083775,medium
DBP35,6711,6507,0.036605,-0.05814,medium
DBP35,1916,1799,0.018895,-0.08164500000000001,medium
DBP35,355,911,-0.150035,-0.06895499999999999,medium
DBP35,4795,5833,0.02896,-0.066655,medium
DBP35,1559,2316,0.020125,-0.06959,medium
DBP35,7522,7397,-0.021675,0.10681,medium
DBP35,8004,5017,-0.16881000000000002,-0.060715,medium
DBP35,148,4932,-0.0492,0.093255,medium
DBP35,375,6739,-0.07399,-0.013165000000000003,medium
DBP35,5480,6879,-0.008244999999999995,-0.170095,medium
DBP35,4739,4150,-0.07678,0.02339,medium
DBP35,3694,4550,-0.09839500000000001,-0.01507,medium
DBP35,4156,5277,-0.051375,0.06959499999999999,medium
DBP35,1668,1622,-0.037335,0.12397,medium
DBP35,2282,7515,-0.009094999999999999,0.14914,medium
DBP35,5577,4807,-0.033795000000000006,0.019030000000000005,medium
DBP35,361,6162,-0.07386999999999999,0.01507,medium
DBP35,1032,6422,0.11703999999999999,-0.033585,medium
DBP35,2760,6672,-0.0016299999999999997,-0.11434,medium
DBP35,753,3628,0.040285,-0.04107,medium
DBP35,2737,5561,-0.050910000000000004,0.011694999999999999,medium
DBP35,400,1112,-0.120585,-0.01064,medium
DBP35,3735,4181,0.003945,-0.048490000000000005,medium
DBP35,5728,4532,-0.04919,0.017884999999999998,medium
DBP35,6798,7493,-0.11743500000000001,-0.018165,medium
DBP35,2937,4198,-0.032925,0.066765,medium
DBP35,795,6202,0.185635,-0.003280000000000005,medium
DBP35,4600,4105,-0.16077,-0.056940000000000004,medium
DBP35,2773,8187,0.008295,-0.07909500000000001,medium
DBP35,1974,3628,-0.130035,-0.04107,medium
DBP35,74,2194,0.071935,-0.005115,medium
DBP35,7567,7428,0.259675,0.013055,medium
DBP35,3429,99,-0.0050349999999999995,-0.081635,medium
DBP35,2773,6988,0.008295,-0.04332,medium
DBP35,5120,5190,-0.080655,-0.019815,medium
DBP35,6417,3991,0.01917,-0.04795,medium
DBP35,1997,6057,-0.065605,0.05791,medium
DBP35,6678,1563,0.13727499999999998,-0.009094999999999999,medium
DBP35,6671,2530,-0.084515,-0.010499999999999995,medium
DBP35,4838,4658,-0.030129999999999997,0.060865,medium
DBP35,7201,4026,-0.043315000000000006,-0.11544499999999999,medium
DBP35,1358,6014,-0.04246,0.09956,medium
DBP35,658,5029,-0.222635,-0.068455,medium
DBP35,8008,7059,-0.083255,0.010685,medium
DBP35,4119,5367,-0.043145,-0.13286499999999998,medium
DBP35,3914,7357,0.021419999999999998,0.10997,medium
DBP35,1168,1149,0.039685,-0.013825,medium
DBP35,5656,7407,-0.06756000000000001,0.0058,medium
DBP35,2763,8117,0.043715000000000004,-0.073695,medium
DBP35,2724,2674,0.06808499999999999,-0.044455,medium
DBP35,2269,4843,0.020294999999999997,-0.039334999999999995,medium
DBP35,4766,7808,-0.079505,-0.00458,medium
DBP35,7336,3586,0.069515,-0.038335,medium
DBP35,1085,2141,0.078575,-0.05915,medium
DBP35,2913,1470,-0.135215,-0.06268,medium
DBP35,7205,6240,-0.017475,0.052815,medium
DBP35,3269,4605,0.334585,0.04117,medium
DBP35,8013,2837,0.00439,-0.099405,medium
DBP35,1355,8051,-0.055255,-0.00473,medium
DBP35,5309,2086,-0.21987,-0.07905,medium
DBP35,1078,4160,0.13261,0.023405000000000002,medium
DBP35,1001,2866,-0.00782,0.074695,medium
DBP35,4458,2992,-0.053334999999999994,0.03007,medium
DBP35,3053,2424,0.12876,-0.032944999999999995,medium
DBP35,724,1786,0.15685,-0.02188,medium
DBP35,7380,7879,-0.14563500000000001,-0.053535,medium
DBP35,4771,153,0.11643999999999999,-0.007449999999999998,medium
DBP35,7995,1288,-0.005175,0.057505,medium
DBP35,7745,5591,-0.062515,0.04665,medium
DBP35,646,803,-0.10373,-0.00684,medium
DBP35,5415,4110,0.04789,0.442415,medium
DBP35,1271,3094,0.07696,-0.026895000000000002,medium
DBP35,1506,4683,-0.074355,0.04922,medium
DBP35,736,1374,0.02936,-0.069425,medium
DBP35,868,6118,0.16179,0.016165,medium
DBP35,1785,3882,-0.066025,-0.014905000000000002,medium
DBP35,7593,7803,0.028125000000000004,-0.035805000000000003,medium
DBP35,2867,6153,0.03726,-0.016005,medium
DBP35,5461,1231,-0.022775,0.06131999999999999,medium
DBP35,5980,7064,-0.05091,0.031555,medium
DBP35,7142,1314,0.08890500000000001,-0.024524999999999998,medium
DBP35,2207,601,-0.11896000000000001,-0.019745000000000002,medium
DBP35,2050,1844,-0.06810000000000001,0.013355,medium
DBP35,77,2892,-0.056760000000000005,-0.0005149999999999998,medium
DBP35,5160,940,-0.0014799999999999995,-0.052884999999999995,medium
DBP35,7792,4628,-0.06464,-0.009244999999999998,medium
DBP35,3487,6761,-0.05144,0.042745000000000005,medium
DBP35,3535,5913,-0.039525000000000005,0.06495,medium
DBP35,2799,2592,-0.038470000000000004,-0.098135,medium
DBP35,8066,6634,0.034255,-0.02948,medium
DBP35,6002,4512,0.027125000000000003,-0.038495,medium
DBP35,2034,7732,-0.10041,-0.024935000000000002,medium
DBP35,5126,4071,-0.089115,0.000955000000000001,medium
DBP35,7446,3558,0.055005000000000005,-0.039435,medium
DBP35,7195,692,-0.022505,0.067715,medium
DBP35,3948,273,0.14336500000000002,0.039470000000000005,medium
DBP35,2296,821,-0.022825,0.039599999999999996,medium
DBP35,6314,5235,-0.02791,-0.13196000000000002,medium
DBP35,4734,3143,-0.14608,-0.036445,medium
DBP35,6344,3291,0.032545000000000004,-0.056305,medium
DBP35,5989,3255,0.077155,-0.005549999999999999,medium
DBP35,5818,3835,-0.02484,0.16971,medium
DBP35,1270,5895,0.18454,-0.011015,medium
DBP35,1310,7923,0.029355,0.19664500000000001,medium
DBP35,1650,2151,-0.049985,-0.16344999999999998,medium
DBP35,1588,2355,0.03923,-0.085735,medium
DBP35,3000,3528,0.03358,-0.05578,medium
DBP35,3130,7782,-0.07024,0.0022250000000000013,medium
DBP35,5381,5541,-0.036115,-0.168835,medium
DBP35,1654,8087,0.040235,0.155425,medium
DBP35,4030,7076,-0.12256500000000001,-0.000955000000000001,medium
DBP35,7967,439,-0.07559,0.019155000000000002,medium
DBP35,7939,8175,0.045675,0.16935999999999998,medium
DBP35,6545,7577,-0.011045,-0.06613,medium
DBP35,3690,1889,-0.010315,0.08929,medium
DBP35,6662,5540,0.023605,0.134885,medium
DBP35,4680,7914,-0.098715,0.02616,medium
DBP35,316,3470,0.054105,-0.009665,medium
DBP35,4352,7117,0.023915,-0.034585,medium
DBP35,1276,3784,-0.017055,0.09398999999999999,medium
DBP35,3322,6259,-0.041985,0.035214999999999996,medium
DBP35,7442,1221,-0.00221,0.15637,medium
DBP35,1019,2452,0.049515,-0.073175,medium
DBP35,1650,4536,-0.049985,-0.120815,medium
DBP35,1331,4705,0.010224999999999998,-0.06326999999999999,medium
DBP35,1398,1227,-0.00544,0.145505,medium
DBP35,5012,2152,-0.020914999999999996,-0.14893,medium
DBP35,5865,3277,0.04696,-0.03963,medium
DBP35,4100,1436,0.106685,-0.0065249999999999996,medium
DBP35,3517,334,-0.005465000000000005,0.12051,medium
DBP35,1130,6867,0.12073,0.021390000000000003,medium
DBP35,8180,4487,-0.030385000000000002,-0.101225,medium
DBP35,2745,6585,0.020595000000000002,-0.09174,medium
DBP35,4042,2936,-0.019770000000000003,0.041135,medium
DBP35,2484,1008,-0.162445,-0.02148,medium
DBP35,7538,2533,-0.03202,0.08255,medium
DBP35,5451,7153,-0.100415,-0.0011150000000000014,medium
DBP35,7339,2597,0.033745,-0.05507,medium
DBP35,6366,3948,0.042555,0.14336500000000002,medium
DBP35,866,6857,-0.079675,-0.19603,medium
DBP35,7049,4172,0.0224,-0.08483500000000001,medium
DBP35,7800,4081,-0.004715,-0.11551,medium
DBP35,3755,177,-0.08668999999999999,-0.01543,medium
DBP35,6268,698,0.009364999999999998,-0.12606499999999998,medium
DBP35,2209,6198,-0.121745,-0.01105,medium
DBP35,2859,1152,-0.011635,-0.10372500000000001,medium
DBP35,3503,4120,0.0089,0.110875,medium
DBP35,3710,2615,0.06991,-0.018975,medium
DBP35,3921,863,-0.01045,-0.093865,medium
DBP35,5738,1123,0.03789,0.23231000000000002,medium
DBP35,3206,5134,0.36383,0.020249999999999997,medium
DBP35,3877,2614,0.0872,-0.051495,medium
DBP35,1814,4596,-0.01542,0.06570000000000001,medium
DBP35,7436,2270,-0.043335,0.10632,medium
DBP35,192,6173,-0.041925000000000004,-0.130685,medium
DBP35,3128,2393,-0.022980000000000004,-0.07711,medium
DBP35,5995,7049,0.228945,0.0224,medium
DBP35,7190,2386,-0.04493,-0.11835,medium
DBP35,3208,170,0.149365,-0.02042,medium
DBP35,405,7847,-0.016805,-0.11463000000000001,medium
DBP35,2337,6221,-0.03912,0.06689500000000001,medium
DBP35,7544,8132,0.17626,0.022255,medium
DBP35,3061,3554,-0.081175,-0.024574999999999993,medium
DBP35,3159,5414,-0.00358,0.00117,hard
DBP35,1672,6654,0.05959,0.14585,hard
DBP35,3553,8166,-0.04994,-0.039275000000000004,hard
DBP35,2362,3450,-0.201845,-0.12104499999999999,hard
DBP35,3501,3761,0.09331500000000001,0.275715,hard
DBP35,3454,336,0.03579,0.060055,hard
DBP35,4084,3062,0.089755,0.053459999999999994,hard
DBP35,1012,776,0.072395,0.054395,hard
DBP35,4255,1882,0.091295,0.03263,hard
DBP35,3055,2610,-0.038415,-0.069615,hard
DBP35,331,4872,0.032255,0.03806,hard
DBP35,5736,407,0.026144999999999998,-0.02297,hard
DBP35,7107,816,0.06788,0.09897,hard
DBP35,4141,6821,-0.02859,-0.065715,hard
DBP35,1087,1437,0.088075,0.14188,hard
DBP35,38,5548,0.22096,0.084425,hard
DBP35,8074,902,0.145095,0.131135,hard
DBP35,577,7200,0.136,0.18023499999999998,hard
DBP35,2676,4070,-0.014454999999999999,-0.009079999999999998,hard
DBP35,6232,4934,-0.061155,-0.10335,hard
DBP35,5874,3919,0.0032999999999999974,-0.0028599999999999997,hard
DBP35,4799,6190,0.022875,0.045145000000000005,hard
DBP35,4997,5276,-0.0656,-0.12276999999999999,hard
DBP35,7547,3701,0.14966000000000002,0.095355,hard
DBP35,4378,6876,0.08502000000000001,0.05687,hard
DBP35,1627,3754,0.1469,0.061255000000000004,hard
DBP35,2014,1190,0.064955,0.06135499999999999,hard
DBP35,4269,6291,0.13132,0.08901,hard
DBP35,3208,7448,0.149365,0.12538,hard
DBP35,4839,2225,-0.10076,-0.08938499999999999,hard
DBP35,6596,5167,-0.10335,-0.1048,hard
DBP35,6786,6735,-0.060655,-0.01993,hard
DBP35,7683,1332,0.02446,0.083995,hard
DBP35,6902,3031,-0.062925,-0.077765,hard
DBP35,2644,6184,0.013564999999999999,-0.033085,hard
DBP35,3197,3485,0.025445000000000002,0.03488,hard
DBP35,2603,1119,-0.14014,-0.09468,hard
DBP35,1065,6626,0.2121,0.105145,hard
DBP35,798,6161,-0.05584,-0.09878,hard
DBP35,7752,1385,-0.023575000000000002,-0.0013099999999999987,hard
DBP35,5631,5269,-0.04757,-0.07379000000000001,hard
DBP35,813,1149,-0.054215,-0.013825,hard
DBP35,1753,2982,0.007889999999999998,0.01728,hard
DBP35,6017,3456,0.02937,0.03983,hard
DBP35,1632,3486,-0.1008,-0.06999,hard
DBP35,618,5470,-0.045735000000000005,-0.07985500000000001,hard
DBP35,3032,5504,-0.0015700000000000002,0.041925000000000004,hard
DBP35,4634,3215,0.057375,0.010389999999999996,hard
DBP35,2219,2417,0.027745000000000006,0.034325,hard
DBP35,1686,4925,-0.04052,-0.08027,hard
DBP35,3805,4662,0.14184999999999998,0.043829999999999994,hard
DBP35,5720,6598,0.017150000000000002,0.031675,hard
DBP35,1463,3847,0.01006,0.023645,hard
DBP35,7208,7715,-0.0923,-0.064395,hard
DBP35,6538,4421,-0.13529,-0.073065,hard
DBP35,7858,3535,-0.0257,-0.039525000000000005,hard
DBP35,2820,1225,0.036155,0.09792000000000001,hard
DBP35,5164,13,-0.012360000000000003,-0.037835,hard
DBP35,4254,4497,0.08896,0.058245000000000005,hard
DBP35,2969,1221,0.0787,0.15637,hard
DBP35,480,2230,-0.106045,-0.09331500000000001,hard
DBP35,5634,6287,-0.09042,-0.04672,hard
DBP35,885,5573,-0.036595,-0.014494999999999997,hard
DBP35,618,5599,-0.045735000000000005,-0.06437999999999999,hard
DBP35,2794,3935,0.067875,0.17739,hard
DBP35,2831,2617,-0.068775,-0.031549999999999995,hard
DBP35,2565,7648,0.01633,0.06557,hard
DBP35,3958,5981,0.317305,0.079425,hard
DBP35,1680,4373,-0.012315,0.016085,hard
DBP35,4308,1588,0.078785,0.03923,hard
DBP35,154,4508,-0.004520000000000001,0.035925,hard
DBP35,5608,1911,0.07964,0.10616500000000001,hard
DBP35,1753,6351,0.007889999999999998,0.02011,hard
DBP35,4671,5018,-0.11207,-0.091975,hard
DBP35,302,7307,0.14182499999999998,0.10638500000000001,hard
DBP35,3664,7675,-0.09892500000000001,-0.12279,hard
DBP35,7619,4691,0.057179999999999995,0.009260000000000001,hard
DBP35,4685,5765,-0.14789000000000002,-0.16041499999999997,hard
DBP35,181,6383,-0.037149999999999996,-0.040255,hard
DBP35,6906,2865,0.004699999999999999,0.043519999999999996,hard
DBP35,3036,968,-0.090765,-0.0452,hard
DBP35,5447,912,-0.063805,-0.02203,hard
DBP35,4493,3628,-0.04716,-0.04107,hard
DBP35,6851,6340,-0.16252499999999998,-0.09549,hard
DBP35,793,3149,-0.0297,-0.01066,hard
DBP35,2818,3524,0.034140000000000004,0.0088,hard
DBP35,4048,5408,-0.10664499999999999,-0.112945,hard
DBP35,656,4336,-0.081815,-0.099335,hard
DBP35,1423,4532,0.082755,0.017884999999999998,hard
DBP35,1378,7560,0.034345,-0.007355,hard
DBP35,6953,3764,-0.025285000000000002,-0.043340000000000004,hard
DBP35,6170,5750,0.06345,0.08376,hard
DBP35,690,4204,0.047385,0.04353,hard
DBP35,3178,3795,0.17069,0.128695,hard
DBP35,6569,1841,-0.08087,-0.158995,hard
DBP35,4290,1540,0.08061,0.021645,hard
DBP35,2494,5536,-0.015745,0.01325,hard
DBP35,5705,5209,0.026975,-0.009394999999999997,hard
DBP35,1233,3263,-0.019620000000000002,-0.040799999999999996,hard
DBP35,114,5518,-0.09586,-0.1152,hard
DBP35,3235,7688,0.00558,0.024635,hard
DBP35,6086,539,0.03961,0.041565000000000005,hard
DBP35,8136,6799,-0.07553,-0.14797,hard
DBP35,4007,4595,0.020970000000000003,0.00027000000000000006,hard
DBP35,3159,5934,-0.00358,-0.015794999999999997,hard
DBP35,7806,5542,-0.028255000000000002,-0.06772500000000001,hard
DBP35,5865,421,0.04696,-0.005980000000000001,hard
DBP35,7041,6526,-0.16014499999999998,-0.097805,hard
DBP35,6625,2574,-0.093935,-0.041965,hard
DBP35,1621,3989,-0.058715,-0.031084999999999995,hard
DBP35,754,6511,0.009134999999999999,-0.006400000000000001,hard
DBP35,1338,4904,-0.122185,-0.147325,hard
DBP35,7543,7540,0.005290000000000003,0.044425000000000006,hard
DBP35,2527,534,0.05865,0.012545,hard
DBP35,6922,6638,-0.09638,-0.13377,hard
DBP35,7570,481,-0.01423,0.026584999999999998,hard
DBP35,4119,1952,-0.043145,-0.07128999999999999,hard
DBP35,3463,4253,-0.08058,-0.120245,hard
DBP35,2639,1334,-0.05127,-0.018819999999999996,hard
DBP35,2447,5669,-0.037790000000000004,-0.07238,hard
DBP35,3351,5401,-0.004995000000000003,-0.0431,hard
DBP35,4719,7213,-0.063015,-0.065885,hard
DBP35,7883,1003,0.11481,0.081455,hard
DBP35,1621,4846,-0.058715,-0.1162,hard
DBP35,5865,2691,0.04696,0.11263999999999999,hard
DBP35,7382,5716,0.034595,0.039645,hard
DBP35,1675,1432,0.127935,0.14269,hard
DBP35,4266,2118,0.030855,0.05517,hard
DBP48,4423,5555,0.18929,-0.12281,easy
DBP48,5095,2141,0.13456,-0.20332,easy
DBP48,7936,5994,-0.08496,0.27171,easy
DBP48,4706,5629,0.15986,-0.20869,easy
DBP48,4860,7780,0.06904,-0.19646,easy
DBP48,3437,7490,-0.27306,0.17522,easy
DBP48,15,5242,-0.2754,0.30688,easy
DBP48,6851,2370,0.35476,-0.06758,easy
DBP48,8003,7227,0.16274,-0.16061,easy
DBP48,464,629,0.07488,-0.30666,easy
DBP48,4046,5629,0.09077,-0.20869,easy
DBP48,3065,5193,-0.1111,0.29381,easy
DBP48,4938,1357,-0.09527,0.17696,easy
DBP48,2882,7591,-0.21903,0.09415,easy
DBP48,2452,476,0.07331,-0.16088,easy
DBP48,5890,6581,0.17972,-0.09639,easy
DBP48,5315,3182,0.21027,-0.21665,easy
DBP48,462,1986,-0.1689,0.08383,easy
DBP48,3961,7617,0.05048,-0.22114,easy
DBP48,5786,5917,-0.22948,0.14924,easy
DBP48,5462,1088,-0.19358,0.12211,easy
DBP48,1780,3457,-0.16452,0.06958,easy
DBP48,2069,2835,0.14972,-0.2941,easy
DBP48,7169,2329,0.25187,-0.16847,easy
DBP48,172,4035,-0.22402,0.28046,easy
DBP48,6438,5995,-0.1139,0.2615,easy
DBP48,4494,7345,-0.18591,0.18386,easy
DBP48,7427,7507,-0.31353,0.02957,easy
DBP48,1542,4043,0.1585,-0.12743,easy
DBP48,1309,3701,0.08358,-0.20872,easy
DBP48,5352,7869,0.25314,-0.09665,easy
DBP48,7407,5910,-0.24112,0.06812,easy
DBP48,8156,5503,-0.27779,0.25422,easy
DBP48,790,4968,-0.18285,0.0823,easy
DBP48,4188,2908,0.14369,-0.14762,easy
DBP48,4075,1368,-0.11144,0.19014,easy
DBP48,6677,60,0.06345,-0.27592,easy
DBP48,3164,4743,-0.12669,0.25018,easy
DBP48,5066,3438,0.11172,-0.15716,easy
DBP48,6360,3038,0.36339,-0.0803,easy
DBP48,6268,4026,-0.26053,0.21471,easy
DBP48,5217,6521,0.23972,-0.18043,easy
DBP48,5033,5312,0.2342,-0.08677,easy
DBP48,4112,6085,0.04597,-0.17988,easy
DBP48,1990,1359,0.11267,-0.21812,easy
DBP48,6805,55,0.38387,-0.16217,easy
DBP48,7381,2124,-0.19378,0.17924,easy
DBP48,7857,5510,-0.28502,0.34656,easy
DBP48,1406,5658,-0.17538,0.07069,easy
DBP48,1140,6319,-0.06313,0.27636,easy
DBP48,5517,4589,0.36832,-0.08215,easy
DBP48,2743,4478,-0.29519,0.01036,easy
DBP48,6468,7904,0.0617,-0.23332,easy
DBP48,3409,4606,-0.14668,0.22343,easy
DBP48,5804,4732,-0.19966,0.2554,easy
DBP48,1740,5892,-0.12421,0.12801,easy
DBP48,4975,2324,0.0308,-0.21789,easy
DBP48,6651,2210,-0.29804,-0.02222,easy
DBP48,4283,4817,-0.20424,0.0525,easy
DBP48,7945,986,0.1871,-0.08751,easy
DBP48,4711,600,0.31742,-0.05158,easy
DBP48,5436,4460,0.0369,-0.32107,easy
DBP48,5607,155,-0.34763,0.05853,easy
DBP48,4720,6104,0.14342,-0.28709,easy
DBP48,1398,2150,0.42679,-0.06714,easy
DBP48,7873,3743,-0.2865,0.01199,easy
DBP48,543,6282,-0.35398,0.22433,easy
DBP48,5347,1926,0.39784,-0.06363,easy
DBP48,2404,4420,-0.20955,0.19394,easy
DBP48,4956,984,0.0924,-0.19593,easy
DBP48,494,7781,-0.18449,0.09834,easy
DBP48,3392,1529,-0.23921,0.24692,easy
DBP48,8162,5949,-0.28604,0.03488,easy
DBP48,8070,8111,-0.18359,0.21289,easy
DBP48,5933,2905,0.25252,-0.06508,easy
DBP48,730,7343,-0.15101,0.39976,easy
DBP48,6103,2044,0.12317,-0.29076,easy
DBP48,4369,5002,0.25656,-0.06827,easy
DBP48,7589,71,0.09448,-0.22742,easy
DBP48,4544,3375,0.18893,-0.12453,easy
DBP48,2490,3584,0.10857,-0.22077,easy
DBP48,5364,7596,0.21311,-0.20393,easy
DBP48,2957,1303,-0.20038,0.04569,easy
DBP48,3100,5051,-0.10507,0.18812,easy
DBP48,1232,2293,-0.01053,-0.31383,easy
DBP48,7518,1637,0.15999,-0.21646,easy
DBP48,6183,7436,0.14099,-0.12048,easy
DBP48,529,2358,0.1898,-0.23872,easy
DBP48,2453,2576,0.30568,-0.23082,easy
DBP48,3051,3360,-0.12889,0.16053,easy
DBP48,974,4745,-0.14238,0.25351,easy
DBP48,4542,3940,0.14125,-0.13237,easy
DBP48,2083,2549,-0.11003,0.23094,easy
DBP48,6086,6106,-0.37374,0.01968,easy
DBP48,3352,3878,-0.13782,0.12222,easy
DBP48,6333,3026,0.23506,-0.13652,easy
DBP48,5751,4755,-0.18081,0.06025,easy
DBP48,1583,3173,-0.12019,0.24414,easy
DBP48,3205,2233,-0.10812,0.20975,easy
DBP48,5251,5284,0.29951,-0.11248,easy
DBP48,128,6704,-0.19224,0.22664,easy
DBP48,7147,1494,0.22507,-0.16742,easy
DBP48,545,4789,0.05038,-0.1862,easy
DBP48,2139,4897,-0.21773,0.08289,easy
DBP48,5266,1189,-0.12844,0.11627,easy
DBP48,769,1572,-0.22723,0.18563,easy
DBP48,1902,6790,-0.10777,0.32614,easy
DBP48,3214,804,0.3839,-0.2937,easy
DBP48,7737,5320,-0.14208,0.29611,easy
DBP48,6992,4476,-0.19734,0.22935,easy
DBP48,2011,904,0.12868,-0.15006,easy
DBP48,3604,7685,0.1109,-0.17787,easy
DBP48,5014,2579,-0.0036,-0.2461,easy
DBP48,3864,1744,0.23968,-0.17079,easy
DBP48,6441,1139,0.2521,-0.08256,easy
DBP48,6165,3478,0.12928,-0.17046,easy
DBP48,6242,5523,-0.18085,0.26189,easy
DBP48,3687,5495,-0.08317,0.35982,easy
DBP48,5530,6581,0.23284,-0.09639,easy
DBP48,6704,7783,0.22664,-0.27795,easy
DBP48,6972,5857,0.11121,-0.16339,easy
DBP48,7709,6098,-0.26795,-0.00408,easy
DBP48,2229,2049,0.20982,-0.2313,easy
DBP48,3430,1060,-0.34991,0.10855,easy
DBP48,5930,4148,0.01192,-0.24933,easy
DBP48,7321,1135,-0.15332,0.0845,easy
DBP48,4132,2430,-0.15755,0.14306,easy
DBP48,6391,4125,-0.19036,0.1619,easy
DBP48,1948,6382,-0.24782,0.08957,easy
DBP48,803,5233,-0.14217,0.43026,easy
DBP48,7637,4605,-0.09935,0.24937,easy
DBP48,5937,3587,0.24228,-0.18333,easy
DBP48,7133,4507,-0.19409,0.12115,easy
DBP48,2419,6118,0.17902,-0.40257,easy
DBP48,6190,3211,-0.27444,0.14608,easy
DBP48,1977,814,0.12786,-0.3372,easy
DBP48,6397,4512,-0.19436,0.15999,easy
DBP48,3071,2859,-0.02343,-0.30839,easy
DBP48,7848,4377,-0.21875,0.18755,easy
DBP48,6736,637,0.16512,-0.21307,easy
DBP48,1075,3631,0.2205,-0.09286,easy
DBP48,5564,5036,-0.08908,0.26456,easy
DBP48,2957,5017,-0.20038,0.11496,easy
DBP48,1707,5694,-0.20119,0.05897,easy
DBP48,8120,6356,-0.15681,0.32264,easy
DBP48,7976,6040,0.07044,-0.25411,easy
DBP48,4186,6133,-0.27236,0.12399,easy
DBP48,2380,5846,0.11453,-0.26393,easy
DBP48,7872,6744,-0.22442,0.27996,easy
DBP48,4303,7958,0.15175,-0.15586,easy
DBP48,4952,5252,-0.05747,0.36715,easy
DBP48,490,2206,-0.25237,0.0329,easy
DBP48,7919,8163,0.07118,-0.19526,easy
DBP48,5656,5243,-0.13219,0.37891,easy
DBP48,2213,2914,0.03774,-0.20876,easy
DBP48,2604,7487,-0.12471,0.3014,easy
DBP48,3289,6928,-0.26553,0.42868,easy
DBP48,5349,8036,0.35327,-0.14527,easy
DBP48,188,4364,-0.30612,0.00472,easy
DBP48,2682,5821,-0.18838,0.09395,easy
DBP48,7018,3849,-0.19463,0.23132,easy
DBP48,5351,1224,0.37449,-0.10926,easy
DBP48,6994,46,0.0929,-0.16254,easy
DBP48,225,878,-0.25913,0.3577,easy
DBP48,7273,1269,-0.273,0.07521,easy
DBP48,4648,6410,0.18569,-0.25202,easy
DBP48,1960,6324,-0.14277,0.4331,easy
DBP48,2762,4374,-0.13182,0.12414,easy
DBP48,6550,7269,-0.23419,0.02895,easy
DBP48,2859,3647,-0.30839,0.14296,easy
DBP48,860,4732,-0.26045,0.2554,easy
DBP48,6615,942,0.11079,-0.15703,easy
DBP48,370,3289,-0.01414,-0.26553,easy
DBP48,1781,7561,0.28707,-0.09763,easy
DBP48,1575,1606,0.25217,-0.10448,easy
DBP48,243,3373,-0.19391,0.09889,easy
DBP48,1965,4450,-0.33116,0.03682,easy
DBP48,7601,5173,-0.19949,0.21145,easy
DBP48,3382,1549,-0.08587,0.24436,easy
DBP48,6133,4789,0.12399,-0.1862,easy
DBP48,3462,4998,-0.28002,-0.00605,easy
DBP48,3304,6444,0.01203,-0.23157,easy
DBP48,808,4640,-0.40466,-0.00368,easy
DBP48,5299,4870,0.06314,-0.22843,easy
DBP48,5290,6037,0.34421,-0.26531,easy
DBP48,3858,2978,0.10801,-0.3193,easy
DBP48,4354,2093,0.11039,-0.12764,easy
DBP48,1365,1905,0.20988,-0.08531,easy
DBP48,6526,7100,0.0762,-0.16891,easy
DBP48,3021,6351,-0.08745,0.37353,easy
DBP48,5316,71,0.13975,-0.22742,easy
DBP48,6324,4197,0.4331,-0.04037,easy
DBP48,4297,5761,-0.14958,0.12394,easy
DBP48,7330,1776,-0.25233,0.07032,easy
DBP48,3606,1075,-0.15171,0.2205,easy
DBP48,1304,3002,0.02362,-0.26868,easy
DBP48,4563,7896,0.26187,-0.20343,easy
DBP48,4595,2865,0.08632,-0.27688,easy
DBP48,4512,76,0.15999,-0.27381,easy
DBP48,6903,3152,0.27768,-0.29131,easy
DBP48,2190,543,0.04058,-0.35398,easy
DBP48,8163,3806,-0.19526,0.04509,easy
DBP48,3341,5035,-0.22297,0.27672,easy
DBP48,2599,7440,-0.22319,0.11475,easy
DBP48,955,7007,-0.15369,0.17937,easy
DBP48,3532,6406,0.00778,-0.17006,medium
DBP48,1281,604,0.0762,-0.04977,medium
DBP48,1684,4410,0.03595,-0.12374,medium
DBP48,7468,1670,-0.07024,0.12992,medium
DBP48,7147,5105,0.22507,0.04332,medium
DBP48,5204,3285,0.22795,-0.01271,medium
DBP48,5463,5629,-0.02829,-0.20869,medium
DBP48,7455,7992,-0.27096,-0.04025,medium
DBP48,2287,3942,-0.03845,0.12412,medium
DBP48,419,4726,-0.04234,0.06386,medium
DBP48,3495,7304,-0.17728,0.04309,medium
DBP48,6344,1309,0.29884,0.08358,medium
DBP48,467,7427,-0.12661,-0.31353,medium
DBP48,3139,1657,0.09564,0.33156,medium
DBP48,682,3423,-0.10201,-0.22348,medium
DBP48,3235,649,0.11131,-0.07226,medium
DBP48,441,6210,-0.10902,-0.24249,medium
DBP48,415,7532,-0.05104,0.07284,medium
DBP48,6483,4183,-0.16864,-0.00656,medium
DBP48,4714,6594,0.17677,0.01487,medium
DBP48,3867,2402,0.0698,-0.11586,medium
DBP48,434,4556,0.21854,0.0481,medium
DBP48,8067,6000,-0.1012,0.12968,medium
DBP48,6772,5360,0.01699,0.2014,medium
DBP48,5710,4298,-0.20565,-0.10392,medium
DBP48,6530,2777,0.13764,-0.05695,medium
DBP48,1882,3477,-0.0042,-0.19049,medium
DBP48,4057,6689,0.34782,0.09377,medium
DBP48,2370,7605,-0.06758,-0.23505,medium
DBP48,440,31,-0.10403,-0.23554,medium
DBP48,7375,93,-0.00845,-0.09931,medium
DBP48,4081,279,-0.09209,0.05588,medium
DBP48,2858,1982,-0.00493,0.16293,medium
DBP48,6231,4367,0.12765,-0.01051,medium
DBP48,4447,3168,-0.10349,-0.22349,medium
DBP48,632,6951,-0.13026,-0.02442,medium
DBP48,914,930,-0.2699,-0.12477,medium
DBP48,2261,2823,-0.09886,-0.19558,medium
DBP48,3888,4386,0.18461,0.01347,medium
DBP48,5148,4536,-0.29439,-0.06184,medium
DBP48,6641,2935,0.09814,-0.12351,medium
DBP48,7165,4747,0.13653,0.01336,medium
DBP48,6473,2285,-0.00303,0.18073,medium
DBP48,248,2375,-0.256,-0.09337,medium
DBP48,1150,3039,-0.0163,-0.20107,medium
DBP48,8127,3477,-0.01354,-0.19049,medium
DBP48,5332,4830,0.10665,-0.08957,medium
DBP48,6481,2097,-0.29314,-0.11475,medium
DBP48,3646,2427,-0.08914,0.00737,medium
DBP48,1800,2480,0.04726,-0.1602,medium
DBP48,2412,5182,-0.07917,0.03854,medium
DBP48,3525,1913,-0.07217,-0.16266,medium
DBP48,4781,1620,0.1117,-0.04704,medium
DBP48,5159,4909,-0.01683,0.15325,medium
DBP48,7926,7902,-0.10096,-0.25425,medium
DBP48,8092,5401,-0.05868,0.04742,medium
DBP48,4570,5705,-0.09654,-0.21718,medium
DBP48,1289,2056,-0.07228,0.09449,medium
DBP48,66,4445,-0.10154,0.07837,medium
DBP48,2729,2352,-0.2737,-0.09243,medium
DBP48,4543,6447,0.02313,-0.15811,medium
DBP48,7660,5148,-0.13634,-0.29439,medium
DBP48,3869,320,-0.01555,-0.21366,medium
DBP48,3697,705,0.19788,-0.03369,medium
DBP48,6022,2762,-0.27805,-0.13182,medium
DBP48,3381,4397,-0.09966,-0.21945,medium
DBP48,396,7576,-0.00563,-0.20594,medium
DBP48,3255,7733,-0.01849,-0.20066,medium
DBP48,6278,3869,0.11327,-0.01555,medium
DBP48,2322,991,0.00206,-0.21757,medium
DBP48,323,6698,-0.08483,0.04185,medium
DBP48,6280,2519,0.16956,-0.07047,medium
DBP48,2254,7244,-0.03621,0.07536,medium
DBP48,4143,1683,-0.13823,-0.02162,medium
DBP48,224,6233,-0.03832,-0.1533,medium
DBP48,4345,4390,-0.00976,0.26809,medium
DBP48,819,4831,-0.19082,-0.04455,medium
DBP48,6496,7323,-0.09561,0.01768,medium
DBP48,1068,1394,0.10845,-0.1017,medium
DBP48,4810,7545,0.01077,-0.09846,medium
DBP48,3812,3868,-0.07981,0.00737,medium
DBP48,4131,1511,-0.12381,0.08845,medium
DBP48,4179,4175,-0.1907,-0.06889,medium
DBP48,7540,6217,-0.02157,-0.11565,medium
DBP48,5491,6494,0.2602,0.06642,medium
DBP48,1854,7656,0.04543,-0.08047,medium
DBP48,1016,6180,0.1957,-0.05863,medium
DBP48,6901,227,0.28492,-0.05259,medium
DBP48,7494,4389,-0.02627,-0.11825,medium
DBP48,1152,7896,-0.06097,-0.20343,medium
DBP48,843,1974,0.07472,-0.1053,medium
DBP48,6690,3188,0.09852,-0.11792,medium
DBP48,1165,346,-0.19851,-0.0134,medium
DBP48,4500,4030,-0.12283,-0.01351,medium
DBP48,7076,7907,0.22699,-0.06444,medium
DBP48,83,3639,-0.11507,0.08104,medium
DBP48,7462,5394,-0.01747,0.22879,medium
DBP48,7677,4353,-0.02313,-0.16728,medium
DBP48,4010,1687,0.07298,-0.0549,medium
DBP48,7781,152,0.09834,-0.05369,medium
DBP48,7369,1810,0.16839,-0.04023,medium
DBP48,5565,875,0.05717,-0.08252,medium
DBP48,1630,4561,0.10565,-0.10197,medium
DBP48,24,4072,-0.02716,0.29362,medium
DBP48,4652,2814,-0.02166,-0.2462,medium
DBP48,752,2976,-0.21075,-0.05482,medium
DBP48,8055,2806,0.12539,-0.054,medium
DBP48,6006,4027,-0.08315,0.09552,medium
DBP48,8118,995,0.00233,-0.18389,medium
DBP48,5972,1251,0.06587,0.23859,medium
DBP48,5226,677,-0.03612,-0.16264,medium
DBP48,318,3044,-0.00684,-0.18317,medium
DBP48,3002,5813,-0.26868,-0.074,medium
DBP48,5372,6360,0.07264,0.36339,medium
DBP48,4523,8061,0.03851,-0.14287,medium
DBP48,5188,3925,0.01328,-0.17471,medium
DBP48,3795,6473,-0.15571,-0.00303,medium
DBP48,7459,1794,-0.06624,-0.16264,medium
DBP48,7747,6890,0.05245,0.30832,medium
DBP48,3377,2918,-0.03507,0.12095,medium
DBP48,3045,2167,-0.09175,-0.00192,medium
DBP48,3023,3628,-0.06112,-0.17158,medium
DBP48,6564,3932,-0.11047,0.09524,medium
DBP48,7770,236,-0.07147,0.03754,medium
DBP48,294,3040,-0.18151,-0.03758,medium
DBP48,5548,1195,0.05166,0.20627,medium
DBP48,3377,5370,-0.03507,0.44085,medium
DBP48,7572,4698,0.13235,0.01285,medium
DBP48,6706,3962,-0.12539,-0.02585,medium
DBP48,1907,7046,-0.15855,-0.03981,medium
DBP48,4753,3271,0.28041,-0.01043,medium
DBP48,6859,7528,-0.10259,-0.00159,medium
DBP48,1024,8164,-0.01201,-0.16639,medium
DBP48,1839,7391,0.03752,-0.1763,medium
DBP48,1496,7854,-0.0117,-0.21836,medium
DBP48,4863,3075,-0.05894,0.23995,medium
DBP48,2939,2503,-0.18348,-0.00759,medium
DBP48,593,541,0.086,-0.09855,medium
DBP48,342,4798,0.05113,-0.10926,medium
DBP48,4697,7043,0.06144,-0.08974,medium
DBP48,326,6025,0.002,-0.11659,medium
DBP48,4465,6669,-0.04303,0.22753,medium
DBP48,5545,4519,0.07496,-0.03831,medium
DBP48,6594,1509,0.01487,-0.08414,medium
DBP48,2897,7806,0.01739,0.17007,medium
DBP48,6431,7844,-0.14834,-0.31539,medium
DBP48,936,1891,-0.29059,-0.14918,medium
DBP48,8058,1333,-0.17701,-0.02853,medium
DBP48,8153,458,-0.0038,-0.19043,medium
DBP48,1910,6170,-0.20489,-0.06133,medium
DBP48,4336,1106,0.14412,-0.06086,medium
DBP48,1099,6145,-0.16612,-0.05661,medium
DBP48,465,2854,-0.28246,-0.0483,medium
DBP48,8158,651,-0.13485,0.00053,medium
DBP48,178,6551,-0.13337,0.01512,medium
DBP48,7556,6158,-0.00598,-0.2419,medium
DBP48,2773,612,-0.25321,-0.08767,medium
DBP48,5514,1495,0.45135,0.0573,medium
DBP48,6543,6265,0.08398,-0.13192,medium
DBP48,3525,5468,-0.07217,0.02411,medium
DBP48,7035,3759,-0.10367,0.06032,medium
DBP48,4987,3212,0.09204,0.4186,medium
DBP48,6216,4475,-0.14331,-0.02064,medium
DBP48,3232,1904,-0.26974,-0.02259,medium
DBP48,5980,776,-0.13144,-0.03123,medium
DBP48,6168,2257,-0.11456,0.11772,medium
DBP48,3961,7726,0.05048,-0.05493,medium
DBP48,5057,4526,0.41736,0.02993,medium
DBP48,854,7480,-0.09622,0.13432,medium
DBP48,2420,185,0.18053,-0.05071,medium
DBP48,2506,7879,0.11801,-0.07151,medium
DBP48,2667,1111,-0.26199,-0.09618,medium
DBP48,4575,4961,0.02595,-0.12674,medium
DBP48,1935,3085,-0.05565,0.10962,medium
DBP48,1012,3658,-0.08092,0.12021,medium
DBP48,690,150,-0.19324,-0.01719,medium
DBP48,8058,1164,-0.17701,0.00868,medium
DBP48,5598,1886,-0.23601,-0.12062,medium
DBP48,507,1213,-0.30721,-0.10833,medium
DBP48,4471,2722,-0.05011,-0.12083,hard
DBP48,1921,7227,-0.18442,-0.16061,hard
DBP48,726,5371,-0.02875,-0.05967,hard
DBP48,4112,4539,0.04597,0.00223,hard
DBP48,1695,717,-0.19719,-0.2028,hard
DBP48,4882,7571,0.02133,-0.04893,hard
DBP48,2718,6817,0.09948,0.22994,hard
DBP48,5912,7398,-0.1842,-0.0979,hard
DBP48,3983,4331,0.0502,0.10357,hard
DBP48,7213,7120,-0.16662,-0.38668,hard
DBP48,7206,8083,-0.07319,-0.10072,hard
DBP48,5183,7996,0.18477,0.26473,hard
DBP48,7014,6375,-0.03163,0.00253,hard
DBP48,7358,2126,-0.01476,-0.05482,hard
DBP48,6985,4416,-0.15735,-0.07897,hard
DBP48,6819,1683,-0.04039,-0.02162,hard
DBP48,631,4489,-0.12914,-0.1334,hard
DBP48,6957,7789,-0.16772,-0.12355,hard
DBP48,3366,8174,-0.17524,-0.22182,hard
DBP48,7620,985,-0.08218,-0.15812,hard
DBP48,7493,4926,0.13324,0.16709,hard
DBP48,3341,5779,-0.22297,-0.15773,hard
DBP48,5960,7993,-0.04286,-0.12081,hard
DBP48,7206,7975,-0.07319,-0.0829,hard
DBP48,5941,7387,-0.15112,-0.18244,hard
DBP48,1566,3822,0.02098,0.08266,hard
DBP48,2340,4497,0.07334,0.08913,hard
DBP48,1336,1735,-0.13614,-0.11255,hard
DBP48,7251,7875,-0.02846,-0.0731,hard
DBP48,5689,135,-0.09985,-0.06759,hard
DBP48,4971,5445,-0.02876,-0.02107,hard
DBP48,4538,1943,0.05146,0.03931,hard
DBP48,2613,4824,-0.01992,0.04449,hard
DBP48,638,4858,0.05423,0.14552,hard
DBP48,6711,5084,-0.10661,-0.02652,hard
DBP48,2656,5694,0.17632,0.05897,hard
DBP48,2743,160,-0.29519,-0.33161,hard
DBP48,4849,7484,0.04387,0.16794,hard
DBP48,1364,6897,0.13793,0.04298,hard
DBP48,395,3223,0.00575,0.03521,hard
DBP48,4574,2238,-0.04292,0.03297,hard
DBP48,7622,885,-0.2244,-0.13057,hard
DBP48,4152,5718,-0.01034,0.03755,hard
DBP48,701,755,-0.2592,-0.20935,hard
DBP48,8041,1471,-0.26202,-0.19269,hard
DBP48,7430,7833,-0.03948,-0.00221,hard
DBP48,2322,2215,0.00206,-0.04864,hard
DBP48,4185,3554,-0.13817,-0.15863,hard
DBP48,6911,5131,0.02057,0.01578,hard
DBP48,2249,543,-0.22283,-0.35398,hard
DBP48,3258,7488,-0.03584,-0.00936,hard
DBP48,3908,6330,0.40006,0.16952,hard
DBP48,2225,3727,-0.13621,-0.0894,hard
DBP48,3136,3642,0.15162,0.03856,hard
DBP48,6591,3551,0.03015,0.09002,hard
DBP48,6908,431,0.23105,0.30296,hard
DBP48,3966,1462,-0.12222,-0.16186,hard
DBP48,5833,5277,0.13838,0.18241,hard
DBP48,7999,1356,-0.0632,-0.04167,hard
DBP48,1464,472,-0.04275,0.00559,hard
DBP48,1599,5185,0.15932,0.19881,hard
DBP48,6614,874,-0.15411,-0.09865,hard
DBP48,3932,4455,0.09524,0.03721,hard
DBP48,3800,6180,-0.11704,-0.05863,hard
DBP48,7785,5626,-0.00951,-0.02564,hard
DBP48,2863,6412,0.11715,0.07421,hard
DBP48,6192,7608,-0.06353,0.00424,hard
DBP48,5768,5892,0.18573,0.12801,hard
DBP48,3701,2951,-0.20872,-0.24272,hard
DBP48,7295,396,-0.02464,-0.00563,hard
DBP48,3378,788,-0.28444,-0.26501,hard
DBP48,5760,1171,-0.21017,-0.25669,hard
DBP48,3978,4423,0.32571,0.18929,hard
DBP48,2457,1443,-0.10351,-0.03449,hard
DBP48,7364,5156,0.15164,0.10393,hard
DBP48,1463,607,0.05592,0.16268,hard
DBP48,1231,3305,-0.04428,0.04309,hard
DBP48,7193,660,0.22804,0.10761,hard
DBP48,5646,1368,0.10611,0.19014,hard
DBP48,5077,4721,0.2241,0.14855,hard
DBP48,6693,2162,0.04968,0.07235,hard
DBP48,7027,7838,-0.32537,-0.28736,hard
DBP48,8003,4584,0.16274,0.25571,hard
DBP48,6554,1050,-0.03825,-0.11082,hard
DBP48,4275,7810,0.05208,-0.00626,hard
DBP48,7275,3532,0.04298,0.00778,hard
DBP48,4296,3780,-0.12271,-0.09906,hard
DBP48,6083,4475,-0.04847,-0.02064,hard
DBP48,8064,5684,-0.07052,-0.05014,hard
DBP48,1466,4417,0.05553,-0.03423,hard
DBP48,4422,4022,0.16422,0.07903,hard
DBP48,3347,5467,0.04108,0.02832,hard
DBP48,4935,1315,-0.01971,0.06209,hard
DBP48,5831,1532,0.18885,0.23296,hard
DBP48,4977,4175,-0.03488,-0.06889,hard
DBP48,33,2485,0.15585,0.11433,hard
DBP48,5854,5617,-0.19256,-0.2305,hard
DBP48,3498,7380,-0.11409,-0.04881,hard
DBP48,6644,8161,-0.19452,-0.27377,hard
DBP48,4246,642,0.02679,-0.0061,hard
DBP48,104,2385,-0.11378,-0.15371,hard
DBP48,2110,3949,-0.03611,-0.02935,hard
DBP48,7149,5093,0.22591,0.19976,hard
DBP48,5244,6065,0.22009,0.17458,hard
DBP48,6044,1964,-0.13648,-0.19883,hard
DBP48,3110,3902,0.04867,0.17552,hard
DBP48,2728,4696,-0.11453,-0.11242,hard
DBP48,4025,1486,0.21756,0.13673,hard
DBP48,2311,364,-0.05936,-0.13407,hard
DBP48,551,6123,-0.26634,-0.1611,hard
DBP48,3802,3789,0.0262,0.04705,hard
DBP48,5083,3340,0.05093,-0.01034,hard
DBP48,7802,2797,-0.21928,-0.29266,hard
DBP48,3960,3038,-0.063,-0.0803,hard
DBP48,975,6767,-0.02485,-0.03099,hard
DBP48,5365,1636,0.27555,0.10664,hard
DBP48,8019,5180,-0.12695,-0.08474,hard
DBP48,1996,5323,-0.02719,0.05701,hard
DBP48,7485,3353,-0.04846,-0.1265,hard
DBP48,4465,5258,-0.04303,0.04512,hard
DBP48,458,3748,-0.19043,-0.2122,hard
DBP48,5210,6776,0.4535,0.34055,hard
DBP48,381,7758,-0.07999,-0.03906,hard
DBP48,6489,6967,0.01937,0.01998,hard
DBP48,3129,4649,0.08445,0.09476,hard
DBP48,3600,5475,0.01159,-0.05738,hard
DBP48,4358,2164,0.09164,0.17575,hard
DBP48,5021,1166,0.05013,0.04085,hard
DBP5,1718,5273,0.11862,-0.30676,easy
DBP5,4935,8077,-0.10248,0.16274,easy
DBP5,1204,6012,0.264,-0.052,easy
DBP5,1852,3893,-0.04087,0.13742,easy
DBP5,7301,2417,0.38711,-0.04722,easy
DBP5,3378,6241,0.08801,-0.07624,easy
DBP5,7308,5435,0.15676,-0.14427,easy
DBP5,7477,1359,0.22595,-0.09911,easy
DBP5,2320,2098,-0.04504,0.24248,easy
DBP5,6363,6447,0.04404,-0.1363,easy
DBP5,1477,7187,0.03187,-0.14253,easy
DBP5,3962,888,-0.11458,0.07556,easy
DBP5,7277,857,-0.17806,0.08358,easy
DBP5,6069,3553,0.08316,-0.12496,easy
DBP5,1099,6189,0.13542,-0.20975,easy
DBP5,5973,5971,-0.05196,0.17865,easy
DBP5,2403,6729,-0.03861,0.14331,easy
DBP5,2941,7996,0.26974,-0.04438,easy
DBP5,4284,3771,-0.11043,0.0792,easy
DBP5,2123,2951,-0.0127,0.30919,easy
DBP5,6478,3422,0.19065,-0.19138,easy
DBP5,4019,4143,-0.05946,0.13608,easy
DBP5,7455,2572,0.2245,-0.08198,easy
DBP5,3099,149,0.06578,-0.14534,easy
DBP5,2822,924,0.10955,-0.09227,easy
DBP5,1633,6035,0.05113,-0.13059,easy
DBP5,4106,511,0.10054,-0.10445,easy
DBP5,1687,6095,0.09688,-0.23786,easy
DBP5,2388,7902,-0.16193,0.21716,easy
DBP5,5976,3360,-0.09493,0.06648,easy
DBP5,5731,357,0.05898,-0.15975,easy
DBP5,1574,1684,-0.11882,0.17223,easy
DBP5,4113,8055,-0.20716,0.26383,easy
DBP5,1181,7023,0.14653,-0.16724,easy
DBP5,7629,8063,0.19536,-0.04911,easy
DBP5,798,997,0.20111,-0.02961,easy
DBP5,2372,5898,0.03532,-0.1484,easy
DBP5,6376,2204,0.17987,-0.07636,easy
DBP5,2055,5012,-0.05046,0.11681,easy
DBP5,3357,2567,0.05977,-0.29436,easy
DBP5,4108,6611,0.12939,-0.14689,easy
DBP5,1297,1593,0.1144,-0.06115,easy
DBP5,33,1901,0.06956,-0.15876,easy
DBP5,1577,6020,0.03355,-0.16657,easy
DBP5,6059,3904,-0.09484,0.07202,easy
DBP5,1941,4801,-0.07455,0.16627,easy
DBP5,5048,3349,-0.08937,0.07585,easy
DBP5,5099,6891,-0.06766,0.09219,easy
DBP5,7454,4382,0.1691,-0.07899,easy
DBP5,778,1930,0.06581,-0.16594,easy
DBP5,626,7568,-0.20767,0.1749,easy
DBP5,5619,6082,0.13103,-0.0906,easy
DBP5,5747,5735,-0.18914,0.05426,easy
DBP5,6323,4365,-0.11142,0.04656,easy
DBP5,7387,4112,-0.07326,0.08696,easy
DBP5,5076,7773,-0.11104,0.09665,easy
DBP5,5309,4609,-0.25393,0.04007,easy
DBP5,7253,4849,-0.09612,0.11192,easy
DBP5,7923,4576,0.09913,-0.06206,easy
DBP5,2754,2857,-0.11167,0.09441,easy
DBP5,3982,4504,0.0779,-0.12825,easy
DBP5,2182,3696,0.01415,-0.27064,easy
DBP5,7008,6861,-0.17502,0.02412,easy
DBP5,4691,1067,-0.05122,0.17292,easy
DBP5,2014,110,0.1646,-0.07606,easy
DBP5,901,3410,0.06618,-0.19716,easy
DBP5,5614,655,0.03826,-0.18917,easy
DBP5,6931,4768,0.20477,-0.09817,easy
DBP5,4064,703,-0.05093,0.1177,easy
DBP5,474,7891,-0.14706,0.24355,easy
DBP5,6542,2431,0.07771,-0.09721,easy
DBP5,1329,2781,0.07079,-0.11381,easy
DBP5,7956,5123,0.06147,-0.22409,easy
DBP5,5399,7111,-0.1898,0.03305,easy
DBP5,3087,2944,-0.08312,0.21011,easy
DBP5,6669,2634,-0.14921,0.41329,easy
DBP5,1034,5594,0.14062,-0.09326,easy
DBP5,2104,3468,0.12225,-0.13664,easy
DBP5,1149,4330,0.08849,-0.13905,easy
DBP5,941,1141,0.11838,-0.13483,easy
DBP5,3376,1869,0.30675,-0.03234,easy
DBP5,6147,7839,-0.21443,0.22832,easy
DBP5,6372,3239,-0.11338,0.15464,easy
DBP5,7772,7191,0.07359,-0.16281,easy
DBP5,3355,2356,0.46676,-0.33258,easy
DBP5,7614,318,0.11903,-0.15494,easy
DBP5,1168,4957,0.04625,-0.24092,easy
DBP5,6472,258,-0.10962,0.08965,easy
DBP5,2816,189,0.05683,-0.16826,easy
DBP5,5617,1720,-0.0878,0.08483,easy
DBP5,2288,5738,-0.25068,0.09826,easy
DBP5,7910,2307,0.04618,-0.12386,easy
DBP5,2948,5966,0.1653,-0.08418,easy
DBP5,7682,5288,0.06962,-0.22142,easy
DBP5,3397,7841,-0.15193,0.21069,easy
DBP5,2912,3127,-0.07935,0.0785,easy
DBP5,2962,6689,0.19927,-0.15654,easy
DBP5,2869,4602,0.19486,-0.23155,easy
DBP5,6199,5320,-0.08468,0.08187,easy
DBP5,5323,4280,-0.04957,0.25612,easy
DBP5,1178,3750,0.16128,-0.04991,easy
DBP5,2388,4173,-0.16193,0.10871,easy
DBP5,4859,4460,-0.1178,0.26835,easy
DBP5,4465,1316,0.09839,-0.09601,easy
DBP5,3344,8012,0.2316,-0.03467,easy
DBP5,7120,6118,-0.06622,0.10262,easy
DBP5,4945,4256,0.25431,-0.06561,easy
DBP5,2195,3531,-0.09022,0.09045,easy
DBP5,7581,655,0.02931,-0.18917,easy
DBP5,6010,7895,-0.11203,0.15993,easy
DBP5,5407,2972,-0.16405,0.29072,easy
DBP5,1496,5308,0.04439,-0.25518,easy
DBP5,6632,6123,0.09644,-0.23828,easy
DBP5,5188,3379,-0.22388,0.08652,easy
DBP5,1521,1056,-0.28968,0.11396,easy
DBP5,2467,7137,-0.12215,0.1394,easy
DBP5,5976,7013,-0.09493,0.10614,easy
DBP5,7602,2230,0.25229,-0.09704,easy
DBP5,5481,2756,0.14234,-0.14063,easy
DBP5,7661,889,0.28834,-0.02332,easy
DBP5,7805,6855,0.0128,-0.22122,easy
DBP5,1408,3969,-0.11499,0.07756,easy
DBP5,7553,7252,0.35823,-0.10228,easy
DBP5,1341,7066,-0.09596,0.07,easy
DBP5,3283,5303,0.15895,-0.12758,easy
DBP5,4045,7724,-0.04302,0.2304,easy
DBP5,5228,465,-0.18751,0.01751,easy
DBP5,4535,6088,0.11875,-0.10492,easy
DBP5,3232,7027,0.1668,-0.2441,easy
DBP5,3100,7751,-0.06727,0.13227,easy
DBP5,2414,45,-0.1579,0.01865,easy
DBP5,3029,382,0.04147,-0.16115,easy
DBP5,1143,6965,0.1872,-0.02281,easy
DBP5,3807,2339,0.04436,-0.15685,easy
DBP5,2148,5211,0.05528,-0.20706,easy
DBP5,6659,3341,-0.08192,0.17642,easy
DBP5,1947,6966,-0.16571,0.02078,easy
DBP5,5240,1725,-0.15725,0.0535,easy
DBP5,585,8146,-0.13705,0.18756,easy
DBP5,126,812,-0.1235,0.04086,easy
DBP5,2532,7975,0.12632,-0.04508,easy
DBP5,3636,4884,0.09652,-0.19861,easy
DBP5,265,4602,0.22634,-0.23155,easy
DBP5,1129,7174,0.16023,-0.08336,easy
DBP5,4764,7301,-0.09706,0.38711,easy
DBP5,7268,4200,-0.13724,0.095,easy
DBP5,6573,7131,-0.23103,0.02938,easy
DBP5,4616,829,-0.14698,0.02458,easy
DBP5,4465,6638,0.09839,-0.08793,easy
DBP5,7287,3473,0.12847,-0.04929,easy
DBP5,2835,5164,0.20795,-0.02392,easy
DBP5,1448,6773,0.05459,-0.10847,easy
DBP5,357,3927,-0.15975,0.13724,easy
DBP5,3656,698,0.00639,-0.26596,easy
DBP5,3882,6791,0.07421,-0.10733,easy
DBP5,3440,5384,0.11348,-0.24494,easy
DBP5,6012,7787,-0.052,0.1982,easy
DBP5,409,2598,-0.1007,0.08971,easy
DBP5,6908,1532,-0.17767,0.01659,easy
DBP5,4119,874,-0.11135,0.07503,easy
DBP5,7973,5286,0.12784,-0.18831,easy
DBP5,6729,1267,0.14331,-0.11548,easy
DBP5,8009,3726,-0.08934,0.09786,easy
DBP5,2788,5362,0.11387,-0.24762,easy
DBP5,6641,4247,-0.29638,0.12633,easy
DBP5,5196,1085,-0.19503,0.06141,easy
DBP5,4780,4914,0.09419,-0.06985,easy
DBP5,2719,2288,0.13912,-0.25068,easy
DBP5,2148,8039,0.05528,-0.20701,easy
DBP5,5851,908,0.04123,-0.20812,easy
DBP5,5419,38,-0.19122,0.16756,easy
DBP5,6608,6046,-0.15277,0.02346,easy
DBP5,4376,1625,0.07704,-0.10201,easy
DBP5,419,579,-0.10452,0.10494,easy
DBP5,88,2232,0.13392,-0.14494,easy
DBP5,2366,8155,-0.08436,0.11318,easy
DBP5,1937,5566,0.07459,-0.1195,easy
DBP5,1868,4985,0.17227,-0.1061,easy
DBP5,4926,4798,-0.15666,0.13516,easy
DBP5,2884,6802,0.15231,-0.03782,easy
DBP5,1067,6481,0.17292,-0.10186,easy
DBP5,2452,6298,-0.19694,0.19516,easy
DBP5,3005,7128,-0.06374,0.11309,easy
DBP5,1655,5814,0.14453,-0.23953,easy
DBP5,6184,7920,-0.06365,0.10254,easy
DBP5,3768,7627,-0.19068,0.19984,easy
DBP5,7826,5348,-0.10542,0.09724,easy
DBP5,3204,1975,0.17318,-0.06293,easy
DBP5,347,999,-0.07447,0.11281,easy
DBP5,2972,2422,0.29072,-0.11046,easy
DBP5,2240,7021,-0.13215,0.09703,easy
DBP5,5066,7692,-0.09318,0.18596,easy
DBP5,1037,73,0.19307,-0.07843,easy
DBP5,6130,68,-0.0617,0.20951,easy
DBP5,1139,4985,0.05808,-0.1061,easy
DBP5,2509,6211,0.07628,-0.18787,easy
DBP5,541,140,-0.11489,0.13396,easy
DBP5,3450,1880,0.17744,-0.04662,easy
DBP5,4368,2830,-0.10091,0.17867,easy
DBP5,5898,2713,-0.1484,0.04568,easy
DBP5,2419,1264,-0.13971,0.12872,easy
DBP5,344,6061,0.13614,-0.05196,easy
DBP5,2685,3167,0.06064,-0.12182,easy
DBP5,7186,7973,-0.12799,0.12784,easy
DBP5,6372,7880,-0.11338,0.07895,easy
DBP5,4913,3188,-0.04558,0.01539,medium
DBP5,1254,4578,-0.04047,-0.1746,medium
DBP5,6737,5770,-0.05865,0.06253,medium
DBP5,7639,6464,-0.01053,-0.10753,medium
DBP5,4784,2269,-0.06244,0.00776,medium
DBP5,3667,1303,-0.02022,0.12592,medium
DBP5,2391,8040,0.05604,-0.04878,medium
DBP5,5186,5533,-0.03755,0.07044,medium
DBP5,4660,882,0.03719,-0.04181,medium
DBP5,5169,114,-0.16968,-0.02051,medium
DBP5,927,1637,0.07003,-0.0408,medium
DBP5,5575,2329,0.0038,-0.15785,medium
DBP5,6398,1851,0.04237,0.16133,medium
DBP5,6096,7509,-0.12246,-0.00497,medium
DBP5,3829,5388,0.05661,0.19089,medium
DBP5,3262,4488,0.04699,0.14966,medium
DBP5,6414,5309,-0.05102,-0.25393,medium
DBP5,2233,8153,-0.07499,-0.00606,medium
DBP5,4882,6754,-0.03103,0.05098,medium
DBP5,7590,3705,-0.03657,-0.14293,medium
DBP5,6821,3854,-0.06988,0.03773,medium
DBP5,6749,1425,-0.0511,-0.13179,medium
DBP5,7134,7092,-0.12971,-0.00729,medium
DBP5,5939,5244,-0.01416,-0.1555,medium
DBP5,7023,2051,-0.16724,-0.07431,medium
DBP5,2897,3713,0.1572,0.02886,medium
DBP5,819,7248,-0.03885,0.05692,medium
DBP5,6953,1675,-0.07741,0.04528,medium
DBP5,1452,7571,-0.19831,-0.04892,medium
DBP5,3193,757,0.07938,-0.0063,medium
DBP5,7642,1519,-0.04921,0.08891,medium
DBP5,4820,3877,-0.08623,0.03789,medium
DBP5,3820,3216,0.26892,-0.00998,medium
DBP5,4718,7904,-0.05447,0.10223,medium
DBP5,7777,2890,0.0364,-0.02456,medium
DBP5,4628,913,-0.08571,0.00491,medium
DBP5,6535,798,0.01156,0.20111,medium
DBP5,6546,5657,-0.07083,-0.00947,medium
DBP5,2068,33,-0.03674,0.06956,medium
DBP5,2429,7485,-0.07228,0.06408,medium
DBP5,4891,2467,-0.01569,-0.12215,medium
DBP5,7718,5389,-0.10722,0.01127,medium
DBP5,6355,4953,0.07466,-0.02493,medium
DBP5,3990,2556,0.05634,-0.0288,medium
DBP5,7621,3362,-0.03415,0.06647,medium
DBP5,934,6744,-0.01444,-0.17285,medium
DBP5,7247,364,0.15707,-0.00142,medium
DBP5,3291,6009,0.05553,-0.08093,medium
DBP5,1102,3129,0.05001,-0.0499,medium
DBP5,5629,4999,0.05218,-0.0972,medium
DBP5,590,1294,-0.22369,-0.09672,medium
DBP5,8051,1718,-0.03685,0.11862,medium
DBP5,3529,1516,0.1419,0.04784,medium
DBP5,2618,1842,0.06463,-0.06988,medium
DBP5,3010,5422,-0.04687,-0.17115,medium
DBP5,3614,1489,-0.1364,-0.00691,medium
DBP5,4200,2740,0.095,0.00016,medium
DBP5,7305,7407,-0.03422,0.06327,medium
DBP5,5844,1539,0.01689,-0.09374,medium
DBP5,5179,2629,-0.10514,-0.03146,medium
DBP5,2100,5338,0.06786,-0.07484,medium
DBP5,339,4907,0.02587,-0.04176,medium
DBP5,538,166,-0.02985,-0.11886,medium
DBP5,2076,5972,-0.05891,0.01263,medium
DBP5,4848,83,-0.14346,0.01666,medium
DBP5,7403,4195,0.01329,-0.05132,medium
DBP5,757,761,-0.0063,0.11809,medium
DBP5,7809,7904,0.0102,0.10223,medium
DBP5,2762,686,0.03989,-0.05823,medium
DBP5,439,5168,0.06061,-0.04049,medium
DBP5,4223,4315,-0.01554,0.14424,medium
DBP5,4329,3508,0.12657,-0.01829,medium
DBP5,7462,5025,0.07489,-0.06326,medium
DBP5,6712,6268,-0.09548,0.02426,medium
DBP5,1918,404,-0.03383,-0.20565,medium
DBP5,1681,2754,-0.02976,-0.11167,medium
DBP5,3823,555,-0.03729,0.11357,medium
DBP5,7373,5667,-0.10403,0.03987,medium
DBP5,1250,7202,-0.19289,-0.06544,medium
DBP5,3637,4085,0.00162,-0.13717,medium
DBP5,535,1436,-0.15227,0.01802,medium
DBP5,7270,7961,-0.0611,0.03384,medium
DBP5,3961,4080,-0.01191,-0.17654,medium
DBP5,7392,8005,0.01113,-0.15476,medium
DBP5,5464,2412,0.09555,-0.01122,medium
DBP5,4011,2450,-0.11402,-0.00268,medium
DBP5,1494,2906,0.04498,-0.07527,medium
DBP5,1015,560,-0.06835,0.02468,medium
DBP5,6548,1440,-0.13796,-0.05316,medium
DBP5,107,7147,-0.12129,0.03133,medium
DBP5,1805,7422,-0.0687,0.00107,medium
DBP5,1947,5605,-0.16571,-0.07513,medium
DBP5,3698,5136,0.03422,-0.10258,medium
DBP5,2206,374,0.18893,-0.01732,medium
DBP5,2643,1043,-0.00799,-0.19855,medium
DBP5,3018,5560,0.03668,0.2334,medium
DBP5,2195,2400,-0.09022,0.04455,medium
DBP5,8167,4319,0.08314,-0.01285,medium
DBP5,6616,1422,-0.03257,0.0557,medium
DBP5,2088,7748,0.06126,-0.00903,medium
DBP5,6795,746,-0.20388,-0.07729,medium
DBP5,1137,2092,0.0161,-0.12697,medium
DBP5,5578,619,-0.04553,-0.2393,medium
DBP5,2897,7018,0.1572,-0.01475,medium
DBP5,3555,5657,-0.20962,-0.00947,medium
DBP5,1808,7826,0.03655,-0.10542,medium
DBP5,3032,56,0.06614,0.19124,medium
DBP5,696,6970,0.04328,-0.11491,medium
DBP5,939,791,-0.0225,0.07121,medium
DBP5,5189,4539,-0.03617,-0.15354,medium
DBP5,622,4548,-0.18089,-0.06571,medium
DBP5,584,5254,-0.09368,-0.22176,medium
DBP5,5272,5393,0.05208,-0.06155,medium
DBP5,3509,2648,0.04837,-0.03561,medium
DBP5,1643,1543,-0.0025,-0.14761,medium
DBP5,5422,6275,-0.17115,-0.04382,medium
DBP5,7591,2986,0.143,0.00767,medium
DBP5,4992,8052,-0.00563,-0.11755,medium
DBP5,6119,360,0.1256,-0.02609,medium
DBP5,186,7350,0.11956,-0.03104,medium
DBP5,2910,1553,-0.1359,-0.03872,medium
DBP5,7939,110,0.07029,-0.07606,medium
DBP5,7829,6786,-0.00489,-0.0966,medium
DBP5,1663,1311,-0.03276,0.09158,medium
DBP5,5980,3021,-0.14015,0.01735,medium
DBP5,6072,3858,-0.13589,0.00745,medium
DBP5,6732,6918,-0.00738,-0.10147,medium
DBP5,3481,7983,-0.03644,0.09637,medium
DBP5,5048,4871,-0.08937,-0.0153,medium
DBP5,2213,5692,-0.13571,-0.05815,medium
DBP5,5927,4135,-0.04242,-0.12176,medium
DBP5,1311,2183,0.09158,-0.00236,medium
DBP5,6657,4383,0.01045,-0.16885,medium
DBP5,7976,580,0.02149,-0.03887,medium
DBP5,1183,2792,0.30016,0.07675,medium
DBP5,1587,8124,-0.02576,0.05943,medium
DBP5,6821,7278,-0.06988,0.02737,medium
DBP5,5761,330,0.08393,0.00297,medium
DBP5,7039,4569,-0.20504,-0.08784,medium
DBP5,2390,4253,0.06842,-0.05759,medium
DBP5,1098,594,0.14392,-0.00911,medium
DBP5,5695,714,0.00252,-0.16904,medium
DBP5,6885,4511,0.03441,-0.10365,medium
DBP5,5816,2425,-0.14029,-0.03499,medium
DBP5,5236,236,0.13899,-0.00573,medium
DBP5,7121,4885,-0.10158,0.05374,medium
DBP5,5926,3701,0.0361,-0.09415,medium
DBP5,6660,5643,-0.0084,0.14708,medium
DBP5,1013,2775,0.01132,-0.11193,medium
DBP5,5239,824,-0.05365,0.02256,medium
DBP5,7652,3994,0.02446,0.15499,medium
DBP5,1776,4324,0.00328,0.08408,medium
DBP5,5157,2748,-0.08521,0.05312,medium
DBP5,1947,863,-0.16571,-0.02041,medium
DBP5,2479,3563,0.06277,-0.0407,medium
DBP5,4850,2615,-0.02617,0.09433,medium
DBP5,1292,7476,0.01897,0.39225,medium
DBP5,668,610,-0.2154,-0.01452,medium
DBP5,5543,7570,-0.02588,0.15701,medium
DBP5,6121,2453,-0.06442,-0.18653,medium
DBP5,6014,7991,-0.01842,0.13499,medium
DBP5,6844,5155,-0.1756,-0.03117,medium
DBP5,612,1942,0.03697,-0.02319,medium
DBP5,438,7113,-0.01592,0.10893,medium
DBP5,6307,3536,0.05484,-0.06569,medium
DBP5,961,3511,-0.08762,0.02676,medium
DBP5,3988,6755,-0.05126,0.05304,medium
DBP5,4474,954,0.06791,-0.07133,medium
DBP5,2938,7863,0.02394,0.22423,medium
DBP5,6677,7076,-0.21555,-0.04922,medium
DBP5,6435,2962,0.00706,0.19927,medium
DBP5,3348,3218,0.18725,0.06718,medium
DBP5,5902,3481,0.03469,-0.03644,medium
DBP5,4281,6172,0.02888,-0.03838,medium
DBP5,3959,2856,-0.01425,0.0639,medium
DBP5,7602,5848,0.25229,0.01683,medium
DBP5,315,7466,-0.11129,0.01995,medium
DBP5,305,4546,0.19579,-0.0048,medium
DBP5,7284,1270,-0.09253,-0.02548,medium
DBP5,5260,4351,0.04275,0.0434,hard
DBP5,7200,7246,0.02554,0.07803,hard
DBP5,1092,6570,0.08541,0.22644,hard
DBP5,4499,5843,0.05812,0.04134,hard
DBP5,5988,6541,0.13346,0.05533,hard
DBP5,476,2026,-0.03123,-0.06958,hard
DBP5,1878,4848,-0.09343,-0.14346,hard
DBP5,7459,7806,0.05099,0.03694,hard
DBP5,7703,2830,0.11765,0.17867,hard
DBP5,5234,1792,-0.09367,-0.1076,hard
DBP5,165,5637,-0.11931,-0.14368,hard
DBP5,7870,3924,0.13314,0.06926,hard
DBP5,2890,973,-0.02456,-0.01128,hard
DBP5,6999,5833,-0.09134,-0.0412,hard
DBP5,987,2279,-0.17915,-0.14647,hard
DBP5,5723,5618,0.02222,-0.00839,hard
DBP5,1433,3793,0.14265,0.12242,hard
DBP5,7032,6463,-0.14645,-0.07123,hard
DBP5,6069,3095,0.08316,0.07188,hard
DBP5,5511,5876,-0.10836,-0.08965,hard
DBP5,5810,2468,-0.13546,-0.08918,hard
DBP5,7945,4464,0.0395,0.01761,hard
DBP5,7245,1573,-0.02257,0.02673,hard
DBP5,1575,7099,-0.16402,-0.16998,hard
DBP5,5958,7328,0.08047,0.08184,hard
DBP5,4541,1109,0.07622,0.16249,hard
DBP5,3563,3329,-0.0407,-0.01352,hard
DBP5,7870,4857,0.13314,0.0952,hard
DBP5,6924,482,-0.09469,-0.13599,hard
DBP5,5124,6406,-0.01862,-0.00325,hard
DBP5,1970,4158,0.09193,0.04002,hard
DBP5,6907,5423,-0.07836,-0.01943,hard
DBP5,5798,2252,-0.03191,-0.06349,hard
DBP5,5775,5667,0.02573,0.03987,hard
DBP5,7532,3717,0.04363,0.01611,hard
DBP5,1536,4811,0.17191,0.26906,hard
DBP5,2092,7288,-0.12697,-0.06096,hard
DBP5,7576,2512,0.08366,0.01898,hard
DBP5,1723,3271,-0.01107,-0.04234,hard
DBP5,7772,2014,0.07359,0.1646,hard
DBP5,4199,6627,-0.09422,-0.0377,hard
DBP5,6759,6765,-0.11218,-0.13698,hard
DBP5,3901,1497,0.07879,0.05525,hard
DBP5,4630,1617,-0.14794,-0.13533,hard
DBP5,1896,6246,0.04855,0.07113,hard
DBP5,5940,4431,0.0405,-0.00511,hard
DBP5,4144,3926,0.12134,0.0851,hard
DBP5,1848,6762,-0.12538,-0.19773,hard
DBP5,5449,7545,-0.17859,-0.16948,hard
DBP5,7718,5328,-0.10722,-0.05561,hard
DBP5,4771,3042,0.09076,0.07666,hard
DBP5,2281,1932,-0.00635,-0.06436,hard
DBP5,1065,4620,0.25365,0.11851,hard
DBP5,7605,5677,0.06875,0.09397,hard
DBP5,3332,1370,0.03723,0.06788,hard
DBP5,6331,4947,-0.13657,-0.08648,hard
DBP5,4464,1705,0.01761,0.02719,hard
DBP5,5976,2299,-0.09493,-0.15665,hard
DBP5,2398,1139,0.0171,0.05808,hard
DBP5,7304,4582,-0.05438,-0.05494,hard
DBP5,6042,986,-0.02665,-0.0294,hard
DBP5,604,5270,-0.01079,-0.00458,hard
DBP5,7830,4805,0.04604,-0.00589,hard
DBP5,3899,6699,-0.02829,-0.01584,hard
DBP5,5644,7626,0.05836,0.01903,hard
DBP5,4228,393,-0.00894,-0.04275,hard
DBP5,2909,4074,-0.20248,-0.19712,hard
DBP5,4684,7720,-0.06329,-0.05366,hard
DBP5,786,2436,-0.11061,-0.19994,hard
DBP5,3988,5617,-0.05126,-0.0878,hard
DBP5,360,1717,-0.02609,-0.01664,hard
DBP5,897,1279,-0.03211,-0.00036,hard
DBP5,6389,3712,-0.02684,-0.09097,hard
DBP5,6918,4522,-0.10147,-0.11876,hard
DBP5,6915,4768,-0.05669,-0.09817,hard
DBP5,4939,6317,-0.08734,-0.05688,hard
DBP5,7823,3507,-0.14778,-0.10761,hard
DBP5,6799,2155,-0.04313,-0.02565,hard
DBP5,3142,7108,0.02346,-0.01751,hard
DBP5,1142,2527,0.07289,0.08676,hard
DBP5,7195,3255,0.04439,0.09945,hard
DBP5,1286,2036,0.09624,0.12328,hard
DBP5,4791,2276,-0.07625,-0.12595,hard
DBP5,810,4313,-0.03568,-0.08707,hard
DBP5,5776,5084,0.12573,0.10852,hard
DBP5,7184,1271,-0.13093,-0.11119,hard
DBP5,4950,7711,-0.02184,0.02329,hard
DBP5,3699,2218,-0.15594,-0.07984,hard
DBP5,257,6769,-0.15445,-0.09602,hard
DBP5,3859,5055,0.00841,0.0271,hard
DBP5,574,4431,-0.02701,-0.00511,hard
DBP5,1468,2485,0.03719,0.00063,hard
DBP5,2918,2357,-0.09377,-0.10059,hard
DBP5,3715,6197,-0.0516,-0.08155,hard
DBP5,3017,4354,0.12151,0.10916,hard
DBP5,1633,6957,0.05113,0.04581,hard
DBP5,7197,1356,-0.17628,-0.18516,hard
DBP5,2916,6429,0.20593,0.20198,hard
DBP5,4216,2953,0.05332,0.06766,hard
DBP5,6032,5357,0.01126,-0.00103,hard
DBP5,1778,1350,-0.06064,-0.09746,hard
DBP5,2346,7806,0.00995,0.03694,hard
DBP5,3509,7878,0.04837,0.06869,hard
DBP5,5704,3114,0.04296,0.05705,hard
DBP5,5683,447,0.01957,0.01358,hard
DBP5,2743,4882,0.02006,-0.03103,hard
DBP5,5549,5266,0.00172,-0.04935,hard
DBP5,4332,2956,0.05129,0.08706,hard
DBP5,7002,4475,-0.16169,-0.08366,hard
DBP5,3519,7221,-0.09281,-0.15301,hard
DBP5,5395,2994,-0.12848,-0.09747,hard
DBP5,3768,4762,-0.19068,-0.19339,hard
DBP5,7354,1648,0.47135,0.09874,hard
DBP5,2032,2817,-0.17404,-0.13266,hard
DBP5,380,2688,-0.16421,-0.1124,hard
DBP5,6195,5996,0.01161,0.00324,hard
DBP5,1492,963,-0.05874,-0.03033,hard
DBP5,6877,2399,-0.17127,-0.11391,hard
DBP5,3629,6467,-0.08048,-0.04488,hard
DBP5,531,5652,-0.02596,-0.00658,hard
DBP5,4361,418,0.02083,0.08445,hard
DBP5,4428,7492,-0.03923,0.00083,hard
DBP5,209,848,-0.17208,-0.11809,hard
DBP5,2387,4849,0.0399,0.11192,hard
DBP5,2118,5051,0.01062,0.05764,hard
DBP5,7129,2347,-0.02506,-0.01026,hard
DBP5,4995,6074,-0.01095,0.00135,hard
DBP5,6730,1490,-0.01608,-0.06732,hard
DBP6,727,7368,-0.11594499999999999,0.064345,easy
DBP6,2815,1099,-0.123445,0.102155,easy
DBP6,6514,6812,-0.18642999999999998,0.120045,easy
DBP6,3312,4553,0.107375,-0.06304,easy
DBP6,1321,7822,0.07012,-0.09013,easy
DBP6,3372,3813,-0.13844,0.17417,easy
DBP6,1700,725,-0.12606,0.031625,easy
DBP6,4590,4003,0.08692,-0.10777500000000001,easy
DBP6,4332,5561,-0.03723,0.254765,easy
DBP6,1483,6788,0.14669,-0.1542,easy
DBP6,354,1394,-0.149335,0.0032900000000000013,easy
DBP6,4434,322,-0.24337,0.16569499999999998,easy
DBP6,6617,890,-0.164245,0.074465,easy
DBP6,7229,5696,-0.007585,-0.1757,easy
DBP6,4183,6446,0.046185000000000004,-0.121115,easy
DBP6,1252,1411,0.11349999999999999,-0.120415,easy
DBP6,6792,7530,0.05195,-0.11016999999999999,easy
DBP6,7562,7188,0.221695,-0.08757,easy
DBP6,4097,7843,0.08112,-0.21438000000000001,easy
DBP6,1016,4350,0.09805,-0.09881000000000001,easy
DBP6,961,4390,-0.11932000000000001,0.08547,easy
DBP6,773,1904,-0.13077,0.078405,easy
DBP6,1635,8107,0.164895,-0.137435,easy
DBP6,1823,1317,0.21554500000000001,-0.06996,easy
DBP6,7227,6230,-0.127185,0.04013,easy
DBP6,3872,2330,0.28010999999999997,-0.09548999999999999,easy
DBP6,601,3546,-0.007179999999999999,-0.219545,easy
DBP6,3495,5273,0.08186500000000001,-0.17497000000000001,easy
DBP6,1202,2844,0.09492,-0.08141,easy
DBP6,4231,3960,0.09611,-0.100935,easy
DBP6,3475,2023,0.07885,-0.139175,easy
DBP6,6757,5200,-0.110705,0.18562,easy
DBP6,3552,3785,-0.06019,0.1737,easy
DBP6,4824,2896,0.06363,-0.180235,easy
DBP6,8109,7283,0.264635,-0.093685,easy
DBP6,1585,511,0.046625,-0.265015,easy
DBP6,7012,6629,0.22613499999999997,-0.046715,easy
DBP6,1033,4920,0.101125,-0.064605,easy
DBP6,2624,3146,-0.20241499999999998,0.03919,easy
DBP6,1582,4270,-0.09462999999999999,0.14698,easy
DBP6,3724,6603,0.0010949999999999988,-0.13723,easy
DBP6,7448,3033,0.126755,-0.081265,easy
DBP6,6740,6285,-0.06294,0.240575,easy
DBP6,5634,5444,-0.20079999999999998,0.22817500000000002,easy
DBP6,184,4095,0.29884499999999997,-0.1276,easy
DBP6,5688,494,-0.124065,0.013589999999999998,easy
DBP6,6971,1348,0.03298,-0.11482,easy
DBP6,3326,7003,0.04611,-0.130605,easy
DBP6,7707,6027,-0.11563999999999999,0.05301,easy
DBP6,1155,275,0.19501000000000002,-0.05128,easy
DBP6,1247,3045,0.136915,-0.07825,easy
DBP6,5748,531,-0.06057,0.107085,easy
DBP6,2795,5890,-0.109485,0.212085,easy
DBP6,2795,2253,-0.109485,0.08219,easy
DBP6,6847,600,0.085715,-0.08338999999999999,easy
DBP6,7798,1545,-0.074305,0.059054999999999996,easy
DBP6,7557,8182,0.017544999999999998,-0.18077,easy
DBP6,6497,183,0.47836999999999996,-0.042595,easy
DBP6,5377,5194,-0.17454,0.048625,easy
DBP6,6863,5936,0.012514999999999998,-0.159525,easy
DBP6,2619,5539,-0.056190000000000004,0.315805,easy
DBP6,1928,4196,-0.174865,0.11669,easy
DBP6,1739,43,0.009175,-0.12289,easy
DBP6,6557,4893,0.053630000000000004,-0.119785,easy
DBP6,7333,6435,0.453125,-0.133735,easy
DBP6,3757,1057,-0.09845000000000001,0.14096999999999998,easy
DBP6,2922,5238,-0.06742000000000001,0.07768,easy
DBP6,2975,3684,0.025925,-0.24116500000000002,easy
DBP6,430,1615,-0.19206499999999999,0.108525,easy
DBP6,2068,431,-0.095775,0.12275,easy
DBP6,1720,7618,0.024165,-0.12518,easy
DBP6,3143,4923,-0.04543,0.26498,easy
DBP6,4794,2002,0.03604500000000001,-0.157995,easy
DBP6,4529,2554,-0.115975,0.0562,easy
DBP6,4867,4217,-0.08764,0.07899,easy
DBP6,606,5199,-0.086025,0.097315,easy
DBP6,7120,2354,-0.30401,-0.004990000000000001,easy
DBP6,2953,1834,-0.106935,0.02484,easy
DBP6,7131,7378,-0.10443,0.103945,easy
DBP6,1134,4805,-0.087175,0.12538,easy
DBP6,6536,5539,-0.08806,0.315805,easy
DBP6,2957,2646,-0.13018,0.025044999999999998,easy
DBP6,2875,363,-0.21484,0.13736500000000001,easy
DBP6,6678,4493,0.191975,-0.032035,easy
DBP6,7785,1152,0.21108,-0.049324999999999994,easy
DBP6,5795,1671,-0.167055,0.12976500000000002,easy
DBP6,4483,2900,-0.09079999999999999,0.05099,easy
DBP6,4916,2877,-0.00693,-0.170415,easy
DBP6,7830,4737,-0.197545,0.043215,easy
DBP6,6913,3348,0.26196,-0.182275,easy
DBP6,7926,7015,0.32032,-0.112225,easy
DBP6,1168,264,-0.049875,0.11979000000000001,easy
DBP6,28,5235,-0.142025,0.084845,easy
DBP6,3983,7719,0.04194,-0.13221,easy
DBP6,1411,390,-0.120415,0.052895,easy
DBP6,2403,6261,-0.106055,0.034665,easy
DBP6,4250,2883,0.20515499999999998,-0.13001,easy
DBP6,3107,7520,-0.08843500000000001,0.089005,easy
DBP6,2084,5597,-0.187335,0.0039050000000000005,easy
DBP6,3454,4480,-0.10766999999999999,0.08916,easy
DBP6,5358,7099,0.009635000000000001,-0.18504500000000002,easy
DBP6,2567,4479,-0.17476999999999998,-0.006995000000000001,easy
DBP6,5288,2026,0.061325,-0.09374,easy
DBP6,7718,1991,-0.07221,0.07092999999999999,easy
DBP6,910,2250,-0.014789999999999998,-0.25611,easy
DBP6,6038,1553,-0.103675,0.038845,easy
DBP6,823,5167,-0.206045,0.24360500000000002,easy
DBP6,6484,5154,-0.08552,0.049574999999999994,easy
DBP6,1228,728,0.131515,-0.070365,easy
DBP6,4790,7449,-0.10239999999999999,0.124445,easy
DBP6,3165,3676,-0.14735499999999999,0.066925,easy
DBP6,7796,1741,-0.257065,0.02775,easy
DBP6,1458,2018,0.021574999999999997,-0.11352999999999999,easy
DBP6,1035,5803,0.154315,-0.05784,easy
DBP6,6324,5250,0.148495,-0.08627,easy
DBP6,7067,738,0.10708,-0.065085,easy
DBP6,3521,2744,-0.09939500000000001,0.07608000000000001,easy
DBP6,7106,7989,-0.16316,0.0020550000000000013,easy
DBP6,3411,4815,-0.12301000000000001,0.24950999999999998,easy
DBP6,5428,5112,0.39285499999999995,-0.094975,easy
DBP6,6795,344,-0.06055,0.142105,easy
DBP6,4354,5498,-0.00368,-0.1824,easy
DBP6,7996,3307,0.1138,-0.088755,easy
DBP6,2468,620,0.014220000000000002,-0.209325,easy
DBP6,3906,5484,0.205025,-0.09528500000000001,easy
DBP6,3945,5636,0.049365,-0.1588,easy
DBP6,388,3876,-0.045450000000000004,0.132025,easy
DBP6,6851,7725,-0.08518,0.18312499999999998,easy
DBP6,6836,3651,-0.11481000000000001,0.136935,easy
DBP6,3862,5227,0.14227499999999998,-0.09109500000000001,easy
DBP6,974,4817,0.09873499999999999,-0.064665,easy
DBP6,516,3243,-0.16504999999999997,0.077345,easy
DBP6,7829,3779,-0.07577,0.183245,easy
DBP6,87,8003,-0.082485,0.26638,easy
DBP6,3810,5484,0.150455,-0.09528500000000001,easy
DBP6,460,2269,-0.14067,0.11166,easy
DBP6,7657,993,0.07110999999999999,-0.116645,easy
DBP6,4989,3805,-0.06301,0.167935,easy
DBP6,6720,1644,-0.05588,0.096,easy
DBP6,3158,2075,0.022240000000000003,-0.14068999999999998,easy
DBP6,1067,6974,0.06418499999999999,-0.185945,easy
DBP6,5896,3914,-0.171015,0.02486,easy
DBP6,4923,7412,0.26498,-0.1429,easy
DBP6,3231,2517,-0.070565,0.150775,easy
DBP6,7135,4252,0.03948,-0.10184499999999999,easy
DBP6,7681,7457,-0.05621,0.11907999999999999,easy
DBP6,2929,7830,0.00553,-0.197545,easy
DBP6,1659,8123,0.04391,-0.15733,easy
DBP6,3615,1907,-0.077545,0.064855,easy
DBP6,4459,2017,-0.05462500000000001,0.16802,easy
DBP6,1743,1667,-0.09567500000000001,0.46752000000000005,easy
DBP6,2392,630,-0.010145000000000001,-0.18585,easy
DBP6,2983,727,0.02478,-0.11594499999999999,easy
DBP6,7273,7532,-0.09573999999999999,0.05402,easy
DBP6,498,3898,-0.06750500000000001,0.22714499999999999,easy
DBP6,6638,7813,-0.14666,0.025155,easy
DBP6,5589,5641,0.019149999999999997,-0.11265499999999999,easy
DBP6,8080,8116,-0.135685,0.08939,easy
DBP6,4170,3869,-0.04553,0.201565,easy
DBP6,2777,3600,-0.09858,0.13779,easy
DBP6,6462,4237,-0.134135,0.07149,easy
DBP6,6973,1973,0.054215,-0.160505,easy
DBP6,6079,2635,0.021095000000000003,-0.14649500000000001,easy
DBP6,6086,4741,-0.091035,0.14368499999999998,easy
DBP6,3929,1795,0.07801,-0.14028000000000002,easy
DBP6,3248,869,0.36489499999999997,-0.21998,easy
DBP6,5995,7808,0.18191000000000002,-0.060765,easy
DBP6,6500,921,-0.14155,0.20939999999999998,easy
DBP6,8176,7796,0.06288500000000001,-0.257065,easy
DBP6,5114,7351,-0.10445000000000002,0.039975,easy
DBP6,1315,4154,0.07014,-0.105595,easy
DBP6,7967,5561,-0.073765,0.254765,easy
DBP6,4699,8120,0.19228499999999998,-0.165515,easy
DBP6,8086,5454,0.005525000000000002,-0.14741500000000002,easy
DBP6,1343,165,0.12701,-0.126745,easy
DBP6,1676,6623,0.08062000000000001,-0.155145,easy
DBP6,7590,2954,0.128925,-0.06986,easy
DBP6,4380,5828,0.07461999999999999,-0.080995,easy
DBP6,3879,4827,0.12837500000000002,-0.046985,easy
DBP6,3616,7919,-0.103225,0.18883499999999998,easy
DBP6,4315,6550,0.046295,-0.09883,easy
DBP6,5036,1600,0.19154500000000002,-0.03398,easy
DBP6,7369,6228,0.372725,-0.03537,easy
DBP6,3684,5880,-0.24116500000000002,-0.012809999999999998,easy
DBP6,324,2580,-0.107815,0.04561,easy
DBP6,8141,1833,-0.218195,0.0018649999999999986,easy
DBP6,2327,7785,-0.101895,0.21108,easy
DBP6,4609,4210,0.08763,-0.062095,easy
DBP6,3209,7994,0.17465,-0.10281,easy
DBP6,2233,3209,-0.150215,0.17465,easy
DBP6,3841,5312,0.12489499999999999,-0.19036999999999998,easy
DBP6,5134,292,0.114475,-0.06139,easy
DBP6,2388,288,-0.10898,0.07234,easy
DBP6,7404,5083,-0.07035000000000001,0.15196500000000002,easy
DBP6,954,2525,-0.148345,0.0455,easy
DBP6,6521,1515,0.13534000000000002,-0.046405,easy
DBP6,7707,1333,-0.11563999999999999,0.259205,easy
DBP6,4289,3519,-0.06272,0.104555,easy
DBP6,1855,4740,0.08361,-0.187135,easy
DBP6,2641,1682,-0.220945,0.07489,easy
DBP6,5793,1541,-0.097845,0.209235,easy
DBP6,3497,3326,-0.08948,0.04611,easy
DBP6,5198,8005,0.022554999999999995,-0.12133,easy
DBP6,5505,6923,0.09003,-0.094355,easy
DBP6,5458,1093,-0.06582500000000001,0.18172500000000003,easy
DBP6,6415,2122,-0.074935,0.019315,medium
DBP6,5257,4676,-0.020095000000000002,0.16268,medium
DBP6,4232,7266,0.06439,-0.04614,medium
DBP6,6008,3947,0.17211500000000002,0.010454999999999999,medium
DBP6,7789,795,0.010854999999999997,0.18908,medium
DBP6,1420,2211,0.084955,-0.048315,medium
DBP6,3623,5015,-0.051125000000000004,-0.11193,medium
DBP6,3614,1547,-0.033675000000000004,0.017294999999999998,medium
DBP6,2826,4157,-0.06065,0.06890500000000001,medium
DBP6,2745,7194,0.012409999999999997,-0.048165,medium
DBP6,5361,1440,-0.084925,0.035965,medium
DBP6,7231,6791,0.14970499999999998,0.03914999999999999,medium
DBP6,5751,3267,-0.035055,0.030314999999999998,medium
DBP6,2881,2833,-0.14376,-0.038765,medium
DBP6,7058,692,-0.22674,-0.06955,medium
DBP6,5334,6668,0.036915,0.26126499999999997,medium
DBP6,7427,7165,-0.116515,-0.038615,medium
DBP6,2405,7030,0.04514,-0.032619999999999996,medium
DBP6,6608,669,-0.05394,-0.17513,medium
DBP6,2832,6233,-0.002265000000000003,-0.09025,medium
DBP6,7189,5368,0.10032500000000001,-0.019745000000000002,medium
DBP6,5086,2652,0.012444999999999998,-0.107405,medium
DBP6,4243,3593,-0.01264,0.05507,medium
DBP6,2834,4916,-0.10792500000000001,-0.00693,medium
DBP6,7751,3422,-0.03251,-0.14972999999999997,medium
DBP6,5712,1436,-0.049925,0.01625,medium
DBP6,6280,2832,0.22195,-0.002265000000000003,medium
DBP6,2946,5201,-0.021805,0.18675999999999998,medium
DBP6,7974,3358,-0.007379999999999999,0.051555000000000004,medium
DBP6,7345,824,0.02987,-0.027245,medium
DBP6,6099,6696,0.021990000000000003,0.11443,medium
DBP6,6985,7756,-0.20814,-0.03655,medium
DBP6,2501,5224,-0.05042,0.016149999999999998,medium
DBP6,1427,3981,-0.022465,-0.14246999999999999,medium
DBP6,4942,5063,-0.0411,0.050355,medium
DBP6,281,782,0.03903,-0.052004999999999996,medium
DBP6,6744,6786,0.0075950000000000045,-0.04479,medium
DBP6,7696,3636,-0.005465000000000005,0.090315,medium
DBP6,6707,4925,0.02351,-0.05703,medium
DBP6,7647,1190,-0.107935,-0.036324999999999996,medium
DBP6,1083,6943,0.17421,0.009255,medium
DBP6,3821,6707,0.130525,0.02351,medium
DBP6,3577,6999,0.014549999999999997,0.19093,medium
DBP6,7588,3988,-0.005710000000000003,-0.06364,medium
DBP6,6487,5642,-0.17806,-0.086035,medium
DBP6,4188,559,-0.08770499999999999,-0.027659999999999997,medium
DBP6,4612,443,-0.08001,-0.17579,medium
DBP6,1569,6031,-0.09542,-0.014495000000000001,medium
DBP6,3303,7844,-0.023280000000000002,-0.16676,medium
DBP6,5083,1731,0.15196500000000002,0.0022099999999999967,medium
DBP6,6047,317,-0.234755,-0.061939999999999995,medium
DBP6,4020,5329,-0.070455,-0.008320000000000001,medium
DBP6,1410,3621,-0.049475,0.045125,medium
DBP6,1867,3518,-0.059955,0.04377,medium
DBP6,6109,3481,0.21019,0.04368,medium
DBP6,2070,1623,-0.093625,0.023170000000000003,medium
DBP6,3430,50,-0.14248,-0.012380000000000002,medium
DBP6,4824,6732,0.06363,-0.06069,medium
DBP6,595,7679,-0.157095,-0.04939,medium
DBP6,791,2352,-0.004075000000000002,-0.07198500000000001,medium
DBP6,6743,4568,0.041370000000000004,-0.062225,medium
DBP6,7611,5208,0.10708000000000001,0.0004650000000000071,medium
DBP6,8140,1200,-0.08988499999999999,-0.017735,medium
DBP6,6300,5479,0.01465,-0.044039999999999996,medium
DBP6,3922,814,0.22366,0.05142,medium
DBP6,1714,1276,0.186415,-0.029435,medium
DBP6,6840,166,-0.059415,-0.0008800000000000006,medium
DBP6,3810,6975,0.150455,0.008799999999999999,medium
DBP6,2920,714,-0.005185,0.05775,medium
DBP6,728,5023,-0.070365,0.0026699999999999988,medium
DBP6,526,7598,0.004210000000000002,-0.06941,medium
DBP6,7174,6576,-0.019265,0.26938,medium
DBP6,3589,5904,-0.055900000000000005,-0.142605,medium
DBP6,4206,7904,-0.021695000000000002,-0.11245,medium
DBP6,3976,1022,-0.013759999999999998,-0.161985,medium
DBP6,3024,99,-0.059815,-0.12232499999999999,medium
DBP6,7263,384,-0.012589999999999997,0.071585,medium
DBP6,3107,2537,-0.08843500000000001,0.0024750000000000015,medium
DBP6,2055,3731,-0.014485000000000001,-0.09393,medium
DBP6,7262,6937,0.048635,-0.05091,medium
DBP6,2214,4992,-0.039,0.067435,medium
DBP6,6809,5227,0.005170000000000001,-0.09109500000000001,medium
DBP6,5617,4006,-0.193555,-0.017665,medium
DBP6,7128,2217,0.013580000000000002,-0.106605,medium
DBP6,1498,1037,0.11066500000000001,-0.0029549999999999993,medium
DBP6,83,2659,-0.0577,0.038915,medium
DBP6,4386,5886,0.058429999999999996,-0.05051,medium
DBP6,5563,1220,0.098015,-0.010005,medium
DBP6,6809,3355,0.005170000000000001,0.47385,medium
DBP6,3346,2570,0.09847500000000001,-0.025150000000000002,medium
DBP6,422,4827,0.0040000000000000036,-0.046985,medium
DBP6,4017,857,0.022170000000000002,-0.08869500000000001,medium
DBP6,1166,2468,0.17779,0.014220000000000002,medium
DBP6,7484,1437,-0.0314,0.018475,medium
DBP6,857,6889,-0.08869500000000001,-0.03383,medium
DBP6,5242,4972,0.11438,-0.00477,medium
DBP6,3570,5137,0.054955,-0.02954,medium
DBP6,7604,892,0.002899999999999998,0.092895,medium
DBP6,1391,7351,0.20817000000000002,0.039975,medium
DBP6,2942,5364,0.11410999999999999,-0.046275,medium
DBP6,3450,7610,-0.059755,0.0219,medium
DBP6,4877,7409,-0.05257,0.0131,medium
DBP6,511,6493,-0.265015,-0.047380000000000005,medium
DBP6,3056,5460,-0.12565500000000002,-0.013124999999999998,medium
DBP6,26,22,-0.041215,-0.11762,medium
DBP6,4151,3799,0.00014999999999999996,0.18221,medium
DBP6,4036,4176,-0.032825,0.061930000000000006,medium
DBP6,2456,996,-0.10113,-0.021705000000000002,medium
DBP6,1598,4,0.084005,-0.02237,medium
DBP6,4642,860,-0.11607499999999998,-0.04612,medium
DBP6,5130,6701,0.094885,0.007449999999999998,medium
DBP6,2031,231,-0.0683,-0.015465000000000001,medium
DBP6,423,4589,-0.019459999999999998,-0.136585,medium
DBP6,2246,3415,-0.103485,-0.050535000000000004,medium
DBP6,5286,7580,-0.038884999999999996,-0.10333,medium
DBP6,3808,643,0.14855,0.01858,medium
DBP6,6844,7488,-0.058835,0.033234999999999994,medium
DBP6,2699,5627,-0.0039299999999999995,-0.14174,medium
DBP6,957,451,-0.078825,-0.19095,medium
DBP6,4612,3660,-0.08001,0.00030000000000000165,medium
DBP6,4865,8125,0.011925000000000002,-0.10604000000000001,medium
DBP6,3050,3854,-0.17018,-0.026555000000000002,medium
DBP6,6689,7511,-0.156785,-0.06122,medium
DBP6,5665,7767,-0.061814999999999995,0.019135000000000003,medium
DBP6,264,6469,0.11979000000000001,-0.041305,medium
DBP6,6263,7304,-0.160855,-0.051545,medium
DBP6,7965,2014,-0.09149499999999999,-0.016585000000000003,medium
DBP6,673,7773,0.0907,-0.048125,medium
DBP6,2451,6088,-0.05898500000000001,-0.13047,medium
DBP6,1658,6522,0.0013299999999999996,-0.08418500000000001,medium
DBP6,1492,3943,-0.031235,0.03311,medium
DBP6,3242,7510,-0.05074,0.04665,medium
DBP6,4111,960,0.13193,-0.00756,medium
DBP6,6728,719,-0.08114,-0.160285,medium
DBP6,395,311,-0.090265,0.01259,medium
DBP6,4902,4770,-0.134925,-0.027835000000000002,medium
DBP6,3415,2094,-0.050535000000000004,-0.120775,medium
DBP6,3188,668,-0.11681,0.009455000000000005,medium
DBP6,3652,5294,0.007149999999999997,0.155305,medium
DBP6,4892,636,-0.013170000000000001,-0.119395,medium
DBP6,4029,3029,-0.141815,-0.02293,medium
DBP6,1013,326,0.01005,-0.094055,medium
DBP6,1877,1645,-0.062935,-0.012239999999999997,medium
DBP6,6738,1145,-0.07788,0.044095,medium
DBP6,450,5217,-0.0912,-0.040244999999999996,medium
DBP6,2699,3407,-0.0039299999999999995,-0.05762,medium
DBP6,7734,4767,-0.05715,0.021974999999999998,medium
DBP6,4288,735,-0.0029700000000000004,-0.10766999999999999,medium
DBP6,4257,2681,0.017209999999999996,0.220485,medium
DBP6,5253,1878,0.044585,-0.069555,medium
DBP6,6616,1343,0.031744999999999995,0.12701,medium
DBP6,1718,4770,0.032005,-0.027835000000000002,medium
DBP6,4680,7337,0.159035,-0.008555,medium
DBP6,5404,4036,0.12348999999999999,-0.032825,medium
DBP6,6265,848,0.06539,-0.015955,medium
DBP6,6412,5286,0.012005,-0.038884999999999996,medium
DBP6,5502,4039,-0.060684999999999996,-0.15927000000000002,medium
DBP6,3469,1104,-0.04417,0.05598,medium
DBP6,430,4210,-0.19206499999999999,-0.062095,medium
DBP6,4332,6038,-0.03723,-0.103675,medium
DBP6,7888,6100,0.039604999999999994,-0.025265,medium
DBP6,4630,1115,-0.084375,-0.004659999999999999,medium
DBP6,66,3806,-0.024904999999999997,0.247095,medium
DBP6,283,2598,-0.13349,-0.00369,medium
DBP6,66,1361,-0.024904999999999997,0.118745,medium
DBP6,1152,6446,-0.049324999999999994,-0.121115,medium
DBP6,4458,4335,-0.05806,0.04765,medium
DBP6,7294,536,0.016015,0.09258,medium
DBP6,5667,3443,0.01595,0.20335,medium
DBP6,6423,7339,-0.12719,-0.037855,medium
DBP6,6140,1751,-0.091775,0.013815000000000001,medium
DBP6,1481,6786,-0.11799499999999999,-0.04479,medium
DBP6,7453,1387,-0.015835,0.125955,medium
DBP6,7813,3469,0.025155,-0.04417,medium
DBP6,5639,1555,0.058065000000000005,-0.036559999999999995,medium
DBP6,2308,2947,-0.17146,-0.085255,medium
DBP6,7133,7408,0.010039999999999999,-0.11036499999999999,medium
DBP6,4497,157,0.01498,-0.06143,medium
DBP6,7366,4966,-0.0112,-0.10091,medium
DBP6,4014,2448,0.028175,0.086255,hard
DBP6,2441,2289,-0.07517499999999999,-0.04853,hard
DBP6,5714,6923,-0.069375,-0.094355,hard
DBP6,5388,1108,0.06908500000000001,0.013915,hard
DBP6,7864,7224,-0.06128499999999999,-0.071125,hard
DBP6,7052,1799,-0.17743,-0.12406,hard
DBP6,5676,7937,0.0046050000000000015,0.011925,hard
DBP6,5694,4443,-0.075755,-0.141785,hard
DBP6,6304,539,0.086585,0.06803,hard
DBP6,2427,907,-0.07561,-0.04259,hard
DBP6,5048,416,0.18504,0.062255000000000005,hard
DBP6,8048,4635,-0.08796999999999999,-0.129725,hard
DBP6,6077,1566,-0.051089999999999997,-0.008405000000000001,hard
DBP6,8184,1515,-0.017695000000000002,-0.046405,hard
DBP6,5001,5152,-0.048139999999999995,-0.030035000000000003,hard
DBP6,5109,6223,-0.16585499999999997,-0.142795,hard
DBP6,4670,7563,0.094365,0.20431,hard
DBP6,6119,1581,0.062200000000000005,0.0013999999999999985,hard
DBP6,6363,6486,-0.019265,-0.04288,hard
DBP6,3491,608,0.006184999999999996,-0.003954999999999997,hard
DBP6,2278,3534,0.027835,0.053309999999999996,hard
DBP6,1979,603,-0.036645,-0.017859999999999997,hard
DBP6,3565,3982,-0.010589999999999999,-0.014495000000000001,hard
DBP6,7978,801,-0.105175,-0.166165,hard
DBP6,1328,7425,-0.024815000000000004,-0.06903000000000001,hard
DBP6,913,3467,-0.0314,-0.041159999999999995,hard
DBP6,2720,5349,-0.06748000000000001,-0.073045,hard
DBP6,364,1824,0.062325,0.06287,hard
DBP6,7102,7411,-0.05782,-0.078285,hard
DBP6,4021,3970,0.09690499999999999,0.090725,hard
DBP6,702,6824,-0.015945,-0.033964999999999995,hard
DBP6,4696,113,-0.075805,-0.112735,hard
DBP6,6051,1958,-0.044605,-0.031885,hard
DBP6,7646,6464,0.030359999999999998,-0.012839999999999999,hard
DBP6,7579,558,-0.08735,-0.125255,hard
DBP6,15,797,-0.020675,8.500000000000174e-05,hard
DBP6,3576,6685,-0.009770000000000001,0.025665000000000004,hard
DBP6,830,597,-0.09575,-0.210275,hard
DBP6,4102,7043,-0.008715,-0.025684999999999996,hard
DBP6,2158,4485,0.15904000000000001,0.14462,hard
DBP6,328,1646,-0.07198,-0.116805,hard
DBP6,1590,197,-0.018965,0.01014,hard
DBP6,3138,4216,0.002215000000000001,-0.02967,hard
DBP6,98,807,-0.0332,0.013970000000000003,hard
DBP6,5031,1443,-0.053470000000000004,-0.03535,hard
DBP6,2901,6992,-0.112385,-0.13958500000000001,hard
DBP6,4953,3130,-0.04506,-0.03225,hard
DBP6,5638,2942,0.03343,0.11410999999999999,hard
DBP6,6128,3425,-0.06806,-0.025925,hard
DBP6,8013,718,-0.03892,-0.030725000000000002,hard
DBP6,5555,4971,-0.088095,-0.11771499999999999,hard
DBP6,5101,4439,-0.112355,-0.13698,hard
DBP6,1181,1657,0.047355,0.103405,hard
DBP6,3167,358,-0.06546,-0.042690000000000006,hard
DBP6,7840,3608,0.20378,0.05678,hard
DBP6,4421,5950,-0.10830999999999999,-0.11291999999999999,hard
DBP6,4357,7614,-0.07047,-0.071285,hard
DBP6,6258,1954,0.0017250000000000043,0.05178,hard
DBP6,1233,6719,-0.055025000000000004,-0.01086,hard
DBP6,5386,7253,-0.020560000000000002,-0.03195,hard
DBP6,5791,8184,-0.019779999999999996,-0.017695000000000002,hard
DBP6,8091,5344,-0.14260499999999998,-0.075765,hard
DBP6,1761,5954,-0.12290499999999999,-0.07753,hard
DBP6,4502,6075,-0.057865,-0.11049,hard
DBP6,3490,4994,-0.12444000000000001,-0.104185,hard
DBP6,3358,1169,0.051555000000000004,0.180835,hard
DBP6,4529,5996,-0.115975,-0.13361,hard
DBP6,537,6104,0.13097,0.051205,hard
DBP6,302,162,0.057964999999999996,0.01828,hard
DBP6,7395,4285,0.013290000000000001,-0.032375,hard
DBP6,7400,2366,-0.12284,-0.06783499999999999,hard
DBP6,1231,1071,0.11112,0.060235,hard
DBP6,5683,7704,-0.10922,-0.17798,hard
DBP6,6385,4901,-0.038349999999999995,-0.056825,hard
DBP6,6820,4461,-0.06021,-0.045645,hard
DBP6,5205,4756,0.004625000000000004,-0.0033699999999999997,hard
DBP6,7054,1654,0.0013050000000000006,0.048365,hard
DBP6,2756,4927,-0.07052,-0.07859000000000001,hard
DBP6,3930,2426,-0.003365,0.048190000000000004,hard
DBP6,7033,4926,0.018995,0.042145,hard
DBP6,4805,2638,0.12538,0.07313,hard
DBP6,2529,6052,-0.090845,-0.116465,hard
DBP6,3848,5466,0.03636,0.047404999999999996,hard
DBP6,6239,3471,-0.08496,-0.065945,hard
DBP6,7671,7335,0.02009,0.06696,hard
DBP6,1955,71,-0.044435,-0.046900000000000004,hard
DBP6,4340,154,-0.027175,-0.043905,hard
DBP6,6531,3021,-0.009410000000000002,0.03944,hard
DBP6,212,2810,-0.20314,-0.115085,hard
DBP6,273,20,0.05341,0.01487,hard
DBP6,6963,5570,-0.00418,0.04308,hard
DBP6,2747,157,-0.099205,-0.06143,hard
DBP6,419,3331,-0.07662,-0.05255,hard
DBP6,4207,7423,-0.11730499999999999,-0.10621,hard
DBP6,2180,7992,-0.079045,-0.07946500000000001,hard
DBP6,3506,2941,-0.024149999999999998,-0.062075000000000005,hard
DBP6,2325,3305,-0.085455,-0.04546,hard
DBP6,2291,2750,0.04925499999999999,0.07067999999999999,hard
DBP6,1607,4511,0.041785,0.036495,hard
DBP6,6584,1099,0.033909999999999996,0.102155,hard
DBP6,1209,5012,-0.02544,-0.049944999999999996,hard
DBP6,6828,5851,-0.09373000000000001,-0.08051,hard
DBP6,720,5342,0.077755,0.08433,hard
DBP6,3945,7054,0.049365,0.0013050000000000006,hard
DBP6,3021,3734,0.03944,0.10663500000000001,hard
DBP6,186,1382,0.16171,0.043355000000000005,hard
DBP6,2653,4104,-0.02024,-0.033415,hard
DBP6,1482,677,-0.015615,0.034710000000000005,hard
DBP6,571,7051,0.023545,-0.005490000000000002,hard
DBP6,6751,4296,-0.117725,-0.07886499999999999,hard
DBP6,7134,4600,-0.140675,-0.103825,hard
DBP6,3752,2296,-0.0055,-0.047775000000000005,hard
DBP6,3134,4050,-0.056299999999999996,-0.10300000000000001,hard
DBP6,1839,2504,-0.031330000000000004,-0.003834999999999998,hard
DBP6,7761,3257,-0.128005,-0.096455,hard
DBP6,5306,4596,0.027285,0.106955,hard
DBP6,458,4189,-0.014770000000000002,-0.00639,hard
DBP6,7647,3699,-0.107935,-0.0645,hard
DBP6,602,7355,0.06786,0.03365,hard
DBP6,5785,851,-0.056119999999999996,-0.07105,hard
DBP6,3258,5380,-0.06824,-0.02210000000000001,hard
DBP6,4331,2500,-0.01753,-0.030835,hard
DBP6,7312,4340,-0.029545000000000002,-0.027175,hard
DBP6,1585,1544,0.046625,0.05398,hard
DBP6,4896,3417,-0.024184999999999998,-0.05294,hard
DBP6,6230,570,0.04013,0.107935,hard
DBP6,5387,5311,-0.111015,-0.151215,hard
DBP6,86,1029,0.054075,0.09225,hard
DBP9,3332,1887,0.260515,-0.19438499999999997,easy
DBP9,3656,7704,0.053805,-0.143635,easy
DBP9,4097,4843,0.0011249999999999993,-0.24962,easy
DBP9,607,76,-0.16164,0.09673999999999999,easy
DBP9,7420,821,0.09539500000000001,-0.10853000000000002,easy
DBP9,457,4352,0.019365,-0.139415,easy
DBP9,7835,1018,-0.09446,0.07445,easy
DBP9,5539,644,0.38978999999999997,-0.10364000000000001,easy
DBP9,4134,28,0.21315,-0.11008499999999999,easy
DBP9,2351,7410,-0.18453,0.0034549999999999997,easy
DBP9,896,1178,0.27078,-0.03397,easy
DBP9,3695,194,-0.183705,0.171755,easy
DBP9,3160,1561,-0.1402,0.06342,easy
DBP9,85,6308,-0.14061,0.12298,easy
DBP9,5247,4374,0.23642000000000002,-0.10889499999999999,easy
DBP9,4775,7307,-0.08396,0.177975,easy
DBP9,3194,6456,0.04331,-0.11788000000000001,easy
DBP9,3070,8020,-0.076275,0.265715,easy
DBP9,985,5969,0.158385,-0.070565,easy
DBP9,7773,4408,0.02622,-0.13374,easy
DBP9,5528,7969,0.178735,-0.121945,easy
DBP9,4362,5996,0.12763,-0.18352000000000002,easy
DBP9,1653,1324,0.04591,-0.193995,easy
DBP9,5207,7917,-0.063835,0.13141,easy
DBP9,7272,1697,-0.097355,0.137565,easy
DBP9,8063,5694,0.036385,-0.114785,easy
DBP9,1650,1553,-0.205945,0.00047499999999999994,easy
DBP9,3867,7602,0.148565,-0.1321,easy
DBP9,4887,354,0.056495,-0.116585,easy
DBP9,7341,6321,-0.19385,0.14551,easy
DBP9,6952,5265,-0.16179,0.23531000000000002,easy
DBP9,3518,904,0.03106,-0.17875000000000002,easy
DBP9,3592,1847,0.00874,-0.19805,easy
DBP9,7213,8070,-0.19048500000000002,0.059160000000000004,easy
DBP9,5766,1702,-0.066385,0.156695,easy
DBP9,6871,8058,0.14771,-0.085065,easy
DBP9,894,6746,-0.08967,0.09290000000000001,easy
DBP9,6228,41,-0.26105999999999996,0.065515,easy
DBP9,7187,2643,0.299145,-0.17772,easy
DBP9,7877,1833,0.1365,-0.070965,easy
DBP9,5932,3871,-0.11338000000000001,0.071425,easy
DBP9,3505,6089,-0.090945,0.319955,easy
DBP9,6567,2711,0.12010000000000001,-0.087905,easy
DBP9,7046,4407,0.21012,-0.11395,easy
DBP9,5507,2913,0.1496,-0.08918,easy
DBP9,6954,8061,-0.101905,0.071605,easy
DBP9,6545,6795,0.197545,-0.113815,easy
DBP9,59,4748,0.12040000000000001,-0.12007000000000001,easy
DBP9,7041,6839,0.029965000000000002,-0.17655500000000002,easy
DBP9,6059,3377,-0.26874,0.222765,easy
DBP9,5023,7806,0.034365,-0.158155,easy
DBP9,812,2448,-0.09389499999999999,0.075345,easy
DBP9,4690,1254,-0.16723,0.02785,easy
DBP9,6477,6070,-0.2268,0.047655,easy
DBP9,3916,6986,0.051395,-0.13497,easy
DBP9,4924,7815,-0.21384,0.13591999999999999,easy
DBP9,1867,5230,0.11096500000000001,-0.07916999999999999,easy
DBP9,1996,5513,-0.11203,0.11119,easy
DBP9,4693,4597,-0.224965,0.076855,easy
DBP9,225,5805,0.03304,-0.17352,easy
DBP9,3532,2482,0.18475999999999998,-0.078735,easy
DBP9,6777,3213,0.15515,-0.050605000000000004,easy
DBP9,2721,6283,-0.166605,0.11745,easy
DBP9,3620,4650,0.151265,-0.11523499999999999,easy
DBP9,5434,6102,-0.217385,0.0030399999999999993,easy
DBP9,5979,2989,-0.124025,0.16021999999999997,easy
DBP9,4589,1911,-0.117615,0.06848,easy
DBP9,6543,5694,0.149585,-0.114785,easy
DBP9,4625,449,-0.12248,0.064865,easy
DBP9,310,3221,-0.040279999999999996,0.20001,easy
DBP9,3604,2511,0.094625,-0.11271,easy
DBP9,2377,8103,-0.208035,0.21468500000000001,easy
DBP9,5141,2396,0.038785,-0.14251,easy
DBP9,8131,5934,-0.21993000000000001,0.2711,easy
DBP9,7833,2287,-0.15333,0.023419999999999996,easy
DBP9,84,410,-0.19762000000000002,0.049545000000000006,easy
DBP9,3816,2416,0.254105,-0.170555,easy
DBP9,1190,2575,-0.11777,0.079545,easy
DBP9,2992,5558,-0.1084,0.19803500000000002,easy
DBP9,7054,182,-0.14532,0.01389,easy
DBP9,3101,6463,0.05917,-0.12017,easy
DBP9,1076,7626,0.0472,-0.169335,easy
DBP9,7316,4787,0.08912,-0.118725,easy
DBP9,1768,1064,-0.194605,0.161645,easy
DBP9,6557,5066,0.12522,-0.07816500000000001,easy
DBP9,3148,3942,0.078925,-0.17457,easy
DBP9,2354,7703,-0.132305,0.056335,easy
DBP9,6196,6274,0.260775,-0.119735,easy
DBP9,888,2188,0.354655,-0.037544999999999995,easy
DBP9,4324,7665,-0.11918999999999999,0.05446,easy
DBP9,4518,1786,-0.11973,0.065125,easy
DBP9,4153,6566,0.16842000000000001,-0.067335,easy
DBP9,2537,5647,0.023385000000000003,-0.16494,easy
DBP9,611,1376,-0.10330500000000001,0.083595,easy
DBP9,7682,1776,0.09045,-0.201455,easy
DBP9,1204,233,0.202415,-0.040095,easy
DBP9,1288,7060,0.119065,-0.16049,easy
DBP9,1270,8172,-0.12956499999999999,0.027725,easy
DBP9,4876,6187,-0.17163,0.034555,easy
DBP9,1066,1901,0.080545,-0.15872999999999998,easy
DBP9,1048,577,0.193235,-0.04549,easy
DBP9,3784,913,0.21388000000000001,-0.059135,easy
DBP9,4105,5391,-0.12636,0.125185,easy
DBP9,4388,163,-0.09119,0.12387500000000001,easy
DBP9,4677,1494,-0.15689999999999998,0.15248,easy
DBP9,4251,5048,-0.036785,0.22257,easy
DBP9,5201,2179,0.24117,-0.13436,easy
DBP9,6390,110,-0.15105,0.04091,easy
DBP9,5312,5998,-0.06265,0.18293500000000001,easy
DBP9,5267,7586,0.06021,-0.1303,easy
DBP9,3031,2345,0.049115,-0.29571000000000003,easy
DBP9,2294,4863,0.09472499999999999,-0.126255,easy
DBP9,6882,3848,0.30683499999999997,-0.053349999999999995,easy
DBP9,896,460,0.27078,-0.123655,easy
DBP9,1273,1914,-0.12435,0.07504,easy
DBP9,5766,925,-0.066385,0.179895,easy
DBP9,5244,4651,0.29358,-0.070135,easy
DBP9,7673,5301,0.138075,-0.094245,easy
DBP9,6913,1247,0.266155,-0.03134,easy
DBP9,333,5042,-0.104495,0.209735,easy
DBP9,7057,4199,0.00837,-0.20349499999999998,easy
DBP9,993,6433,0.07974,-0.1061,easy
DBP9,5208,1718,-0.16627999999999998,0.05483,easy
DBP9,5729,734,-0.034605,0.21081,easy
DBP9,1542,5846,0.09436,-0.13617,easy
DBP9,931,3281,0.107445,-0.19592500000000002,easy
DBP9,7267,3973,-0.1641,0.13724,easy
DBP9,5813,5077,0.090655,-0.14651,easy
DBP9,7796,6198,-0.210845,0.15714,easy
DBP9,6552,7737,0.089615,-0.121975,easy
DBP9,4720,7176,0.19752,-0.23252,easy
DBP9,5447,5926,-0.21892,0.070495,easy
DBP9,6145,2156,-0.12611,0.14711000000000002,easy
DBP9,533,3393,-0.152965,0.185635,easy
DBP9,7592,1291,0.02367,-0.131795,easy
DBP9,7213,959,-0.19048500000000002,0.076335,easy
DBP9,1021,3276,0.057855000000000004,-0.154725,easy
DBP9,7145,6121,-0.107385,0.07236999999999999,easy
DBP9,7549,6470,0.25584,-0.27193500000000004,easy
DBP9,4543,760,-0.10771,0.14399,easy
DBP9,2384,7104,0.027804999999999996,-0.139825,easy
DBP9,5786,7590,-0.12471,0.14444,easy
DBP9,4106,2266,-0.181745,0.10979,easy
DBP9,5901,1634,-0.18634499999999998,0.0025000000000000022,easy
DBP9,372,3322,-0.07219,0.22163,easy
DBP9,7940,7069,0.098235,-0.072485,easy
DBP9,2575,879,0.079545,-0.11962,easy
DBP9,3652,2112,0.04103,-0.136275,easy
DBP9,344,5026,0.05476,-0.1879,easy
DBP9,5586,4927,0.10688999999999999,-0.11341000000000001,easy
DBP9,3101,7976,0.05917,-0.20743,easy
DBP9,2971,2050,0.047825,-0.165635,easy
DBP9,2433,16,-0.156505,0.194475,easy
DBP9,2292,6265,-0.106735,0.116615,easy
DBP9,2554,904,0.030575000000000005,-0.17875000000000002,easy
DBP9,1487,4628,0.069515,-0.180085,easy
DBP9,6283,4718,0.11745,-0.09160499999999999,easy
DBP9,6357,2382,-0.015930000000000007,-0.243145,easy
DBP9,2901,7694,-0.059660000000000005,0.12713000000000002,easy
DBP9,7963,2595,-0.125215,0.090725,easy
DBP9,6054,767,-0.07960500000000001,0.08507500000000001,easy
DBP9,5506,2239,0.034445,-0.15866,easy
DBP9,7302,4582,0.26141000000000003,-0.089835,easy
DBP9,5084,1177,0.28543,-0.169595,easy
DBP9,5062,5122,-0.15226,0.303745,easy
DBP9,2502,2085,-0.15123,0.12662500000000002,easy
DBP9,990,4433,0.19971,-0.060105,easy
DBP9,3884,6395,0.18782,-0.11610999999999999,easy
DBP9,8042,7606,-0.100025,0.21302500000000002,easy
DBP9,5350,6430,0.095855,-0.163885,easy
DBP9,1640,5135,0.06637499999999999,-0.18788,easy
DBP9,7573,2290,0.38227,-0.086285,easy
DBP9,5180,5792,0.08295,-0.10533000000000001,easy
DBP9,3737,1674,0.12869,-0.06855,easy
DBP9,6808,966,-0.11343,0.062985,easy
DBP9,5545,2712,0.305135,-0.138835,easy
DBP9,2250,4982,-0.26253000000000004,0.040645,easy
DBP9,3075,1905,-0.14309,0.21787499999999999,easy
DBP9,5807,3890,-0.1476,0.20309,easy
DBP9,2082,2742,0.0319,-0.13063000000000002,easy
DBP9,3089,989,-0.08196999999999999,0.19427,easy
DBP9,7980,7631,-0.108195,0.280705,easy
DBP9,5083,3109,0.26733,-0.116455,easy
DBP9,5102,8022,-0.094225,0.15347,easy
DBP9,3978,1353,-0.088545,0.08551,easy
DBP9,4208,6925,-0.12019,0.12796,easy
DBP9,3803,4981,0.076035,-0.13469,easy
DBP9,2257,3704,0.176215,-0.10803,easy
DBP9,5107,4507,0.10974500000000001,-0.08272499999999999,easy
DBP9,7806,257,-0.158155,0.21265,easy
DBP9,3314,3850,-0.08918999999999999,0.07658,easy
DBP9,6382,5549,-0.137465,0.09042,easy
DBP9,5471,342,0.030105,-0.175705,easy
DBP9,4897,3026,-0.18266,0.05169,easy
DBP9,495,1010,-0.180175,0.01336,easy
DBP9,5946,6869,-0.0722,0.25541,easy
DBP9,5652,4799,-0.12422,0.052934999999999996,easy
DBP9,5784,7880,-0.19555499999999998,0.001445,easy
DBP9,6453,4878,0.091355,-0.08421999999999999,easy
DBP9,7435,1708,-0.19045499999999999,0.12623499999999999,easy
DBP9,3016,7228,0.036294999999999994,-0.128715,easy
DBP9,2369,8095,-0.15728,0.05051,easy
DBP9,1641,2077,0.320495,-0.123545,easy
DBP9,6393,878,-0.005555000000000001,-0.230825,easy
DBP9,3987,6659,-0.035895,0.22147,easy
DBP9,6229,4979,-0.05691,-0.16679,medium
DBP9,1394,3425,-0.090915,0.052035,medium
DBP9,3776,7234,0.103745,-0.036095,medium
DBP9,1264,944,-0.004589999999999999,0.184705,medium
DBP9,2703,7628,-0.12569000000000002,-0.018340000000000002,medium
DBP9,3126,3585,-0.02465,0.060015,medium
DBP9,3212,2441,-0.006865,-0.17534,medium
DBP9,6661,4535,0.097105,-0.033825,medium
DBP9,5265,5175,0.23531000000000002,0.021955,medium
DBP9,814,6905,0.224945,0.063085,medium
DBP9,5144,3186,0.10512,-0.057565000000000005,medium
DBP9,4874,2385,0.059795,-0.093215,medium
DBP9,8097,2221,0.259385,-0.010895,medium
DBP9,154,3877,-0.00681,0.10622000000000001,medium
DBP9,2630,2986,-0.044695,0.139145,medium
DBP9,4210,7514,0.01435,0.30249000000000004,medium
DBP9,8048,7848,-0.058965000000000004,0.001400000000000002,medium
DBP9,1252,1795,-0.008295,-0.085145,medium
DBP9,2411,6498,0.04885,0.28117499999999995,medium
DBP9,179,4237,0.089165,-0.03689,medium
DBP9,2763,3937,-0.08098999999999999,0.031155000000000002,medium
DBP9,2236,6877,-0.102375,-0.03669,medium
DBP9,680,358,-0.048159999999999994,0.059195000000000005,medium
DBP9,7058,2208,-0.087475,-0.17688500000000001,medium
DBP9,6562,2843,0.02309,-0.118025,medium
DBP9,2888,129,0.04226,0.18091000000000002,medium
DBP9,8109,2897,0.07625499999999999,-0.045925,medium
DBP9,4826,1643,0.01992,0.24471500000000002,medium
DBP9,7530,2040,-0.13078,-0.048685,medium
DBP9,6456,655,-0.11788000000000001,-0.026615,medium
DBP9,5066,5721,-0.07816500000000001,-0.00869,medium
DBP9,1627,4156,0.17353,0.003169999999999999,medium
DBP9,6978,4959,-0.15818500000000002,-0.02975,medium
DBP9,6124,7530,-0.029265,-0.13078,medium
DBP9,6618,4263,0.090485,0.001114999999999998,medium
DBP9,1524,1801,-0.067625,-0.19483,medium
DBP9,5670,314,-0.013685,0.139915,medium
DBP9,5509,5440,-0.01565,-0.1221,medium
DBP9,5029,6188,0.022295000000000002,-0.075365,medium
DBP9,1538,786,-0.052745,-0.12884,medium
DBP9,5211,5730,-0.048595,-0.12365999999999999,medium
DBP9,3614,5531,0.024825,0.13886500000000002,medium
DBP9,1418,3366,-0.012115,0.244785,medium
DBP9,1201,2848,0.04854,-0.07578499999999999,medium
DBP9,1789,6002,-0.21083000000000002,-0.097465,medium
DBP9,4336,4297,-0.045675,0.08046,medium
DBP9,6269,2971,0.174035,0.047825,medium
DBP9,5495,7626,-0.0329,-0.169335,medium
DBP9,739,4120,0.20697,0.029169999999999998,medium
DBP9,3092,1544,-0.078875,0.051430000000000003,medium
DBP9,8076,1658,-0.01582,0.19922,medium
DBP9,1669,605,0.053455,-0.067455,medium
DBP9,7197,3061,0.016055000000000003,0.117355,medium
DBP9,4814,340,0.13563999999999998,-0.013935000000000001,medium
DBP9,8122,5776,-0.06288,0.022949999999999998,medium
DBP9,133,5748,0.06708,-0.05957,medium
DBP9,912,2880,0.006059999999999998,-0.063105,medium
DBP9,1329,6812,-0.05423,0.112485,medium
DBP9,2865,5482,0.1648,-0.03334,medium
DBP9,2796,3298,0.175435,-0.0012150000000000077,medium
DBP9,5437,2452,0.04482,-0.07058,medium
DBP9,5146,8145,0.125775,0.02842,medium
DBP9,4403,7060,-0.075185,-0.16049,medium
DBP9,924,3301,-0.014605000000000003,-0.19813999999999998,medium
DBP9,5297,2984,0.005945000000000001,0.11194,medium
DBP9,739,4249,0.20697,-0.009625,medium
DBP9,3860,7942,-0.09992499999999999,0.010415,medium
DBP9,6651,5404,0.07299,-0.052905,medium
DBP9,4133,5067,-0.010195000000000003,-0.103895,medium
DBP9,2751,4669,-0.022054999999999998,0.300105,medium
DBP9,1171,3122,0.11429,-0.03519,medium
DBP9,7203,89,-0.12343,0.01244,medium
DBP9,3904,2937,0.24569,-0.022699999999999998,medium
DBP9,3688,4775,-0.16011,-0.08396,medium
DBP9,6628,2702,0.085375,-0.023565,medium
DBP9,3466,7287,-0.082985,-0.020545,medium
DBP9,7080,7559,0.05833000000000001,0.27614,medium
DBP9,3925,4318,0.00682,0.12678499999999998,medium
DBP9,7970,5052,0.014880000000000004,0.09809,medium
DBP9,5364,436,0.003765000000000001,0.31905,medium
DBP9,5833,699,-0.03701,-0.14334999999999998,medium
DBP9,2256,1438,0.00719,-0.105475,medium
DBP9,7225,5397,-0.06562,0.021285,medium
DBP9,2777,4334,0.05423,-0.0899,medium
DBP9,4523,160,-0.12595,-0.03426,medium
DBP9,6455,934,-0.04003,0.12538,medium
DBP9,7842,6172,-0.029539999999999997,0.061454999999999996,medium
DBP9,4109,7172,0.00684,-0.134845,medium
DBP9,3664,4726,-0.140875,-0.06245,medium
DBP9,3187,972,-0.05275,0.11637499999999999,medium
DBP9,7252,1799,-0.06462,-0.219775,medium
DBP9,7987,5077,-0.015680000000000003,-0.14651,medium
DBP9,2517,4363,-0.049415,0.03202,medium
DBP9,3191,1172,-0.00396,0.085895,medium
DBP9,7495,7310,-0.07172500000000001,0.037835,medium
DBP9,6304,306,0.120015,0.00255,medium
DBP9,6519,5408,0.13618,-0.043355,medium
DBP9,8153,1392,0.36712,0.05529,medium
DBP9,5464,5780,0.18819,-0.031314999999999996,medium
DBP9,5312,4347,-0.06265,-0.0034750000000000007,medium
DBP9,7780,8036,-0.07665999999999999,-0.180745,medium
DBP9,3402,4521,0.24207499999999998,0.0007600000000000003,medium
DBP9,4348,6817,-0.16335,-0.07197500000000001,medium
DBP9,3920,6820,-0.006835000000000001,-0.064885,medium
DBP9,7578,6999,0.030100000000000002,0.297655,medium
DBP9,1217,5582,-0.06886500000000001,0.032635,medium
DBP9,6209,4803,-0.026705,0.04149,medium
DBP9,7423,1181,0.122935,0.016649999999999998,medium
DBP9,1382,3750,0.032465,0.1476,medium
DBP9,4097,1300,0.0011249999999999993,-0.10882,medium
DBP9,4384,4969,-0.2027,-0.045910000000000006,medium
DBP9,2797,5222,0.122375,-0.004595000000000002,medium
DBP9,6369,7779,-0.15792499999999998,-0.05781,medium
DBP9,2255,7231,0.010755,-0.095805,medium
DBP9,1409,5001,0.042185,-0.05716500000000001,medium
DBP9,5402,2567,-0.064375,0.0027450000000000044,medium
DBP9,3067,1951,-0.07350999999999999,0.027675000000000005,medium
DBP9,913,2145,-0.059135,0.033510000000000005,medium
DBP9,2805,8125,-0.0018750000000000004,-0.08859500000000001,medium
DBP9,142,7426,-0.01682,0.08206,medium
DBP9,3119,1219,0.01016,0.22424500000000003,medium
DBP9,5635,7212,-0.035735,-0.22837000000000002,medium
DBP9,1749,2077,0.0046099999999999995,-0.123545,medium
DBP9,7760,5362,-0.07764,0.052254999999999996,medium
DBP9,4523,6537,-0.12595,-0.05062,medium
DBP9,4073,3669,-0.06855,0.06745999999999999,medium
DBP9,3688,1839,-0.16011,-0.083085,medium
DBP9,2160,5509,-0.09125,-0.01565,medium
DBP9,4064,3791,-0.012539999999999999,0.09682,medium
DBP9,5368,7040,-0.12419,0.00447,medium
DBP9,5724,619,-0.191325,-0.020695,medium
DBP9,1029,4055,-0.02565,-0.10458,medium
DBP9,4276,4293,0.083245,-0.018064999999999998,medium
DBP9,2988,65,0.140685,-0.0016100000000000003,medium
DBP9,5319,7157,0.13231,-0.005604999999999999,medium
DBP9,5452,7778,-0.047015,0.103175,medium
DBP9,5821,2084,-0.052629999999999996,-0.141075,medium
DBP9,7221,4266,-0.06935,0.06891499999999999,medium
DBP9,920,6031,-0.006719999999999999,-0.15843000000000002,medium
DBP9,4599,7820,-0.035565,-0.11835,medium
DBP9,6531,4750,0.02124,-0.06257,medium
DBP9,6275,4418,-0.156895,-0.03136,medium
DBP9,6085,2670,-0.009884999999999998,-0.09945999999999999,medium
DBP9,5058,4585,-0.159295,-0.03689,medium
DBP9,1090,2308,0.13118000000000002,-0.052430000000000004,medium
DBP9,7293,4894,0.015254999999999998,-0.10791,medium
DBP9,5226,2685,0.006650000000000003,0.10011,medium
DBP9,3481,5057,0.0070550000000000005,-0.070275,medium
DBP9,848,2408,0.13335,0.019440000000000002,medium
DBP9,1426,656,-0.04246,-0.14038499999999998,medium
DBP9,4913,1337,0.211385,-0.015424999999999998,medium
DBP9,6696,3141,-0.021765,-0.08743000000000001,medium
DBP9,1833,120,-0.070965,-0.16898,medium
DBP9,2812,5658,-0.102435,-0.012085,medium
DBP9,1109,3069,0.00016500000000000022,0.108255,medium
DBP9,4968,5413,-0.038675,0.06482,medium
DBP9,99,1352,0.06604,-0.03393,medium
DBP9,389,7573,0.057475000000000005,0.38227,medium
DBP9,372,886,-0.07219,0.08607000000000001,medium
DBP9,680,2546,-0.048159999999999994,-0.14858,medium
DBP9,1445,5851,-0.14506,-0.07426,medium
DBP9,4583,4383,-0.15141,0.0020850000000000035,medium
DBP9,2412,1054,-0.059969999999999996,0.073965,medium
DBP9,39,4973,-0.16055,-0.06175,medium
DBP9,6494,8152,0.017865,0.298585,medium
DBP9,7066,1169,0.0026700000000000005,0.259125,medium
DBP9,1871,6605,-0.063905,-0.23313,medium
DBP9,1886,5802,-0.118295,-0.028724999999999997,medium
DBP9,771,518,-0.025650000000000003,0.09533,medium
DBP9,4709,6378,0.35077,-0.01621,medium
DBP9,1905,4151,0.21787499999999999,0.03728,medium
DBP9,7150,1315,-0.16734,-0.028595,medium
DBP9,6742,827,-0.126865,-0.028820000000000002,medium
DBP9,7693,7568,0.09849,0.0036300000000000013,medium
DBP9,5328,1781,0.072575,-0.02156,medium
DBP9,6081,7725,0.14004,-0.049324999999999994,medium
DBP9,1426,4772,-0.04246,0.06242,medium
DBP9,6118,3770,-0.04639,0.096905,medium
DBP9,5560,3119,0.27313,0.01016,medium
DBP9,298,3320,0.115645,0.113885,hard
DBP9,4890,478,-0.10392000000000001,-0.054265,hard
DBP9,4408,4768,-0.13374,-0.14007999999999998,hard
DBP9,8080,1240,-0.054375,-0.07853,hard
DBP9,1963,1192,-0.016455,-0.01908,hard
DBP9,2098,7988,0.070515,0.079425,hard
DBP9,1961,6033,-0.04237,-0.078715,hard
DBP9,5657,2284,-0.024880000000000003,-0.04132,hard
DBP9,3665,7058,-0.048545000000000005,-0.087475,hard
DBP9,5570,4837,-0.02386,-0.01042,hard
DBP9,4397,6340,0.02256,-0.017490000000000002,hard
DBP9,278,2551,-0.01802,0.03672,hard
DBP9,7946,115,0.21215,0.076975,hard
DBP9,7031,3640,-0.10517,-0.1734,hard
DBP9,7955,7828,-0.08126,-0.07991999999999999,hard
DBP9,3777,6245,0.08698,0.012325,hard
DBP9,1590,6529,-0.145595,-0.21566000000000002,hard
DBP9,2063,7456,-0.061085,-0.089115,hard
DBP9,2167,984,0.037245,0.108735,hard
DBP9,7228,566,-0.128715,-0.111445,hard
DBP9,1832,3697,-0.12314499999999999,-0.143015,hard
DBP9,378,1340,-0.09068999999999999,-0.109075,hard
DBP9,2878,845,0.06431,0.010499999999999999,hard
DBP9,7921,5740,-0.00031999999999999997,0.05459,hard
DBP9,4743,7011,0.165295,0.093445,hard
DBP9,389,2445,0.057475000000000005,0.068185,hard
DBP9,7194,522,-0.100175,-0.09715499999999999,hard
DBP9,2906,5669,-0.12797,-0.12645,hard
DBP9,4869,7430,0.029535,0.10939499999999999,hard
DBP9,4349,5595,-0.20783000000000001,-0.182265,hard
DBP9,7037,8136,-0.044774999999999995,-0.04045,hard
DBP9,7077,5090,-0.043965,-0.092385,hard
DBP9,4463,4819,0.0008249999999999993,0.066745,hard
DBP9,7329,2211,-0.06419,-0.093275,hard
DBP9,1024,3762,0.106345,0.191885,hard
DBP9,3174,5506,0.01219,0.034445,hard
DBP9,3558,6848,0.037465,0.08555,hard
DBP9,4862,6918,-0.012855,0.024730000000000002,hard
DBP9,3979,728,-0.0968,-0.088585,hard
DBP9,5776,1687,0.022949999999999998,0.10165,hard
DBP9,8149,1113,0.06601,0.08434,hard
DBP9,7134,4197,-0.127955,-0.14931,hard
DBP9,4936,5117,-0.09492,-0.17379,hard
DBP9,3022,2392,0.056830000000000006,-0.004569999999999999,hard
DBP9,2587,5021,-0.08624,-0.16028,hard
DBP9,2831,1735,0.0018299999999999983,0.007464999999999999,hard
DBP9,5373,4811,0.04098,0.09525,hard
DBP9,1241,3122,-0.0011549999999999998,-0.03519,hard
DBP9,2652,3493,-0.166655,-0.18736999999999998,hard
DBP9,3987,3406,-0.035895,-0.047015,hard
DBP9,3259,2233,0.04711,-0.010474999999999998,hard
DBP9,7734,3310,0.06837,0.055035,hard
DBP9,2667,1299,-0.076795,-0.14241,hard
DBP9,4005,5253,-0.03868,-0.076555,hard
DBP9,7119,5612,-0.21681499999999998,-0.173645,hard
DBP9,4077,6143,-0.032985,0.0032499999999999994,hard
DBP9,3319,5808,-0.09281500000000001,-0.07335,hard
DBP9,7909,5524,-0.041389999999999996,-0.090905,hard
DBP9,6131,2949,0.024900000000000002,-0.02642,hard
DBP9,1953,3183,0.072855,0.011865,hard
DBP9,894,1723,-0.08967,-0.0758,hard
DBP9,6673,5451,0.175985,0.14583000000000002,hard
DBP9,313,19,0.049325,0.07422999999999999,hard
DBP9,5989,5774,-0.07323,-0.10226,hard
DBP9,5735,4023,0.0027099999999999997,-0.0211,hard
DBP9,457,1451,0.019365,-0.01174,hard
DBP9,2795,1429,-0.020895,-0.06712,hard
DBP9,4447,181,0.00258,-0.050155000000000005,hard
DBP9,1747,1412,-0.010675,0.021655,hard
DBP9,2891,7925,0.038355,0.129135,hard
DBP9,8125,4771,-0.08859500000000001,-0.040355,hard
DBP9,7158,1587,0.037655,-0.003134999999999999,hard
DBP9,2720,1362,0.06352000000000001,0.20254499999999998,hard
DBP9,259,3423,-0.02049,-0.0028150000000000002,hard
DBP9,5918,7754,0.11749499999999999,0.03423,hard
DBP9,1930,2755,0.028354999999999998,0.0061200000000000004,hard
DBP9,4602,1300,-0.12997,-0.10882,hard
DBP9,1707,2805,-0.017355000000000002,-0.0018750000000000004,hard
DBP9,6593,689,0.140735,0.075595,hard
DBP9,5815,7806,-0.119945,-0.158155,hard
DBP9,7388,1636,-0.051265,-0.02421,hard
DBP9,6536,6991,-0.023315,0.009974999999999998,hard
DBP9,798,1098,0.06567,0.032035,hard
DBP9,1874,2409,0.03207,-0.006964999999999999,hard
DBP9,6436,2239,-0.25111,-0.15866,hard
DBP9,1775,3834,0.053614999999999996,0.004579999999999999,hard
DBP9,4437,7971,-0.179525,-0.16525499999999999,hard
DBP9,5032,150,-0.061200000000000004,-0.05434,hard
DBP9,4725,3005,0.019055,0.08000499999999999,hard
DBP9,6415,948,0.09412000000000001,0.20637,hard
DBP9,3296,5090,-0.050955,-0.092385,hard
DBP9,5357,7955,-0.069525,-0.08126,hard
DBP9,7835,6834,-0.09446,-0.09599500000000001,hard
DBP9,7713,201,0.04488,0.10405500000000001,hard
DBP9,5350,6191,0.095855,0.04686,hard
DBP9,4825,986,0.36766,0.12028,hard
DBP9,7851,1952,-0.12015999999999999,-0.05949,hard
DBP9,225,7597,0.03304,0.09287000000000001,hard
DBP9,299,1019,-0.05899,-0.0201,hard
DBP9,7026,434,0.014090000000000002,-0.038764999999999994,hard
DBP9,5340,3833,0.07569999999999999,0.052085000000000006,hard
DBP9,3274,6775,0.007495,0.020545,hard
DBP9,1660,6212,-0.086655,-0.11492,hard
DBP9,5582,107,0.032635,-0.01346,hard
DBP9,7502,2900,0.05788,0.07169,hard
DBP9,6288,527,-0.11793500000000001,-0.07311000000000001,hard
DBP9,1034,5517,0.08554500000000001,0.049165,hard
DBP9,8173,3880,0.129375,0.11591,hard
DBP9,7355,4676,-0.063385,-0.05173,hard
DBP9,6996,1290,-0.06859499999999999,-0.016274999999999998,hard
DBP9,533,5947,-0.152965,-0.12017,hard
DBP9,6350,574,-0.167105,-0.111745,hard
DBP9,5333,1327,-0.10386000000000001,-0.18558000000000002,hard
DBP9,111,1525,0.078705,0.077105,hard
DBP9,4743,5771,0.165295,0.07155,hard
DBP9,3485,532,-0.039295,-0.03811500000000001,hard
DBP9,1554,3615,-0.122695,-0.13561499999999999,hard
DBP9,2607,5093,-0.07132,-0.07316,hard
DBP9,1408,3722,0.06321,0.089725,hard
DBP9,7773,2194,0.02622,-0.01601,hard
DBP9,469,2080,-0.10655500000000001,-0.05326,hard
DBP9,4060,284,-0.14206,-0.10772,hard
DBP9,1477,5482,-0.072235,-0.03334,hard
DBP9,4151,5616,0.03728,0.009970000000000007,hard
DBP9,854,6941,0.04319,0.066805,hard
DBP9,7274,1704,-0.08860499999999999,-0.08515500000000001,hard
DBP9,630,3615,-0.13434000000000001,-0.13561499999999999,hard
DBP9,1709,7248,0.10121,0.19952,hard
